{
"type": "FeatureCollection",
"name": "roads",
"crs": { "type": "name", "properties": { "name": "urn:ogc:def:crs:OGC:1.3:CRS84" } },
"features": [
{ "type": "Feature", "properties": { "u": 75617751, "v": 6646847595, "key": 0 }, "geometry": { "type": "LineString", "coordinates": [ [ 105.85322, 21.025471 ], [ 105.853413, 21.025405 ] ] } },
{ "type": "Feature", "properties": { "u": 75617751, "v": 8176640955, "key": 0 }, "geometry": { "type": "LineString", "coordinates": [ [ 105.85322, 21.025471 ], [ 105.853037, 21.025535 ] ] } },
{ "type": "Feature", "properties": { "u": 75617751, "v": 5857305437, "key": 0 }, "geometry": { "type": "LineString", "coordinates": [ [ 105.85322, 21.025471 ], [ 105.853267, 21.025679 ] ] } },
{ "type": "Feature", "properties": { "u": 75617760, "v": 13525869904, "key": 0 }, "geometry": { "type": "LineString", "coordinates": [ [ 105.851002, 21.031406 ], [ 105.850977, 21.031335 ], [ 105.850949, 21.031249 ], [ 105.85094, 21.031137 ], [ 105.850938, 21.031075 ], [ 105.850948, 21.031002 ] ] } },
{ "type": "Feature", "properties": { "u": 75617762, "v": 10584029097, "key": 0 }, "geometry": { "type": "LineString", "coordinates": [ [ 105.853065, 21.03163 ], [ 105.853012, 21.031645 ], [ 105.852968, 21.031654 ], [ 105.852904, 21.031664 ], [ 105.852823, 21.031676 ], [ 105.852478, 21.031718 ] ] } },
{ "type": "Feature", "properties": { "u": 75617762, "v": 13131093754, "key": 0 }, "geometry": { "type": "LineString", "coordinates": [ [ 105.853065, 21.03163 ], [ 105.853002, 21.031706 ], [ 105.85295, 21.031747 ], [ 105.852905, 21.03176 ], [ 105.852489, 21.031813 ] ] } },
{ "type": "Feature", "properties": { "u": 75617763, "v": 2218313053, "key": 0 }, "geometry": { "type": "LineString", "coordinates": [ [ 105.85388, 21.030288 ], [ 105.853916, 21.030766 ] ] } },
{ "type": "Feature", "properties": { "u": 75617763, "v": 2218313051, "key": 0 }, "geometry": { "type": "LineString", "coordinates": [ [ 105.85388, 21.030288 ], [ 105.853847, 21.030396 ], [ 105.85382, 21.030479 ], [ 105.853783, 21.030548 ], [ 105.853672, 21.030709 ] ] } },
{ "type": "Feature", "properties": { "u": 75618029, "v": 6646826309, "key": 0 }, "geometry": { "type": "LineString", "coordinates": [ [ 105.855151, 21.024916 ], [ 105.855005, 21.024953 ] ] } },
{ "type": "Feature", "properties": { "u": 75618029, "v": 8184202960, "key": 0 }, "geometry": { "type": "LineString", "coordinates": [ [ 105.855151, 21.024916 ], [ 105.855106, 21.024774 ] ] } },
{ "type": "Feature", "properties": { "u": 75618029, "v": 6646826311, "key": 0 }, "geometry": { "type": "LineString", "coordinates": [ [ 105.855151, 21.024916 ], [ 105.85529, 21.024881 ] ] } },
{ "type": "Feature", "properties": { "u": 75618721, "v": 12450568024, "key": 0 }, "geometry": { "type": "LineString", "coordinates": [ [ 105.851337, 21.0323 ], [ 105.851913, 21.03227 ] ] } },
{ "type": "Feature", "properties": { "u": 75618721, "v": 75619046, "key": 0 }, "geometry": { "type": "LineString", "coordinates": [ [ 105.851337, 21.0323 ], [ 105.851208, 21.032313 ], [ 105.850844, 21.032337 ], [ 105.850701, 21.032312 ] ] } },
{ "type": "Feature", "properties": { "u": 75618721, "v": 969250589, "key": 0 }, "geometry": { "type": "LineString", "coordinates": [ [ 105.851337, 21.0323 ], [ 105.851326, 21.03244 ], [ 105.85117, 21.032999 ] ] } },
{ "type": "Feature", "properties": { "u": 75619046, "v": 4023205757, "key": 0 }, "geometry": { "type": "LineString", "coordinates": [ [ 105.850701, 21.032312 ], [ 105.850731, 21.032215 ], [ 105.850877, 21.03176 ] ] } },
{ "type": "Feature", "properties": { "u": 75619046, "v": 75618721, "key": 0 }, "geometry": { "type": "LineString", "coordinates": [ [ 105.850701, 21.032312 ], [ 105.850844, 21.032337 ], [ 105.851208, 21.032313 ], [ 105.851337, 21.0323 ] ] } },
{ "type": "Feature", "properties": { "u": 75619046, "v": 322505298, "key": 0 }, "geometry": { "type": "LineString", "coordinates": [ [ 105.850701, 21.032312 ], [ 105.850593, 21.032266 ], [ 105.850471, 21.032188 ] ] } },
{ "type": "Feature", "properties": { "u": 81794043, "v": 309600684, "key": 0 }, "geometry": { "type": "LineString", "coordinates": [ [ 105.847472, 21.030455 ], [ 105.846937, 21.0315 ] ] } },
{ "type": "Feature", "properties": { "u": 81794511, "v": 317806969, "key": 0 }, "geometry": { "type": "LineString", "coordinates": [ [ 105.851896, 21.033079 ], [ 105.853019, 21.033042 ] ] } },
{ "type": "Feature", "properties": { "u": 81794511, "v": 969250589, "key": 0 }, "geometry": { "type": "LineString", "coordinates": [ [ 105.851896, 21.033079 ], [ 105.851843, 21.033101 ], [ 105.851527, 21.033102 ], [ 105.85149, 21.033085 ], [ 105.85117, 21.032999 ] ] } },
{ "type": "Feature", "properties": { "u": 81794511, "v": 12450568024, "key": 0 }, "geometry": { "type": "LineString", "coordinates": [ [ 105.851896, 21.033079 ], [ 105.851913, 21.032349 ], [ 105.851913, 21.03227 ] ] } },
{ "type": "Feature", "properties": { "u": 81817652, "v": 8324080738, "key": 0 }, "geometry": { "type": "LineString", "coordinates": [ [ 105.85717, 21.024518 ], [ 105.857272, 21.024651 ], [ 105.857505, 21.024911 ] ] } },
{ "type": "Feature", "properties": { "u": 81817652, "v": 4902374737, "key": 0 }, "geometry": { "type": "LineString", "coordinates": [ [ 105.85717, 21.024518 ], [ 105.85713, 21.024524 ], [ 105.857089, 21.024523 ], [ 105.857039, 21.024508 ], [ 105.856997, 21.02448 ] ] } },
{ "type": "Feature", "properties": { "u": 84782082, "v": 104825780, "key": 0 }, "geometry": { "type": "LineString", "coordinates": [ [ 105.847946, 21.033796 ], [ 105.847538, 21.033768 ], [ 105.847401, 21.033755 ], [ 105.847254, 21.033741 ] ] } },
{ "type": "Feature", "properties": { "u": 84782084, "v": 84783699, "key": 0 }, "geometry": { "type": "LineString", "coordinates": [ [ 105.846995, 21.03372 ], [ 105.846992, 21.033647 ], [ 105.846971, 21.033222 ], [ 105.846913, 21.032726 ], [ 105.846901, 21.03263 ] ] } },
{ "type": "Feature", "properties": { "u": 84783146, "v": 84782082, "key": 0 }, "geometry": { "type": "LineString", "coordinates": [ [ 105.847692, 21.032487 ], [ 105.847705, 21.032551 ], [ 105.847792, 21.033003 ], [ 105.847946, 21.033796 ] ] } },
{ "type": "Feature", "properties": { "u": 84783146, "v": 84783699, "key": 0 }, "geometry": { "type": "LineString", "coordinates": [ [ 105.847692, 21.032487 ], [ 105.847604, 21.032504 ], [ 105.847022, 21.032609 ], [ 105.846901, 21.03263 ] ] } },
{ "type": "Feature", "properties": { "u": 84783146, "v": 84783694, "key": 0 }, "geometry": { "type": "LineString", "coordinates": [ [ 105.847692, 21.032487 ], [ 105.847771, 21.032473 ], [ 105.847972, 21.032435 ], [ 105.848056, 21.032422 ] ] } },
{ "type": "Feature", "properties": { "u": 84783694, "v": 84783146, "key": 0 }, "geometry": { "type": "LineString", "coordinates": [ [ 105.848056, 21.032422 ], [ 105.847972, 21.032435 ], [ 105.847771, 21.032473 ], [ 105.847692, 21.032487 ] ] } },
{ "type": "Feature", "properties": { "u": 84783694, "v": 104766978, "key": 0 }, "geometry": { "type": "LineString", "coordinates": [ [ 105.848056, 21.032422 ], [ 105.848194, 21.032404 ], [ 105.848519, 21.032372 ] ] } },
{ "type": "Feature", "properties": { "u": 84783699, "v": 309600764, "key": 0 }, "geometry": { "type": "LineString", "coordinates": [ [ 105.846901, 21.03263 ], [ 105.846891, 21.03255 ], [ 105.846831, 21.032158 ], [ 105.84681, 21.032069 ], [ 105.846764, 21.031989 ] ] } },
{ "type": "Feature", "properties": { "u": 84783699, "v": 84782084, "key": 0 }, "geometry": { "type": "LineString", "coordinates": [ [ 105.846901, 21.03263 ], [ 105.846913, 21.032726 ], [ 105.846971, 21.033222 ], [ 105.846992, 21.033647 ], [ 105.846995, 21.03372 ] ] } },
{ "type": "Feature", "properties": { "u": 84783699, "v": 84783146, "key": 0 }, "geometry": { "type": "LineString", "coordinates": [ [ 105.846901, 21.03263 ], [ 105.847022, 21.032609 ], [ 105.847604, 21.032504 ], [ 105.847692, 21.032487 ] ] } },
{ "type": "Feature", "properties": { "u": 84786846, "v": 4116201075, "key": 0 }, "geometry": { "type": "LineString", "coordinates": [ [ 105.853394, 21.033822 ], [ 105.852698, 21.033877 ] ] } },
{ "type": "Feature", "properties": { "u": 84787075, "v": 6045788864, "key": 0 }, "geometry": { "type": "LineString", "coordinates": [ [ 105.854414, 21.033803 ], [ 105.854304, 21.0338 ], [ 105.853868, 21.03379 ] ] } },
{ "type": "Feature", "properties": { "u": 84787075, "v": 1497570487, "key": 0 }, "geometry": { "type": "LineString", "coordinates": [ [ 105.854414, 21.033803 ], [ 105.854418, 21.033725 ], [ 105.85446, 21.033041 ] ] } },
{ "type": "Feature", "properties": { "u": 84797193, "v": 104769017, "key": 0 }, "geometry": { "type": "LineString", "coordinates": [ [ 105.85533, 21.033885 ], [ 105.855234, 21.033879 ], [ 105.854813, 21.033831 ], [ 105.854768, 21.033826 ] ] } },
{ "type": "Feature", "properties": { "u": 84797193, "v": 12450416486, "key": 0 }, "geometry": { "type": "LineString", "coordinates": [ [ 105.85533, 21.033885 ], [ 105.855893, 21.03271 ], [ 105.855924, 21.032648 ] ] } },
{ "type": "Feature", "properties": { "u": 98009137, "v": 6644549175, "key": 0 }, "geometry": { "type": "LineString", "coordinates": [ [ 105.851322, 21.024719 ], [ 105.851486, 21.024671 ] ] } },
{ "type": "Feature", "properties": { "u": 98009137, "v": 8176640924, "key": 0 }, "geometry": { "type": "LineString", "coordinates": [ [ 105.851322, 21.024719 ], [ 105.851267, 21.024542 ] ] } },
{ "type": "Feature", "properties": { "u": 98009137, "v": 6644549176, "key": 0 }, "geometry": { "type": "LineString", "coordinates": [ [ 105.851322, 21.024719 ], [ 105.851186, 21.024757 ] ] } },
{ "type": "Feature", "properties": { "u": 98009339, "v": 8173724273, "key": 0 }, "geometry": { "type": "LineString", "coordinates": [ [ 105.85082, 21.023226 ], [ 105.851034, 21.023166 ] ] } },
{ "type": "Feature", "properties": { "u": 98009339, "v": 8173724248, "key": 0 }, "geometry": { "type": "LineString", "coordinates": [ [ 105.85082, 21.023226 ], [ 105.850622, 21.023283 ] ] } },
{ "type": "Feature", "properties": { "u": 98009579, "v": 6646949996, "key": 0 }, "geometry": { "type": "LineString", "coordinates": [ [ 105.850099, 21.026396 ], [ 105.850065, 21.026292 ] ] } },
{ "type": "Feature", "properties": { "u": 98009579, "v": 6646949995, "key": 0 }, "geometry": { "type": "LineString", "coordinates": [ [ 105.850099, 21.026396 ], [ 105.849967, 21.026433 ] ] } },
{ "type": "Feature", "properties": { "u": 98009579, "v": 103010880, "key": 0 }, "geometry": { "type": "LineString", "coordinates": [ [ 105.850099, 21.026396 ], [ 105.850127, 21.026475 ], [ 105.850299, 21.026969 ] ] } },
{ "type": "Feature", "properties": { "u": 98009580, "v": 6651678058, "key": 0 }, "geometry": { "type": "LineString", "coordinates": [ [ 105.849699, 21.025184 ], [ 105.849548, 21.025226 ] ] } },
{ "type": "Feature", "properties": { "u": 98009580, "v": 8176641007, "key": 0 }, "geometry": { "type": "LineString", "coordinates": [ [ 105.849699, 21.025184 ], [ 105.84974, 21.025311 ] ] } },
{ "type": "Feature", "properties": { "u": 98009580, "v": 6651678059, "key": 0 }, "geometry": { "type": "LineString", "coordinates": [ [ 105.849699, 21.025184 ], [ 105.849842, 21.025146 ] ] } },
{ "type": "Feature", "properties": { "u": 98009580, "v": 6651678060, "key": 0 }, "geometry": { "type": "LineString", "coordinates": [ [ 105.849699, 21.025184 ], [ 105.84964, 21.025008 ] ] } },
{ "type": "Feature", "properties": { "u": 98009581, "v": 6651584902, "key": 0 }, "geometry": { "type": "LineString", "coordinates": [ [ 105.849198, 21.023705 ], [ 105.849134, 21.023514 ] ] } },
{ "type": "Feature", "properties": { "u": 98009581, "v": 6651584903, "key": 0 }, "geometry": { "type": "LineString", "coordinates": [ [ 105.849198, 21.023705 ], [ 105.849018, 21.023742 ] ] } },
{ "type": "Feature", "properties": { "u": 98009581, "v": 6651584900, "key": 0 }, "geometry": { "type": "LineString", "coordinates": [ [ 105.849198, 21.023705 ], [ 105.849242, 21.02383 ] ] } },
{ "type": "Feature", "properties": { "u": 98009581, "v": 6651584901, "key": 0 }, "geometry": { "type": "LineString", "coordinates": [ [ 105.849198, 21.023705 ], [ 105.849347, 21.023677 ] ] } },
{ "type": "Feature", "properties": { "u": 98009663, "v": 6646949992, "key": 0 }, "geometry": { "type": "LineString", "coordinates": [ [ 105.847791, 21.027044 ], [ 105.847747, 21.026906 ] ] } },
{ "type": "Feature", "properties": { "u": 98009663, "v": 2218033249, "key": 0 }, "geometry": { "type": "LineString", "coordinates": [ [ 105.847791, 21.027044 ], [ 105.847807, 21.027223 ], [ 105.84781, 21.027793 ] ] } },
{ "type": "Feature", "properties": { "u": 98010039, "v": 8178544865, "key": 0 }, "geometry": { "type": "LineString", "coordinates": [ [ 105.84741, 21.025873 ], [ 105.847475, 21.026067 ] ] } },
{ "type": "Feature", "properties": { "u": 98010039, "v": 8176641011, "key": 0 }, "geometry": { "type": "LineString", "coordinates": [ [ 105.84741, 21.025873 ], [ 105.847536, 21.025832 ] ] } },
{ "type": "Feature", "properties": { "u": 98010039, "v": 8178544863, "key": 0 }, "geometry": { "type": "LineString", "coordinates": [ [ 105.84741, 21.025873 ], [ 105.847241, 21.025909 ] ] } },
{ "type": "Feature", "properties": { "u": 98010040, "v": 6689685036, "key": 0 }, "geometry": { "type": "LineString", "coordinates": [ [ 105.852933, 21.024251 ], [ 105.852806, 21.024288 ] ] } },
{ "type": "Feature", "properties": { "u": 98010040, "v": 8178544891, "key": 0 }, "geometry": { "type": "LineString", "coordinates": [ [ 105.852933, 21.024251 ], [ 105.852969, 21.024401 ] ] } },
{ "type": "Feature", "properties": { "u": 98010040, "v": 6689685037, "key": 0 }, "geometry": { "type": "LineString", "coordinates": [ [ 105.852933, 21.024251 ], [ 105.853081, 21.024205 ] ] } },
{ "type": "Feature", "properties": { "u": 98010042, "v": 6684786558, "key": 0 }, "geometry": { "type": "LineString", "coordinates": [ [ 105.854755, 21.023716 ], [ 105.85494, 21.02366 ] ] } },
{ "type": "Feature", "properties": { "u": 98010042, "v": 8184202934, "key": 0 }, "geometry": { "type": "LineString", "coordinates": [ [ 105.854755, 21.023716 ], [ 105.854708, 21.023583 ] ] } },
{ "type": "Feature", "properties": { "u": 98010042, "v": 11379754649, "key": 0 }, "geometry": { "type": "LineString", "coordinates": [ [ 105.854755, 21.023716 ], [ 105.854577, 21.023767 ] ] } },
{ "type": "Feature", "properties": { "u": 98010332, "v": 6644906347, "key": 0 }, "geometry": { "type": "LineString", "coordinates": [ [ 105.855825, 21.027018 ], [ 105.855645, 21.027038 ] ] } },
{ "type": "Feature", "properties": { "u": 98010332, "v": 10146964676, "key": 0 }, "geometry": { "type": "LineString", "coordinates": [ [ 105.855825, 21.027018 ], [ 105.855748, 21.026759 ] ] } },
{ "type": "Feature", "properties": { "u": 98010333, "v": 11443758456, "key": 0 }, "geometry": { "type": "LineString", "coordinates": [ [ 105.855551, 21.026152 ], [ 105.855699, 21.02611 ] ] } },
{ "type": "Feature", "properties": { "u": 98010333, "v": 8184606240, "key": 0 }, "geometry": { "type": "LineString", "coordinates": [ [ 105.855551, 21.026152 ], [ 105.85552, 21.026056 ] ] } },
{ "type": "Feature", "properties": { "u": 98012401, "v": 8176641087, "key": 0 }, "geometry": { "type": "LineString", "coordinates": [ [ 105.846901, 21.024392 ], [ 105.846783, 21.024047 ] ] } },
{ "type": "Feature", "properties": { "u": 98012401, "v": 6651584908, "key": 0 }, "geometry": { "type": "LineString", "coordinates": [ [ 105.846901, 21.024392 ], [ 105.847146, 21.024051 ] ] } },
{ "type": "Feature", "properties": { "u": 98012401, "v": 6651584909, "key": 0 }, "geometry": { "type": "LineString", "coordinates": [ [ 105.846901, 21.024392 ], [ 105.847274, 21.024282 ] ] } },
{ "type": "Feature", "properties": { "u": 98012401, "v": 11112265411, "key": 0 }, "geometry": { "type": "LineString", "coordinates": [ [ 105.846901, 21.024392 ], [ 105.846866, 21.024403 ] ] } },
{ "type": "Feature", "properties": { "u": 98012401, "v": 13108988549, "key": 0 }, "geometry": { "type": "LineString", "coordinates": [ [ 105.846901, 21.024392 ], [ 105.846869, 21.024411 ] ] } },
{ "type": "Feature", "properties": { "u": 102983975, "v": 309642113, "key": 0 }, "geometry": { "type": "LineString", "coordinates": [ [ 105.85655, 21.029024 ], [ 105.85556, 21.028962 ], [ 105.855438, 21.02895 ] ] } },
{ "type": "Feature", "properties": { "u": 102983975, "v": 271745504, "key": 0 }, "geometry": { "type": "LineString", "coordinates": [ [ 105.85655, 21.029024 ], [ 105.856663, 21.029032 ], [ 105.856921, 21.029063 ] ] } },
{ "type": "Feature", "properties": { "u": 102983975, "v": 1813639929, "key": 0 }, "geometry": { "type": "LineString", "coordinates": [ [ 105.85655, 21.029024 ], [ 105.856594, 21.02912 ], [ 105.856712, 21.029579 ] ] } },
{ "type": "Feature", "properties": { "u": 102984264, "v": 6600251034, "key": 0 }, "geometry": { "type": "LineString", "coordinates": [ [ 105.857538, 21.029131 ], [ 105.857796, 21.028661 ] ] } },
{ "type": "Feature", "properties": { "u": 102984264, "v": 271745504, "key": 0 }, "geometry": { "type": "LineString", "coordinates": [ [ 105.857538, 21.029131 ], [ 105.857415, 21.029118 ], [ 105.857074, 21.029081 ], [ 105.856921, 21.029063 ] ] } },
{ "type": "Feature", "properties": { "u": 102984602, "v": 6417628903, "key": 0 }, "geometry": { "type": "LineString", "coordinates": [ [ 105.856711, 21.029765 ], [ 105.856654, 21.029867 ], [ 105.856206, 21.030715 ] ] } },
{ "type": "Feature", "properties": { "u": 102984602, "v": 12617861536, "key": 0 }, "geometry": { "type": "LineString", "coordinates": [ [ 105.856711, 21.029765 ], [ 105.856631, 21.029782 ], [ 105.856579, 21.029778 ], [ 105.856522, 21.029772 ], [ 105.856528, 21.029645 ] ] } },
{ "type": "Feature", "properties": { "u": 102985443, "v": 6689598086, "key": 0 }, "geometry": { "type": "LineString", "coordinates": [ [ 105.858025, 21.025506 ], [ 105.85795, 21.025487 ] ] } },
{ "type": "Feature", "properties": { "u": 102985443, "v": 6689595582, "key": 0 }, "geometry": { "type": "LineString", "coordinates": [ [ 105.858025, 21.025506 ], [ 105.857843, 21.02607 ] ] } },
{ "type": "Feature", "properties": { "u": 102985443, "v": 6689598085, "key": 0 }, "geometry": { "type": "LineString", "coordinates": [ [ 105.858025, 21.025506 ], [ 105.857974, 21.025404 ] ] } },
{ "type": "Feature", "properties": { "u": 102985443, "v": 5704382340, "key": 0 }, "geometry": { "type": "LineString", "coordinates": [ [ 105.858025, 21.025506 ], [ 105.858111, 21.025227 ] ] } },
{ "type": "Feature", "properties": { "u": 102985688, "v": 6662487549, "key": 0 }, "geometry": { "type": "LineString", "coordinates": [ [ 105.856614, 21.023156 ], [ 105.856457, 21.023206 ] ] } },
{ "type": "Feature", "properties": { "u": 102985688, "v": 6662487547, "key": 0 }, "geometry": { "type": "LineString", "coordinates": [ [ 105.856614, 21.023156 ], [ 105.856765, 21.023109 ] ] } },
{ "type": "Feature", "properties": { "u": 102985688, "v": 6662487548, "key": 0 }, "geometry": { "type": "LineString", "coordinates": [ [ 105.856614, 21.023156 ], [ 105.856673, 21.023318 ] ] } },
{ "type": "Feature", "properties": { "u": 103010880, "v": 5703662598, "key": 0 }, "geometry": { "type": "LineString", "coordinates": [ [ 105.850299, 21.026969 ], [ 105.850109, 21.027477 ] ] } },
{ "type": "Feature", "properties": { "u": 103010880, "v": 1497570400, "key": 0 }, "geometry": { "type": "LineString", "coordinates": [ [ 105.850299, 21.026969 ], [ 105.850543, 21.026341 ], [ 105.850573, 21.026262 ] ] } },
{ "type": "Feature", "properties": { "u": 103010881, "v": 11197639570, "key": 0 }, "geometry": { "type": "LineString", "coordinates": [ [ 105.849575, 21.028863 ], [ 105.849518, 21.029001 ] ] } },
{ "type": "Feature", "properties": { "u": 103010881, "v": 11832076984, "key": 0 }, "geometry": { "type": "LineString", "coordinates": [ [ 105.849575, 21.028863 ], [ 105.849644, 21.028912 ], [ 105.850272, 21.029099 ] ] } },
{ "type": "Feature", "properties": { "u": 103010881, "v": 12404456174, "key": 0 }, "geometry": { "type": "LineString", "coordinates": [ [ 105.849575, 21.028863 ], [ 105.849519, 21.028811 ], [ 105.849371, 21.028737 ] ] } },
{ "type": "Feature", "properties": { "u": 103010884, "v": 103010886, "key": 0 }, "geometry": { "type": "LineString", "coordinates": [ [ 105.849175, 21.029779 ], [ 105.848856, 21.030568 ] ] } },
{ "type": "Feature", "properties": { "u": 103010884, "v": 4023283637, "key": 0 }, "geometry": { "type": "LineString", "coordinates": [ [ 105.849175, 21.029779 ], [ 105.848766, 21.029592 ] ] } },
{ "type": "Feature", "properties": { "u": 103010886, "v": 103010952, "key": 0 }, "geometry": { "type": "LineString", "coordinates": [ [ 105.848856, 21.030568 ], [ 105.8478, 21.030018 ], [ 105.847721, 21.029978 ] ] } },
{ "type": "Feature", "properties": { "u": 103010886, "v": 103012143, "key": 0 }, "geometry": { "type": "LineString", "coordinates": [ [ 105.848856, 21.030568 ], [ 105.848687, 21.030981 ], [ 105.848654, 21.031059 ] ] } },
{ "type": "Feature", "properties": { "u": 103010952, "v": 81794043, "key": 0 }, "geometry": { "type": "LineString", "coordinates": [ [ 105.847721, 21.029978 ], [ 105.847472, 21.030455 ] ] } },
{ "type": "Feature", "properties": { "u": 103011356, "v": 11433601785, "key": 0 }, "geometry": { "type": "LineString", "coordinates": [ [ 105.847795, 21.029154 ], [ 105.847785, 21.02977 ] ] } },
{ "type": "Feature", "properties": { "u": 103011356, "v": 322505474, "key": 0 }, "geometry": { "type": "LineString", "coordinates": [ [ 105.847795, 21.029154 ], [ 105.84827, 21.029361 ] ] } },
{ "type": "Feature", "properties": { "u": 103011363, "v": 6591434569, "key": 0 }, "geometry": { "type": "LineString", "coordinates": [ [ 105.850593, 21.029196 ], [ 105.850644, 21.029084 ], [ 105.850682, 21.029001 ] ] } },
{ "type": "Feature", "properties": { "u": 103011363, "v": 11832076984, "key": 0 }, "geometry": { "type": "LineString", "coordinates": [ [ 105.850593, 21.029196 ], [ 105.850511, 21.02917 ], [ 105.850272, 21.029099 ] ] } },
{ "type": "Feature", "properties": { "u": 103011372, "v": 309601310, "key": 0 }, "geometry": { "type": "LineString", "coordinates": [ [ 105.849138, 21.031316 ], [ 105.849198, 21.031221 ], [ 105.849729, 21.030503 ], [ 105.850135, 21.029978 ], [ 105.850197, 21.029898 ] ] } },
{ "type": "Feature", "properties": { "u": 103011372, "v": 103012143, "key": 0 }, "geometry": { "type": "LineString", "coordinates": [ [ 105.849138, 21.031316 ], [ 105.849046, 21.031268 ], [ 105.848766, 21.031116 ], [ 105.848654, 21.031059 ] ] } },
{ "type": "Feature", "properties": { "u": 103012142, "v": 6581795464, "key": 0 }, "geometry": { "type": "LineString", "coordinates": [ [ 105.848202, 21.032069 ], [ 105.847766, 21.031959 ], [ 105.84757, 21.0319 ] ] } },
{ "type": "Feature", "properties": { "u": 103012142, "v": 84783694, "key": 0 }, "geometry": { "type": "LineString", "coordinates": [ [ 105.848202, 21.032069 ], [ 105.848101, 21.032306 ], [ 105.848056, 21.032422 ] ] } },
{ "type": "Feature", "properties": { "u": 103012143, "v": 103012142, "key": 0 }, "geometry": { "type": "LineString", "coordinates": [ [ 105.848654, 21.031059 ], [ 105.848611, 21.031156 ], [ 105.848202, 21.032069 ] ] } },
{ "type": "Feature", "properties": { "u": 103012143, "v": 321989159, "key": 0 }, "geometry": { "type": "LineString", "coordinates": [ [ 105.848654, 21.031059 ], [ 105.8486, 21.031033 ], [ 105.848137, 21.030804 ] ] } },
{ "type": "Feature", "properties": { "u": 104763597, "v": 6644523693, "key": 0 }, "geometry": { "type": "LineString", "coordinates": [ [ 105.851164, 21.027873 ], [ 105.851193, 21.027738 ] ] } },
{ "type": "Feature", "properties": { "u": 104763597, "v": 6644656681, "key": 0 }, "geometry": { "type": "LineString", "coordinates": [ [ 105.851164, 21.027873 ], [ 105.851269, 21.02776 ] ] } },
{ "type": "Feature", "properties": { "u": 104766947, "v": 4023258092, "key": 0 }, "geometry": { "type": "LineString", "coordinates": [ [ 105.850262, 21.033105 ], [ 105.850217, 21.033086 ], [ 105.850116, 21.033042 ], [ 105.850039, 21.033009 ], [ 105.849973, 21.03298 ] ] } },
{ "type": "Feature", "properties": { "u": 104766947, "v": 75619046, "key": 0 }, "geometry": { "type": "LineString", "coordinates": [ [ 105.850262, 21.033105 ], [ 105.850641, 21.032426 ], [ 105.850701, 21.032312 ] ] } },
{ "type": "Feature", "properties": { "u": 104766978, "v": 4023258092, "key": 0 }, "geometry": { "type": "LineString", "coordinates": [ [ 105.848519, 21.032372 ], [ 105.848598, 21.032395 ], [ 105.848628, 21.032404 ], [ 105.848647, 21.032412 ], [ 105.848701, 21.032435 ], [ 105.84873, 21.032447 ], [ 105.848761, 21.03246 ], [ 105.848811, 21.032482 ], [ 105.848854, 21.032501 ], [ 105.84891, 21.032525 ], [ 105.849058, 21.032588 ], [ 105.849118, 21.032614 ], [ 105.849158, 21.032631 ], [ 105.84919, 21.032645 ], [ 105.849226, 21.03266 ], [ 105.849256, 21.032673 ], [ 105.849284, 21.032685 ], [ 105.849331, 21.032705 ], [ 105.849357, 21.032716 ], [ 105.849376, 21.032725 ], [ 105.849396, 21.032733 ], [ 105.849428, 21.032747 ], [ 105.849452, 21.032758 ], [ 105.849479, 21.032769 ], [ 105.849507, 21.032781 ], [ 105.849534, 21.032793 ], [ 105.849568, 21.032808 ], [ 105.849581, 21.032813 ], [ 105.84963, 21.032834 ], [ 105.849653, 21.032844 ], [ 105.849682, 21.032856 ], [ 105.849708, 21.032867 ], [ 105.849743, 21.032882 ], [ 105.849798, 21.032906 ], [ 105.849841, 21.032926 ], [ 105.849875, 21.032939 ], [ 105.849918, 21.032957 ], [ 105.849955, 21.032973 ], [ 105.849973, 21.03298 ] ] } },
{ "type": "Feature", "properties": { "u": 104766978, "v": 4023216765, "key": 0 }, "geometry": { "type": "LineString", "coordinates": [ [ 105.848519, 21.032372 ], [ 105.84859, 21.032238 ], [ 105.848877, 21.031753 ] ] } },
{ "type": "Feature", "properties": { "u": 104766978, "v": 84783694, "key": 0 }, "geometry": { "type": "LineString", "coordinates": [ [ 105.848519, 21.032372 ], [ 105.848194, 21.032404 ], [ 105.848056, 21.032422 ] ] } },
{ "type": "Feature", "properties": { "u": 104768131, "v": 11335293279, "key": 0 }, "geometry": { "type": "LineString", "coordinates": [ [ 105.854568, 21.031433 ], [ 105.854591, 21.031369 ], [ 105.854752, 21.030883 ], [ 105.85495, 21.030293 ] ] } },
{ "type": "Feature", "properties": { "u": 104768131, "v": 104769393, "key": 0 }, "geometry": { "type": "LineString", "coordinates": [ [ 105.854568, 21.031433 ], [ 105.854434, 21.031422 ], [ 105.853909, 21.031399 ] ] } },
{ "type": "Feature", "properties": { "u": 104768131, "v": 6600677543, "key": 0 }, "geometry": { "type": "LineString", "coordinates": [ [ 105.854568, 21.031433 ], [ 105.85469, 21.031425 ], [ 105.855719, 21.031304 ], [ 105.855826, 21.031292 ] ] } },
{ "type": "Feature", "properties": { "u": 104769017, "v": 84787075, "key": 0 }, "geometry": { "type": "LineString", "coordinates": [ [ 105.854768, 21.033826 ], [ 105.854682, 21.033822 ], [ 105.85462, 21.033818 ], [ 105.854512, 21.03381 ], [ 105.854414, 21.033803 ] ] } },
{ "type": "Feature", "properties": { "u": 104769393, "v": 6403391495, "key": 0 }, "geometry": { "type": "LineString", "coordinates": [ [ 105.853909, 21.031399 ], [ 105.853825, 21.031385 ] ] } },
{ "type": "Feature", "properties": { "u": 104769393, "v": 12450568022, "key": 0 }, "geometry": { "type": "LineString", "coordinates": [ [ 105.853909, 21.031399 ], [ 105.853834, 21.032097 ], [ 105.853828, 21.032193 ] ] } },
{ "type": "Feature", "properties": { "u": 104769587, "v": 5408109025, "key": 0 }, "geometry": { "type": "LineString", "coordinates": [ [ 105.85652, 21.031324 ], [ 105.856747, 21.030865 ] ] } },
{ "type": "Feature", "properties": { "u": 104769587, "v": 6600677543, "key": 0 }, "geometry": { "type": "LineString", "coordinates": [ [ 105.85652, 21.031324 ], [ 105.856402, 21.031314 ], [ 105.855967, 21.031265 ], [ 105.855826, 21.031292 ] ] } },
{ "type": "Feature", "properties": { "u": 104825780, "v": 84782084, "key": 0 }, "geometry": { "type": "LineString", "coordinates": [ [ 105.847254, 21.033741 ], [ 105.847134, 21.033731 ], [ 105.847095, 21.033728 ], [ 105.846995, 21.03372 ] ] } },
{ "type": "Feature", "properties": { "u": 271745504, "v": 6600308999, "key": 0 }, "geometry": { "type": "LineString", "coordinates": [ [ 105.856921, 21.029063 ], [ 105.856958, 21.028975 ] ] } },
{ "type": "Feature", "properties": { "u": 271745504, "v": 12976494429, "key": 0 }, "geometry": { "type": "LineString", "coordinates": [ [ 105.856921, 21.029063 ], [ 105.856908, 21.029134 ], [ 105.85687, 21.029254 ] ] } },
{ "type": "Feature", "properties": { "u": 271745504, "v": 102983975, "key": 0 }, "geometry": { "type": "LineString", "coordinates": [ [ 105.856921, 21.029063 ], [ 105.856663, 21.029032 ], [ 105.85655, 21.029024 ] ] } },
{ "type": "Feature", "properties": { "u": 271745504, "v": 102984264, "key": 0 }, "geometry": { "type": "LineString", "coordinates": [ [ 105.856921, 21.029063 ], [ 105.857074, 21.029081 ], [ 105.857415, 21.029118 ], [ 105.857538, 21.029131 ] ] } },
{ "type": "Feature", "properties": { "u": 309597635, "v": 5405026114, "key": 0 }, "geometry": { "type": "LineString", "coordinates": [ [ 105.853563, 21.027331 ], [ 105.853609, 21.027617 ] ] } },
{ "type": "Feature", "properties": { "u": 309597639, "v": 8184606216, "key": 0 }, "geometry": { "type": "LineString", "coordinates": [ [ 105.855312, 21.025409 ], [ 105.855178, 21.025455 ] ] } },
{ "type": "Feature", "properties": { "u": 309597639, "v": 8184606236, "key": 0 }, "geometry": { "type": "LineString", "coordinates": [ [ 105.855312, 21.025409 ], [ 105.85528, 21.025313 ] ] } },
{ "type": "Feature", "properties": { "u": 309597640, "v": 8184606216, "key": 0 }, "geometry": { "type": "LineString", "coordinates": [ [ 105.854557, 21.025672 ], [ 105.855178, 21.025455 ] ] } },
{ "type": "Feature", "properties": { "u": 309597640, "v": 10555858433, "key": 0 }, "geometry": { "type": "LineString", "coordinates": [ [ 105.854557, 21.025672 ], [ 105.853517, 21.026028 ] ] } },
{ "type": "Feature", "properties": { "u": 309597640, "v": 10142026278, "key": 0 }, "geometry": { "type": "LineString", "coordinates": [ [ 105.854557, 21.025672 ], [ 105.854534, 21.025589 ] ] } },
{ "type": "Feature", "properties": { "u": 309597644, "v": 11217220367, "key": 0 }, "geometry": { "type": "LineString", "coordinates": [ [ 105.853648, 21.02789 ], [ 105.853811, 21.027868 ] ] } },
{ "type": "Feature", "properties": { "u": 309597644, "v": 9966237358, "key": 0 }, "geometry": { "type": "LineString", "coordinates": [ [ 105.853648, 21.02789 ], [ 105.8537, 21.028249 ] ] } },
{ "type": "Feature", "properties": { "u": 309597650, "v": 6689695903, "key": 0 }, "geometry": { "type": "LineString", "coordinates": [ [ 105.857331, 21.027737 ], [ 105.857228, 21.027736 ] ] } },
{ "type": "Feature", "properties": { "u": 309597650, "v": 6689695905, "key": 0 }, "geometry": { "type": "LineString", "coordinates": [ [ 105.857331, 21.027737 ], [ 105.857411, 21.027726 ] ] } },
{ "type": "Feature", "properties": { "u": 309597650, "v": 6689695902, "key": 0 }, "geometry": { "type": "LineString", "coordinates": [ [ 105.857331, 21.027737 ], [ 105.857367, 21.027611 ] ] } },
{ "type": "Feature", "properties": { "u": 309597650, "v": 6689695904, "key": 0 }, "geometry": { "type": "LineString", "coordinates": [ [ 105.857331, 21.027737 ], [ 105.857306, 21.027823 ] ] } },
{ "type": "Feature", "properties": { "u": 309597651, "v": 10586767858, "key": 0 }, "geometry": { "type": "LineString", "coordinates": [ [ 105.858133, 21.027937 ], [ 105.858025, 21.027893 ] ] } },
{ "type": "Feature", "properties": { "u": 309597692, "v": 6662423011, "key": 0 }, "geometry": { "type": "LineString", "coordinates": [ [ 105.856463, 21.025904 ], [ 105.856585, 21.025903 ] ] } },
{ "type": "Feature", "properties": { "u": 309597692, "v": 11443758448, "key": 0 }, "geometry": { "type": "LineString", "coordinates": [ [ 105.856463, 21.025904 ], [ 105.856366, 21.025928 ] ] } },
{ "type": "Feature", "properties": { "u": 309597692, "v": 6662423009, "key": 0 }, "geometry": { "type": "LineString", "coordinates": [ [ 105.856463, 21.025904 ], [ 105.856409, 21.026076 ] ] } },
{ "type": "Feature", "properties": { "u": 309597696, "v": 6689595583, "key": 0 }, "geometry": { "type": "LineString", "coordinates": [ [ 105.857815, 21.026183 ], [ 105.857905, 21.026205 ] ] } },
{ "type": "Feature", "properties": { "u": 309597696, "v": 6689595581, "key": 0 }, "geometry": { "type": "LineString", "coordinates": [ [ 105.857815, 21.026183 ], [ 105.857701, 21.026153 ] ] } },
{ "type": "Feature", "properties": { "u": 309597696, "v": 6689595582, "key": 0 }, "geometry": { "type": "LineString", "coordinates": [ [ 105.857815, 21.026183 ], [ 105.857843, 21.02607 ] ] } },
{ "type": "Feature", "properties": { "u": 309597696, "v": 6689595584, "key": 0 }, "geometry": { "type": "LineString", "coordinates": [ [ 105.857815, 21.026183 ], [ 105.857794, 21.026259 ] ] } },
{ "type": "Feature", "properties": { "u": 309600684, "v": 81794043, "key": 0 }, "geometry": { "type": "LineString", "coordinates": [ [ 105.846937, 21.0315 ], [ 105.847472, 21.030455 ] ] } },
{ "type": "Feature", "properties": { "u": 309600684, "v": 13809700094, "key": 0 }, "geometry": { "type": "LineString", "coordinates": [ [ 105.846937, 21.0315 ], [ 105.846904, 21.031584 ], [ 105.846871, 21.03164 ], [ 105.846831, 21.031662 ] ] } },
{ "type": "Feature", "properties": { "u": 309600764, "v": 6658825791, "key": 0 }, "geometry": { "type": "LineString", "coordinates": [ [ 105.846764, 21.031989 ], [ 105.846782, 21.03166 ] ] } },
{ "type": "Feature", "properties": { "u": 309600764, "v": 84783699, "key": 0 }, "geometry": { "type": "LineString", "coordinates": [ [ 105.846764, 21.031989 ], [ 105.84681, 21.032069 ], [ 105.846831, 21.032158 ], [ 105.846891, 21.03255 ], [ 105.846901, 21.03263 ] ] } },
{ "type": "Feature", "properties": { "u": 309601293, "v": 6644523700, "key": 0 }, "geometry": { "type": "LineString", "coordinates": [ [ 105.851061, 21.030494 ], [ 105.85111, 21.030311 ] ] } },
{ "type": "Feature", "properties": { "u": 309601293, "v": 4023205753, "key": 0 }, "geometry": { "type": "LineString", "coordinates": [ [ 105.851061, 21.030494 ], [ 105.85101, 21.030453 ], [ 105.850698, 21.030236 ] ] } },
{ "type": "Feature", "properties": { "u": 309601310, "v": 103011363, "key": 0 }, "geometry": { "type": "LineString", "coordinates": [ [ 105.850197, 21.029898 ], [ 105.850273, 21.029797 ], [ 105.850302, 21.029746 ], [ 105.850406, 21.029587 ], [ 105.850593, 21.029196 ] ] } },
{ "type": "Feature", "properties": { "u": 309601310, "v": 4023205753, "key": 0 }, "geometry": { "type": "LineString", "coordinates": [ [ 105.850197, 21.029898 ], [ 105.850293, 21.029966 ], [ 105.850698, 21.030236 ] ] } },
{ "type": "Feature", "properties": { "u": 309642113, "v": 6644282408, "key": 0 }, "geometry": { "type": "LineString", "coordinates": [ [ 105.855438, 21.02895 ], [ 105.855481, 21.028846 ] ] } },
{ "type": "Feature", "properties": { "u": 309642113, "v": 11348293010, "key": 0 }, "geometry": { "type": "LineString", "coordinates": [ [ 105.855438, 21.02895 ], [ 105.855326, 21.02894 ] ] } },
{ "type": "Feature", "properties": { "u": 309642113, "v": 102983975, "key": 0 }, "geometry": { "type": "LineString", "coordinates": [ [ 105.855438, 21.02895 ], [ 105.85556, 21.028962 ], [ 105.85655, 21.029024 ] ] } },
{ "type": "Feature", "properties": { "u": 309642117, "v": 11348293011, "key": 0 }, "geometry": { "type": "LineString", "coordinates": [ [ 105.85379, 21.028799 ], [ 105.853909, 21.028809 ] ] } },
{ "type": "Feature", "properties": { "u": 309642117, "v": 75617763, "key": 0 }, "geometry": { "type": "LineString", "coordinates": [ [ 105.85379, 21.028799 ], [ 105.853819, 21.02898 ], [ 105.853831, 21.029164 ], [ 105.853845, 21.02951 ], [ 105.85388, 21.030288 ] ] } },
{ "type": "Feature", "properties": { "u": 309674297, "v": 10584029101, "key": 0 }, "geometry": { "type": "LineString", "coordinates": [ [ 105.853163, 21.032215 ], [ 105.853157, 21.032067 ] ] } },
{ "type": "Feature", "properties": { "u": 309674297, "v": 12450568022, "key": 0 }, "geometry": { "type": "LineString", "coordinates": [ [ 105.853163, 21.032215 ], [ 105.853828, 21.032193 ] ] } },
{ "type": "Feature", "properties": { "u": 309674434, "v": 317806969, "key": 0 }, "geometry": { "type": "LineString", "coordinates": [ [ 105.853804, 21.03303 ], [ 105.853019, 21.033042 ] ] } },
{ "type": "Feature", "properties": { "u": 309674434, "v": 4023155512, "key": 0 }, "geometry": { "type": "LineString", "coordinates": [ [ 105.853804, 21.03303 ], [ 105.853782, 21.033787 ] ] } },
{ "type": "Feature", "properties": { "u": 317319368, "v": 8178544838, "key": 0 }, "geometry": { "type": "LineString", "coordinates": [ [ 105.846869, 21.026001 ], [ 105.846831, 21.025886 ] ] } },
{ "type": "Feature", "properties": { "u": 317319368, "v": 8178544871, "key": 0 }, "geometry": { "type": "LineString", "coordinates": [ [ 105.846869, 21.026001 ], [ 105.846774, 21.026028 ] ] } },
{ "type": "Feature", "properties": { "u": 317319368, "v": 8178544863, "key": 0 }, "geometry": { "type": "LineString", "coordinates": [ [ 105.846869, 21.026001 ], [ 105.847241, 21.025909 ] ] } },
{ "type": "Feature", "properties": { "u": 317319370, "v": 5704289449, "key": 0 }, "geometry": { "type": "LineString", "coordinates": [ [ 105.848122, 21.025656 ], [ 105.848071, 21.025671 ] ] } },
{ "type": "Feature", "properties": { "u": 317319370, "v": 5704289440, "key": 0 }, "geometry": { "type": "LineString", "coordinates": [ [ 105.848122, 21.025656 ], [ 105.849272, 21.025306 ] ] } },
{ "type": "Feature", "properties": { "u": 317319370, "v": 8176640983, "key": 0 }, "geometry": { "type": "LineString", "coordinates": [ [ 105.848122, 21.025656 ], [ 105.8481, 21.02559 ], [ 105.848091, 21.025562 ] ] } },
{ "type": "Feature", "properties": { "u": 317319372, "v": 8176640980, "key": 0 }, "geometry": { "type": "LineString", "coordinates": [ [ 105.847625, 21.024172 ], [ 105.847642, 21.024223 ] ] } },
{ "type": "Feature", "properties": { "u": 317319372, "v": 5704289447, "key": 0 }, "geometry": { "type": "LineString", "coordinates": [ [ 105.847625, 21.024172 ], [ 105.847589, 21.024182 ] ] } },
{ "type": "Feature", "properties": { "u": 317319372, "v": 1913814838, "key": 0 }, "geometry": { "type": "LineString", "coordinates": [ [ 105.847625, 21.024172 ], [ 105.847848, 21.024105 ] ] } },
{ "type": "Feature", "properties": { "u": 317367071, "v": 6646826309, "key": 0 }, "geometry": { "type": "LineString", "coordinates": [ [ 105.854401, 21.025119 ], [ 105.855005, 21.024953 ] ] } },
{ "type": "Feature", "properties": { "u": 317367071, "v": 8184606179, "key": 0 }, "geometry": { "type": "LineString", "coordinates": [ [ 105.854401, 21.025119 ], [ 105.854311, 21.025144 ] ] } },
{ "type": "Feature", "properties": { "u": 317367071, "v": 10142026275, "key": 0 }, "geometry": { "type": "LineString", "coordinates": [ [ 105.854401, 21.025119 ], [ 105.854423, 21.025199 ] ] } },
{ "type": "Feature", "properties": { "u": 317806969, "v": 12450568023, "key": 0 }, "geometry": { "type": "LineString", "coordinates": [ [ 105.853019, 21.033042 ], [ 105.852936, 21.032227 ] ] } },
{ "type": "Feature", "properties": { "u": 317806969, "v": 81794511, "key": 0 }, "geometry": { "type": "LineString", "coordinates": [ [ 105.853019, 21.033042 ], [ 105.851896, 21.033079 ] ] } },
{ "type": "Feature", "properties": { "u": 317806969, "v": 309674434, "key": 0 }, "geometry": { "type": "LineString", "coordinates": [ [ 105.853019, 21.033042 ], [ 105.853804, 21.03303 ] ] } },
{ "type": "Feature", "properties": { "u": 317806969, "v": 4023156395, "key": 0 }, "geometry": { "type": "LineString", "coordinates": [ [ 105.853019, 21.033042 ], [ 105.853043, 21.033272 ], [ 105.852683, 21.033362 ], [ 105.852689, 21.033398 ], [ 105.852686, 21.03343 ], [ 105.852597, 21.033448 ], [ 105.852512, 21.033451 ], [ 105.851977, 21.033501 ] ] } },
{ "type": "Feature", "properties": { "u": 319490478, "v": 12617804990, "key": 0 }, "geometry": { "type": "LineString", "coordinates": [ [ 105.856691, 21.025167 ], [ 105.856611, 21.025419 ] ] } },
{ "type": "Feature", "properties": { "u": 320410353, "v": 320410396, "key": 0 }, "geometry": { "type": "LineString", "coordinates": [ [ 105.857793, 21.029191 ], [ 105.8579, 21.029211 ] ] } },
{ "type": "Feature", "properties": { "u": 320410353, "v": 1497570426, "key": 0 }, "geometry": { "type": "LineString", "coordinates": [ [ 105.857793, 21.029191 ], [ 105.856749, 21.031375 ] ] } },
{ "type": "Feature", "properties": { "u": 320410353, "v": 6600251034, "key": 0 }, "geometry": { "type": "LineString", "coordinates": [ [ 105.857793, 21.029191 ], [ 105.857735, 21.029146 ], [ 105.857697, 21.029113 ], [ 105.85769, 21.029079 ], [ 105.857727, 21.028995 ], [ 105.857765, 21.028919 ], [ 105.857818, 21.028799 ], [ 105.857822, 21.02873 ], [ 105.857796, 21.028661 ] ] } },
{ "type": "Feature", "properties": { "u": 320410396, "v": 320410353, "key": 0 }, "geometry": { "type": "LineString", "coordinates": [ [ 105.8579, 21.029211 ], [ 105.857793, 21.029191 ] ] } },
{ "type": "Feature", "properties": { "u": 320410396, "v": 13116127516, "key": 0 }, "geometry": { "type": "LineString", "coordinates": [ [ 105.8579, 21.029211 ], [ 105.857231, 21.030616 ] ] } },
{ "type": "Feature", "properties": { "u": 320410396, "v": 8338760204, "key": 0 }, "geometry": { "type": "LineString", "coordinates": [ [ 105.8579, 21.029211 ], [ 105.857993, 21.029204 ], [ 105.858055, 21.029223 ] ] } },
{ "type": "Feature", "properties": { "u": 321989159, "v": 81794043, "key": 0 }, "geometry": { "type": "LineString", "coordinates": [ [ 105.848137, 21.030804 ], [ 105.847472, 21.030455 ] ] } },
{ "type": "Feature", "properties": { "u": 321989159, "v": 6581795466, "key": 0 }, "geometry": { "type": "LineString", "coordinates": [ [ 105.848137, 21.030804 ], [ 105.847952, 21.03114 ], [ 105.847881, 21.031268 ], [ 105.847821, 21.031363 ] ] } },
{ "type": "Feature", "properties": { "u": 322505298, "v": 103011372, "key": 0 }, "geometry": { "type": "LineString", "coordinates": [ [ 105.850471, 21.032188 ], [ 105.849688, 21.031667 ], [ 105.849225, 21.031368 ], [ 105.849138, 21.031316 ] ] } },
{ "type": "Feature", "properties": { "u": 322505330, "v": 103010884, "key": 0 }, "geometry": { "type": "LineString", "coordinates": [ [ 105.849442, 21.02918 ], [ 105.849418, 21.029235 ], [ 105.849175, 21.029779 ] ] } },
{ "type": "Feature", "properties": { "u": 322505365, "v": 322505450, "key": 0 }, "geometry": { "type": "LineString", "coordinates": [ [ 105.848576, 21.028772 ], [ 105.848442, 21.029001 ] ] } },
{ "type": "Feature", "properties": { "u": 322505365, "v": 4023283638, "key": 0 }, "geometry": { "type": "LineString", "coordinates": [ [ 105.848576, 21.028772 ], [ 105.848853, 21.028902 ], [ 105.849071, 21.029 ] ] } },
{ "type": "Feature", "properties": { "u": 322505394, "v": 322505401, "key": 0 }, "geometry": { "type": "LineString", "coordinates": [ [ 105.847791, 21.02812 ], [ 105.847792, 21.028574 ] ] } },
{ "type": "Feature", "properties": { "u": 322505394, "v": 322505365, "key": 0 }, "geometry": { "type": "LineString", "coordinates": [ [ 105.847791, 21.02812 ], [ 105.847983, 21.028171 ], [ 105.848234, 21.028408 ], [ 105.848576, 21.028772 ] ] } },
{ "type": "Feature", "properties": { "u": 322505401, "v": 103011356, "key": 0 }, "geometry": { "type": "LineString", "coordinates": [ [ 105.847792, 21.028574 ], [ 105.847795, 21.029154 ] ] } },
{ "type": "Feature", "properties": { "u": 322505401, "v": 322505450, "key": 0 }, "geometry": { "type": "LineString", "coordinates": [ [ 105.847792, 21.028574 ], [ 105.848057, 21.028577 ], [ 105.848203, 21.028734 ], [ 105.848348, 21.028897 ], [ 105.848442, 21.029001 ] ] } },
{ "type": "Feature", "properties": { "u": 322505450, "v": 322505365, "key": 0 }, "geometry": { "type": "LineString", "coordinates": [ [ 105.848442, 21.029001 ], [ 105.848576, 21.028772 ] ] } },
{ "type": "Feature", "properties": { "u": 322505450, "v": 322505458, "key": 0 }, "geometry": { "type": "LineString", "coordinates": [ [ 105.848442, 21.029001 ], [ 105.84895, 21.02923 ] ] } },
{ "type": "Feature", "properties": { "u": 322505450, "v": 322505401, "key": 0 }, "geometry": { "type": "LineString", "coordinates": [ [ 105.848442, 21.029001 ], [ 105.848348, 21.028897 ], [ 105.848203, 21.028734 ], [ 105.848057, 21.028577 ], [ 105.847792, 21.028574 ] ] } },
{ "type": "Feature", "properties": { "u": 322505450, "v": 322505474, "key": 0 }, "geometry": { "type": "LineString", "coordinates": [ [ 105.848442, 21.029001 ], [ 105.84835, 21.029202 ], [ 105.84827, 21.029361 ] ] } },
{ "type": "Feature", "properties": { "u": 322505458, "v": 4023283638, "key": 0 }, "geometry": { "type": "LineString", "coordinates": [ [ 105.84895, 21.02923 ], [ 105.849071, 21.029 ] ] } },
{ "type": "Feature", "properties": { "u": 322505458, "v": 4023283637, "key": 0 }, "geometry": { "type": "LineString", "coordinates": [ [ 105.84895, 21.02923 ], [ 105.848766, 21.029592 ] ] } },
{ "type": "Feature", "properties": { "u": 322505458, "v": 322505450, "key": 0 }, "geometry": { "type": "LineString", "coordinates": [ [ 105.84895, 21.02923 ], [ 105.848442, 21.029001 ] ] } },
{ "type": "Feature", "properties": { "u": 322505474, "v": 6363620554, "key": 0 }, "geometry": { "type": "LineString", "coordinates": [ [ 105.84827, 21.029361 ], [ 105.848613, 21.029523 ] ] } },
{ "type": "Feature", "properties": { "u": 322505474, "v": 103011356, "key": 0 }, "geometry": { "type": "LineString", "coordinates": [ [ 105.84827, 21.029361 ], [ 105.847795, 21.029154 ] ] } },
{ "type": "Feature", "properties": { "u": 322505474, "v": 322505450, "key": 0 }, "geometry": { "type": "LineString", "coordinates": [ [ 105.84827, 21.029361 ], [ 105.84835, 21.029202 ], [ 105.848442, 21.029001 ] ] } },
{ "type": "Feature", "properties": { "u": 963611926, "v": 11323279228, "key": 0 }, "geometry": { "type": "LineString", "coordinates": [ [ 105.85368, 21.028735 ], [ 105.853663, 21.028632 ] ] } },
{ "type": "Feature", "properties": { "u": 963611926, "v": 11304265491, "key": 0 }, "geometry": { "type": "LineString", "coordinates": [ [ 105.85368, 21.028735 ], [ 105.85369, 21.028803 ] ] } },
{ "type": "Feature", "properties": { "u": 963611926, "v": 6644360681, "key": 0 }, "geometry": { "type": "LineString", "coordinates": [ [ 105.85368, 21.028735 ], [ 105.853718, 21.028729 ], [ 105.853777, 21.02872 ] ] } },
{ "type": "Feature", "properties": { "u": 963612081, "v": 6600251051, "key": 0 }, "geometry": { "type": "LineString", "coordinates": [ [ 105.857199, 21.029878 ], [ 105.85725, 21.029767 ] ] } },
{ "type": "Feature", "properties": { "u": 963612081, "v": 102984602, "key": 0 }, "geometry": { "type": "LineString", "coordinates": [ [ 105.857199, 21.029878 ], [ 105.857072, 21.029847 ], [ 105.856872, 21.029802 ], [ 105.856854, 21.029798 ], [ 105.856789, 21.029783 ], [ 105.856711, 21.029765 ] ] } },
{ "type": "Feature", "properties": { "u": 969250589, "v": 81794511, "key": 0 }, "geometry": { "type": "LineString", "coordinates": [ [ 105.85117, 21.032999 ], [ 105.85149, 21.033085 ], [ 105.851527, 21.033102 ], [ 105.851843, 21.033101 ], [ 105.851896, 21.033079 ] ] } },
{ "type": "Feature", "properties": { "u": 977640003, "v": 6644523689, "key": 0 }, "geometry": { "type": "LineString", "coordinates": [ [ 105.851871, 21.025886 ], [ 105.851679, 21.025945 ] ] } },
{ "type": "Feature", "properties": { "u": 977640003, "v": 12408809720, "key": 0 }, "geometry": { "type": "LineString", "coordinates": [ [ 105.851871, 21.025886 ], [ 105.85231, 21.025751 ] ] } },
{ "type": "Feature", "properties": { "u": 977640003, "v": 6646950000, "key": 0 }, "geometry": { "type": "LineString", "coordinates": [ [ 105.851871, 21.025886 ], [ 105.851854, 21.025833 ] ] } },
{ "type": "Feature", "properties": { "u": 977640003, "v": 8184606156, "key": 0 }, "geometry": { "type": "LineString", "coordinates": [ [ 105.851871, 21.025886 ], [ 105.851886, 21.025938 ], [ 105.851892, 21.025963 ] ] } },
{ "type": "Feature", "properties": { "u": 993037624, "v": 2302089248, "key": 0 }, "geometry": { "type": "LineString", "coordinates": [ [ 105.857278, 21.024434 ], [ 105.85742, 21.024498 ] ] } },
{ "type": "Feature", "properties": { "u": 993037624, "v": 6648055354, "key": 0 }, "geometry": { "type": "LineString", "coordinates": [ [ 105.857278, 21.024434 ], [ 105.857245, 21.024476 ] ] } },
{ "type": "Feature", "properties": { "u": 993037639, "v": 5843520141, "key": 0 }, "geometry": { "type": "LineString", "coordinates": [ [ 105.85701, 21.02424 ], [ 105.857043, 21.024221 ], [ 105.857079, 21.024209 ], [ 105.857117, 21.024205 ], [ 105.857156, 21.02421 ], [ 105.857192, 21.024222 ] ] } },
{ "type": "Feature", "properties": { "u": 993037639, "v": 6662487544, "key": 0 }, "geometry": { "type": "LineString", "coordinates": [ [ 105.85701, 21.02424 ], [ 105.856948, 21.024083 ], [ 105.856885, 21.023925 ] ] } },
{ "type": "Feature", "properties": { "u": 993037749, "v": 8176640984, "key": 0 }, "geometry": { "type": "LineString", "coordinates": [ [ 105.848476, 21.023911 ], [ 105.848471, 21.023969 ] ] } },
{ "type": "Feature", "properties": { "u": 993037749, "v": 1913814838, "key": 0 }, "geometry": { "type": "LineString", "coordinates": [ [ 105.848476, 21.023911 ], [ 105.847848, 21.024105 ] ] } },
{ "type": "Feature", "properties": { "u": 993037749, "v": 5704289423, "key": 0 }, "geometry": { "type": "LineString", "coordinates": [ [ 105.848476, 21.023911 ], [ 105.84868, 21.023847 ] ] } },
{ "type": "Feature", "properties": { "u": 993037757, "v": 6662487543, "key": 0 }, "geometry": { "type": "LineString", "coordinates": [ [ 105.856965, 21.02444 ], [ 105.856695, 21.024482 ] ] } },
{ "type": "Feature", "properties": { "u": 993037757, "v": 993037639, "key": 0 }, "geometry": { "type": "LineString", "coordinates": [ [ 105.856965, 21.02444 ], [ 105.856953, 21.024412 ], [ 105.856946, 21.024377 ], [ 105.856948, 21.024338 ], [ 105.85696, 21.024301 ], [ 105.856981, 21.024268 ], [ 105.85701, 21.02424 ] ] } },
{ "type": "Feature", "properties": { "u": 1497570400, "v": 6646949997, "key": 0 }, "geometry": { "type": "LineString", "coordinates": [ [ 105.850573, 21.026262 ], [ 105.850203, 21.026367 ] ] } },
{ "type": "Feature", "properties": { "u": 1497570426, "v": 1497603079, "key": 0 }, "geometry": { "type": "LineString", "coordinates": [ [ 105.856749, 21.031375 ], [ 105.856855, 21.031421 ] ] } },
{ "type": "Feature", "properties": { "u": 1497570426, "v": 5408109025, "key": 0 }, "geometry": { "type": "LineString", "coordinates": [ [ 105.856749, 21.031375 ], [ 105.856694, 21.031325 ], [ 105.856677, 21.03126 ], [ 105.856685, 21.031224 ], [ 105.856788, 21.031013 ], [ 105.856787, 21.030957 ], [ 105.856772, 21.030923 ], [ 105.856747, 21.030865 ] ] } },
{ "type": "Feature", "properties": { "u": 1497570435, "v": 6644368695, "key": 0 }, "geometry": { "type": "LineString", "coordinates": [ [ 105.853134, 21.031571 ], [ 105.853147, 21.031838 ] ] } },
{ "type": "Feature", "properties": { "u": 1497570435, "v": 75617762, "key": 0 }, "geometry": { "type": "LineString", "coordinates": [ [ 105.853134, 21.031571 ], [ 105.8531, 21.031606 ], [ 105.853065, 21.03163 ] ] } },
{ "type": "Feature", "properties": { "u": 1497570444, "v": 1497570445, "key": 0 }, "geometry": { "type": "LineString", "coordinates": [ [ 105.851724, 21.031882 ], [ 105.851633, 21.031879 ], [ 105.851548, 21.031859 ], [ 105.851458, 21.031825 ], [ 105.85139, 21.031794 ], [ 105.85133, 21.03176 ] ] } },
{ "type": "Feature", "properties": { "u": 1497570445, "v": 11314900772, "key": 0 }, "geometry": { "type": "LineString", "coordinates": [ [ 105.85133, 21.03176 ], [ 105.851313, 21.03174 ] ] } },
{ "type": "Feature", "properties": { "u": 1497570445, "v": 13131094014, "key": 0 }, "geometry": { "type": "LineString", "coordinates": [ [ 105.85133, 21.03176 ], [ 105.851331, 21.031966 ], [ 105.851335, 21.032189 ] ] } },
{ "type": "Feature", "properties": { "u": 1497570487, "v": 12450478646, "key": 0 }, "geometry": { "type": "LineString", "coordinates": [ [ 105.85446, 21.033041 ], [ 105.854463, 21.032996 ], [ 105.854533, 21.032163 ] ] } },
{ "type": "Feature", "properties": { "u": 1497603079, "v": 6600777419, "key": 0 }, "geometry": { "type": "LineString", "coordinates": [ [ 105.856855, 21.031421 ], [ 105.856598, 21.0319 ] ] } },
{ "type": "Feature", "properties": { "u": 1497603079, "v": 1497603082, "key": 0 }, "geometry": { "type": "LineString", "coordinates": [ [ 105.856855, 21.031421 ], [ 105.85726, 21.031592 ] ] } },
{ "type": "Feature", "properties": { "u": 1497603079, "v": 1497570426, "key": 0 }, "geometry": { "type": "LineString", "coordinates": [ [ 105.856855, 21.031421 ], [ 105.856749, 21.031375 ] ] } },
{ "type": "Feature", "properties": { "u": 1497603079, "v": 13116127516, "key": 0 }, "geometry": { "type": "LineString", "coordinates": [ [ 105.856855, 21.031421 ], [ 105.856948, 21.03121 ], [ 105.857231, 21.030616 ] ] } },
{ "type": "Feature", "properties": { "u": 1497603082, "v": 1497603079, "key": 0 }, "geometry": { "type": "LineString", "coordinates": [ [ 105.85726, 21.031592 ], [ 105.856855, 21.031421 ] ] } },
{ "type": "Feature", "properties": { "u": 1497603082, "v": 1497603083, "key": 0 }, "geometry": { "type": "LineString", "coordinates": [ [ 105.85726, 21.031592 ], [ 105.857047, 21.032075 ] ] } },
{ "type": "Feature", "properties": { "u": 1497603082, "v": 5301822846, "key": 0 }, "geometry": { "type": "LineString", "coordinates": [ [ 105.85726, 21.031592 ], [ 105.857788, 21.03182 ], [ 105.857846, 21.031853 ] ] } },
{ "type": "Feature", "properties": { "u": 1497603082, "v": 8775472016, "key": 0 }, "geometry": { "type": "LineString", "coordinates": [ [ 105.85726, 21.031592 ], [ 105.857269, 21.031573 ], [ 105.857423, 21.031256 ] ] } },
{ "type": "Feature", "properties": { "u": 1497603083, "v": 5701112184, "key": 0 }, "geometry": { "type": "LineString", "coordinates": [ [ 105.857047, 21.032075 ], [ 105.856948, 21.032263 ] ] } },
{ "type": "Feature", "properties": { "u": 1497603083, "v": 1497603082, "key": 0 }, "geometry": { "type": "LineString", "coordinates": [ [ 105.857047, 21.032075 ], [ 105.85726, 21.031592 ] ] } },
{ "type": "Feature", "properties": { "u": 1497603083, "v": 6600777419, "key": 0 }, "geometry": { "type": "LineString", "coordinates": [ [ 105.857047, 21.032075 ], [ 105.856598, 21.0319 ] ] } },
{ "type": "Feature", "properties": { "u": 1497603089, "v": 6412972867, "key": 0 }, "geometry": { "type": "LineString", "coordinates": [ [ 105.857946, 21.032613 ], [ 105.857771, 21.032689 ] ] } },
{ "type": "Feature", "properties": { "u": 1497603093, "v": 13148712444, "key": 0 }, "geometry": { "type": "LineString", "coordinates": [ [ 105.856539, 21.033051 ], [ 105.856712, 21.033103 ] ] } },
{ "type": "Feature", "properties": { "u": 1497603093, "v": 7543872537, "key": 0 }, "geometry": { "type": "LineString", "coordinates": [ [ 105.856539, 21.033051 ], [ 105.856372, 21.032994 ] ] } },
{ "type": "Feature", "properties": { "u": 1497603093, "v": 7543674090, "key": 0 }, "geometry": { "type": "LineString", "coordinates": [ [ 105.856539, 21.033051 ], [ 105.856598, 21.032941 ], [ 105.85668, 21.032792 ] ] } },
{ "type": "Feature", "properties": { "u": 1497603093, "v": 7543872540, "key": 0 }, "geometry": { "type": "LineString", "coordinates": [ [ 105.856539, 21.033051 ], [ 105.856467, 21.033247 ], [ 105.856411, 21.033353 ], [ 105.856327, 21.033319 ], [ 105.856116, 21.033232 ], [ 105.855987, 21.033179 ] ] } },
{ "type": "Feature", "properties": { "u": 1497603100, "v": 1819499862, "key": 0 }, "geometry": { "type": "LineString", "coordinates": [ [ 105.8565, 21.033561 ], [ 105.855921, 21.033355 ] ] } },
{ "type": "Feature", "properties": { "u": 1497603100, "v": 6412972868, "key": 0 }, "geometry": { "type": "LineString", "coordinates": [ [ 105.8565, 21.033561 ], [ 105.857528, 21.032862 ] ] } },
{ "type": "Feature", "properties": { "u": 1497603100, "v": 7128252494, "key": 0 }, "geometry": { "type": "LineString", "coordinates": [ [ 105.8565, 21.033561 ], [ 105.856335, 21.033823 ] ] } },
{ "type": "Feature", "properties": { "u": 1497603100, "v": 7128246269, "key": 0 }, "geometry": { "type": "LineString", "coordinates": [ [ 105.8565, 21.033561 ], [ 105.856792, 21.033677 ] ] } },
{ "type": "Feature", "properties": { "u": 1813639929, "v": 102984602, "key": 0 }, "geometry": { "type": "LineString", "coordinates": [ [ 105.856712, 21.029579 ], [ 105.856711, 21.029765 ] ] } },
{ "type": "Feature", "properties": { "u": 1813639973, "v": 11455065732, "key": 0 }, "geometry": { "type": "LineString", "coordinates": [ [ 105.856118, 21.026989 ], [ 105.856091, 21.027284 ] ] } },
{ "type": "Feature", "properties": { "u": 1813639973, "v": 98010332, "key": 0 }, "geometry": { "type": "LineString", "coordinates": [ [ 105.856118, 21.026989 ], [ 105.855825, 21.027018 ] ] } },
{ "type": "Feature", "properties": { "u": 1813639973, "v": 11438626847, "key": 0 }, "geometry": { "type": "LineString", "coordinates": [ [ 105.856118, 21.026989 ], [ 105.856214, 21.026996 ] ] } },
{ "type": "Feature", "properties": { "u": 1819499862, "v": 7543872540, "key": 0 }, "geometry": { "type": "LineString", "coordinates": [ [ 105.855921, 21.033355 ], [ 105.855987, 21.033179 ] ] } },
{ "type": "Feature", "properties": { "u": 1819499862, "v": 7128252493, "key": 0 }, "geometry": { "type": "LineString", "coordinates": [ [ 105.855921, 21.033355 ], [ 105.8558, 21.033628 ] ] } },
{ "type": "Feature", "properties": { "u": 1819499862, "v": 1497603100, "key": 0 }, "geometry": { "type": "LineString", "coordinates": [ [ 105.855921, 21.033355 ], [ 105.8565, 21.033561 ] ] } },
{ "type": "Feature", "properties": { "u": 1893253440, "v": 11304265637, "key": 0 }, "geometry": { "type": "LineString", "coordinates": [ [ 105.852596, 21.030788 ], [ 105.853004, 21.030749 ], [ 105.85304, 21.03075 ], [ 105.853045, 21.03075 ], [ 105.853061, 21.030749 ] ] } },
{ "type": "Feature", "properties": { "u": 1913814835, "v": 8176640981, "key": 0 }, "geometry": { "type": "LineString", "coordinates": [ [ 105.847941, 21.024211 ], [ 105.847888, 21.024169 ], [ 105.847875, 21.02415 ] ] } },
{ "type": "Feature", "properties": { "u": 1913814835, "v": 11224700071, "key": 0 }, "geometry": { "type": "LineString", "coordinates": [ [ 105.847941, 21.024211 ], [ 105.847809, 21.0243 ], [ 105.848007, 21.024932 ], [ 105.848039, 21.024997 ], [ 105.848079, 21.025026 ], [ 105.848153, 21.02504 ], [ 105.848961, 21.024813 ], [ 105.848979, 21.024773 ], [ 105.848972, 21.02473 ], [ 105.848826, 21.024265 ], [ 105.84873, 21.023991 ], [ 105.848698, 21.023901 ] ] } },
{ "type": "Feature", "properties": { "u": 1913814838, "v": 317319372, "key": 0 }, "geometry": { "type": "LineString", "coordinates": [ [ 105.847848, 21.024105 ], [ 105.847625, 21.024172 ] ] } },
{ "type": "Feature", "properties": { "u": 1913814838, "v": 993037749, "key": 0 }, "geometry": { "type": "LineString", "coordinates": [ [ 105.847848, 21.024105 ], [ 105.848476, 21.023911 ] ] } },
{ "type": "Feature", "properties": { "u": 2218033249, "v": 8909952787, "key": 0 }, "geometry": { "type": "LineString", "coordinates": [ [ 105.84781, 21.027793 ], [ 105.847808, 21.027864 ] ] } },
{ "type": "Feature", "properties": { "u": 2218033249, "v": 8830844254, "key": 0 }, "geometry": { "type": "LineString", "coordinates": [ [ 105.84781, 21.027793 ], [ 105.847766, 21.027802 ], [ 105.846959, 21.027977 ] ] } },
{ "type": "Feature", "properties": { "u": 2218033253, "v": 2218033254, "key": 0 }, "geometry": { "type": "LineString", "coordinates": [ [ 105.846653, 21.028945 ], [ 105.84662, 21.028793 ] ] } },
{ "type": "Feature", "properties": { "u": 2218033253, "v": 8909952773, "key": 0 }, "geometry": { "type": "LineString", "coordinates": [ [ 105.846653, 21.028945 ], [ 105.846775, 21.029487 ] ] } },
{ "type": "Feature", "properties": { "u": 2218033254, "v": 2218033253, "key": 0 }, "geometry": { "type": "LineString", "coordinates": [ [ 105.84662, 21.028793 ], [ 105.846653, 21.028945 ] ] } },
{ "type": "Feature", "properties": { "u": 2218033254, "v": 8909958026, "key": 0 }, "geometry": { "type": "LineString", "coordinates": [ [ 105.84662, 21.028793 ], [ 105.847126, 21.028687 ] ] } },
{ "type": "Feature", "properties": { "u": 2218313051, "v": 5405026116, "key": 0 }, "geometry": { "type": "LineString", "coordinates": [ [ 105.853672, 21.030709 ], [ 105.853627, 21.03077 ] ] } },
{ "type": "Feature", "properties": { "u": 2218313053, "v": 2218313051, "key": 0 }, "geometry": { "type": "LineString", "coordinates": [ [ 105.853916, 21.030766 ], [ 105.853672, 21.030709 ] ] } },
{ "type": "Feature", "properties": { "u": 2218313053, "v": 6644360680, "key": 0 }, "geometry": { "type": "LineString", "coordinates": [ [ 105.853916, 21.030766 ], [ 105.853917, 21.030797 ] ] } },
{ "type": "Feature", "properties": { "u": 2302089248, "v": 10142649437, "key": 0 }, "geometry": { "type": "LineString", "coordinates": [ [ 105.85742, 21.024498 ], [ 105.857497, 21.024483 ] ] } },
{ "type": "Feature", "properties": { "u": 2302089248, "v": 10142649478, "key": 0 }, "geometry": { "type": "LineString", "coordinates": [ [ 105.85742, 21.024498 ], [ 105.857519, 21.024525 ], [ 105.857637, 21.024551 ] ] } },
{ "type": "Feature", "properties": { "u": 2367215370, "v": 8176641060, "key": 0 }, "geometry": { "type": "LineString", "coordinates": [ [ 105.848025, 21.023351 ], [ 105.848012, 21.023336 ] ] } },
{ "type": "Feature", "properties": { "u": 4022961194, "v": 8184202924, "key": 0 }, "geometry": { "type": "LineString", "coordinates": [ [ 105.85545, 21.023511 ], [ 105.855429, 21.023449 ] ] } },
{ "type": "Feature", "properties": { "u": 4022961194, "v": 6662487549, "key": 0 }, "geometry": { "type": "LineString", "coordinates": [ [ 105.85545, 21.023511 ], [ 105.856457, 21.023206 ] ] } },
{ "type": "Feature", "properties": { "u": 4022961194, "v": 6684786558, "key": 0 }, "geometry": { "type": "LineString", "coordinates": [ [ 105.85545, 21.023511 ], [ 105.85494, 21.02366 ] ] } },
{ "type": "Feature", "properties": { "u": 4022961194, "v": 8184202954, "key": 0 }, "geometry": { "type": "LineString", "coordinates": [ [ 105.85545, 21.023511 ], [ 105.855471, 21.023575 ] ] } },
{ "type": "Feature", "properties": { "u": 4022961195, "v": 11449233332, "key": 0 }, "geometry": { "type": "LineString", "coordinates": [ [ 105.855857, 21.024722 ], [ 105.855949, 21.024696 ] ] } },
{ "type": "Feature", "properties": { "u": 4022961195, "v": 8184202955, "key": 0 }, "geometry": { "type": "LineString", "coordinates": [ [ 105.855857, 21.024722 ], [ 105.855838, 21.024666 ] ] } },
{ "type": "Feature", "properties": { "u": 4022961195, "v": 6646826311, "key": 0 }, "geometry": { "type": "LineString", "coordinates": [ [ 105.855857, 21.024722 ], [ 105.85529, 21.024881 ] ] } },
{ "type": "Feature", "properties": { "u": 4022966514, "v": 8184202956, "key": 0 }, "geometry": { "type": "LineString", "coordinates": [ [ 105.855689, 21.024223 ], [ 105.856785, 21.023907 ] ] } },
{ "type": "Feature", "properties": { "u": 4022966514, "v": 8184202955, "key": 0 }, "geometry": { "type": "LineString", "coordinates": [ [ 105.855689, 21.024223 ], [ 105.855838, 21.024666 ] ] } },
{ "type": "Feature", "properties": { "u": 4022966514, "v": 8716653468, "key": 0 }, "geometry": { "type": "LineString", "coordinates": [ [ 105.855689, 21.024223 ], [ 105.855542, 21.023784 ] ] } },
{ "type": "Feature", "properties": { "u": 4022966515, "v": 8184202956, "key": 0 }, "geometry": { "type": "LineString", "coordinates": [ [ 105.856869, 21.023885 ], [ 105.856785, 21.023907 ] ] } },
{ "type": "Feature", "properties": { "u": 4022966515, "v": 6662487544, "key": 0 }, "geometry": { "type": "LineString", "coordinates": [ [ 105.856869, 21.023885 ], [ 105.856885, 21.023925 ] ] } },
{ "type": "Feature", "properties": { "u": 4022966515, "v": 6662487548, "key": 0 }, "geometry": { "type": "LineString", "coordinates": [ [ 105.856869, 21.023885 ], [ 105.856793, 21.023665 ], [ 105.856673, 21.023318 ] ] } },
{ "type": "Feature", "properties": { "u": 4023155512, "v": 6045788864, "key": 0 }, "geometry": { "type": "LineString", "coordinates": [ [ 105.853782, 21.033787 ], [ 105.853868, 21.03379 ] ] } },
{ "type": "Feature", "properties": { "u": 4023155512, "v": 84786846, "key": 0 }, "geometry": { "type": "LineString", "coordinates": [ [ 105.853782, 21.033787 ], [ 105.853394, 21.033822 ] ] } },
{ "type": "Feature", "properties": { "u": 4023156395, "v": 81794511, "key": 0 }, "geometry": { "type": "LineString", "coordinates": [ [ 105.851977, 21.033501 ], [ 105.851896, 21.033079 ] ] } },
{ "type": "Feature", "properties": { "u": 4023156395, "v": 317806969, "key": 0 }, "geometry": { "type": "LineString", "coordinates": [ [ 105.851977, 21.033501 ], [ 105.852512, 21.033451 ], [ 105.852597, 21.033448 ], [ 105.852686, 21.03343 ], [ 105.852689, 21.033398 ], [ 105.852683, 21.033362 ], [ 105.853043, 21.033272 ], [ 105.853019, 21.033042 ] ] } },
{ "type": "Feature", "properties": { "u": 4023205753, "v": 309601293, "key": 0 }, "geometry": { "type": "LineString", "coordinates": [ [ 105.850698, 21.030236 ], [ 105.85101, 21.030453 ], [ 105.851061, 21.030494 ] ] } },
{ "type": "Feature", "properties": { "u": 4023205753, "v": 309601310, "key": 0 }, "geometry": { "type": "LineString", "coordinates": [ [ 105.850698, 21.030236 ], [ 105.850293, 21.029966 ], [ 105.850197, 21.029898 ] ] } },
{ "type": "Feature", "properties": { "u": 4023205757, "v": 75617760, "key": 0 }, "geometry": { "type": "LineString", "coordinates": [ [ 105.850877, 21.03176 ], [ 105.851002, 21.031406 ] ] } },
{ "type": "Feature", "properties": { "u": 4023205757, "v": 4023205753, "key": 0 }, "geometry": { "type": "LineString", "coordinates": [ [ 105.850877, 21.03176 ], [ 105.850072, 21.03128 ], [ 105.850081, 21.031197 ], [ 105.850103, 21.031146 ], [ 105.850126, 21.031057 ], [ 105.850121, 21.030982 ], [ 105.850155, 21.030866 ], [ 105.850698, 21.030236 ] ] } },
{ "type": "Feature", "properties": { "u": 4023216765, "v": 103011372, "key": 0 }, "geometry": { "type": "LineString", "coordinates": [ [ 105.848877, 21.031753 ], [ 105.849079, 21.031422 ], [ 105.849138, 21.031316 ] ] } },
{ "type": "Feature", "properties": { "u": 4023216765, "v": 13809547617, "key": 0 }, "geometry": { "type": "LineString", "coordinates": [ [ 105.848877, 21.031753 ], [ 105.849342, 21.032034 ], [ 105.849533, 21.032163 ], [ 105.849598, 21.032218 ], [ 105.849644, 21.032251 ], [ 105.849802, 21.032371 ], [ 105.849766, 21.032424 ], [ 105.849795, 21.032447 ], [ 105.849767, 21.032495 ], [ 105.849698, 21.032616 ] ] } },
{ "type": "Feature", "properties": { "u": 4023225769, "v": 6644523691, "key": 0 }, "geometry": { "type": "LineString", "coordinates": [ [ 105.851447, 21.026736 ], [ 105.851598, 21.026139 ] ] } },
{ "type": "Feature", "properties": { "u": 4023225769, "v": 6644656678, "key": 0 }, "geometry": { "type": "LineString", "coordinates": [ [ 105.851447, 21.026736 ], [ 105.85153, 21.026754 ] ] } },
{ "type": "Feature", "properties": { "u": 4023258092, "v": 104766978, "key": 0 }, "geometry": { "type": "LineString", "coordinates": [ [ 105.849973, 21.03298 ], [ 105.849955, 21.032973 ], [ 105.849918, 21.032957 ], [ 105.849875, 21.032939 ], [ 105.849841, 21.032926 ], [ 105.849798, 21.032906 ], [ 105.849743, 21.032882 ], [ 105.849708, 21.032867 ], [ 105.849682, 21.032856 ], [ 105.849653, 21.032844 ], [ 105.84963, 21.032834 ], [ 105.849581, 21.032813 ], [ 105.849568, 21.032808 ], [ 105.849534, 21.032793 ], [ 105.849507, 21.032781 ], [ 105.849479, 21.032769 ], [ 105.849452, 21.032758 ], [ 105.849428, 21.032747 ], [ 105.849396, 21.032733 ], [ 105.849376, 21.032725 ], [ 105.849357, 21.032716 ], [ 105.849331, 21.032705 ], [ 105.849284, 21.032685 ], [ 105.849256, 21.032673 ], [ 105.849226, 21.03266 ], [ 105.84919, 21.032645 ], [ 105.849158, 21.032631 ], [ 105.849118, 21.032614 ], [ 105.849058, 21.032588 ], [ 105.84891, 21.032525 ], [ 105.848854, 21.032501 ], [ 105.848811, 21.032482 ], [ 105.848761, 21.03246 ], [ 105.84873, 21.032447 ], [ 105.848701, 21.032435 ], [ 105.848647, 21.032412 ], [ 105.848628, 21.032404 ], [ 105.848598, 21.032395 ], [ 105.848519, 21.032372 ] ] } },
{ "type": "Feature", "properties": { "u": 4023258092, "v": 104766947, "key": 0 }, "geometry": { "type": "LineString", "coordinates": [ [ 105.849973, 21.03298 ], [ 105.850039, 21.033009 ], [ 105.850116, 21.033042 ], [ 105.850217, 21.033086 ], [ 105.850262, 21.033105 ] ] } },
{ "type": "Feature", "properties": { "u": 4023258092, "v": 322505298, "key": 0 }, "geometry": { "type": "LineString", "coordinates": [ [ 105.849973, 21.03298 ], [ 105.850427, 21.03226 ], [ 105.850471, 21.032188 ] ] } },
{ "type": "Feature", "properties": { "u": 4023283637, "v": 6363620554, "key": 0 }, "geometry": { "type": "LineString", "coordinates": [ [ 105.848766, 21.029592 ], [ 105.848613, 21.029523 ] ] } },
{ "type": "Feature", "properties": { "u": 4023283637, "v": 322505458, "key": 0 }, "geometry": { "type": "LineString", "coordinates": [ [ 105.848766, 21.029592 ], [ 105.84895, 21.02923 ] ] } },
{ "type": "Feature", "properties": { "u": 4023283637, "v": 103010884, "key": 0 }, "geometry": { "type": "LineString", "coordinates": [ [ 105.848766, 21.029592 ], [ 105.849175, 21.029779 ] ] } },
{ "type": "Feature", "properties": { "u": 4023283638, "v": 322505330, "key": 0 }, "geometry": { "type": "LineString", "coordinates": [ [ 105.849071, 21.029 ], [ 105.849442, 21.02918 ] ] } },
{ "type": "Feature", "properties": { "u": 4023283638, "v": 322505458, "key": 0 }, "geometry": { "type": "LineString", "coordinates": [ [ 105.849071, 21.029 ], [ 105.84895, 21.02923 ] ] } },
{ "type": "Feature", "properties": { "u": 4023283638, "v": 12404456167, "key": 0 }, "geometry": { "type": "LineString", "coordinates": [ [ 105.849071, 21.029 ], [ 105.849104, 21.028976 ], [ 105.84912, 21.028948 ] ] } },
{ "type": "Feature", "properties": { "u": 4023288101, "v": 12404456176, "key": 0 }, "geometry": { "type": "LineString", "coordinates": [ [ 105.848733, 21.02842 ], [ 105.849316, 21.02871 ] ] } },
{ "type": "Feature", "properties": { "u": 4023288101, "v": 5703662590, "key": 0 }, "geometry": { "type": "LineString", "coordinates": [ [ 105.848733, 21.02842 ], [ 105.848813, 21.028118 ], [ 105.848958, 21.027569 ], [ 105.849029, 21.027586 ] ] } },
{ "type": "Feature", "properties": { "u": 4023288101, "v": 12404456184, "key": 0 }, "geometry": { "type": "LineString", "coordinates": [ [ 105.848733, 21.02842 ], [ 105.848702, 21.028415 ], [ 105.848661, 21.028409 ], [ 105.848617, 21.028412 ], [ 105.848588, 21.028423 ], [ 105.848557, 21.028443 ], [ 105.848532, 21.028475 ], [ 105.84852, 21.028517 ], [ 105.84852, 21.028551 ], [ 105.848531, 21.028592 ], [ 105.848553, 21.028624 ], [ 105.848588, 21.028658 ], [ 105.848634, 21.02869 ], [ 105.848849, 21.028804 ] ] } },
{ "type": "Feature", "properties": { "u": 4023288103, "v": 13886629283, "key": 0 }, "geometry": { "type": "LineString", "coordinates": [ [ 105.849986, 21.027807 ], [ 105.849848, 21.028166 ] ] } },
{ "type": "Feature", "properties": { "u": 4023288103, "v": 5703662590, "key": 0 }, "geometry": { "type": "LineString", "coordinates": [ [ 105.849986, 21.027807 ], [ 105.849937, 21.027795 ], [ 105.849029, 21.027586 ] ] } },
{ "type": "Feature", "properties": { "u": 4902374735, "v": 5843520141, "key": 0 }, "geometry": { "type": "LineString", "coordinates": [ [ 105.857189, 21.024125 ], [ 105.857192, 21.024222 ] ] } },
{ "type": "Feature", "properties": { "u": 4902374735, "v": 10142034259, "key": 0 }, "geometry": { "type": "LineString", "coordinates": [ [ 105.857189, 21.024125 ], [ 105.857376, 21.024084 ] ] } },
{ "type": "Feature", "properties": { "u": 4902374735, "v": 5704382355, "key": 0 }, "geometry": { "type": "LineString", "coordinates": [ [ 105.857189, 21.024125 ], [ 105.857187, 21.023992 ], [ 105.857191, 21.023895 ], [ 105.857204, 21.023785 ] ] } },
{ "type": "Feature", "properties": { "u": 4902374737, "v": 4902374741, "key": 0 }, "geometry": { "type": "LineString", "coordinates": [ [ 105.856997, 21.02448 ], [ 105.856841, 21.024718 ] ] } },
{ "type": "Feature", "properties": { "u": 4902374737, "v": 993037757, "key": 0 }, "geometry": { "type": "LineString", "coordinates": [ [ 105.856997, 21.02448 ], [ 105.856971, 21.02445 ], [ 105.856965, 21.02444 ] ] } },
{ "type": "Feature", "properties": { "u": 4902374741, "v": 319490478, "key": 0 }, "geometry": { "type": "LineString", "coordinates": [ [ 105.856841, 21.024718 ], [ 105.856691, 21.025167 ] ] } },
{ "type": "Feature", "properties": { "u": 4902374741, "v": 10142649472, "key": 0 }, "geometry": { "type": "LineString", "coordinates": [ [ 105.856841, 21.024718 ], [ 105.856908, 21.024757 ] ] } },
{ "type": "Feature", "properties": { "u": 4902374741, "v": 10142649473, "key": 0 }, "geometry": { "type": "LineString", "coordinates": [ [ 105.856841, 21.024718 ], [ 105.856779, 21.02468 ] ] } },
{ "type": "Feature", "properties": { "u": 5301822846, "v": 6412971620, "key": 0 }, "geometry": { "type": "LineString", "coordinates": [ [ 105.857846, 21.031853 ], [ 105.857932, 21.031892 ] ] } },
{ "type": "Feature", "properties": { "u": 5301822846, "v": 5301822850, "key": 0 }, "geometry": { "type": "LineString", "coordinates": [ [ 105.857846, 21.031853 ], [ 105.858019, 21.031518 ] ] } },
{ "type": "Feature", "properties": { "u": 5301822846, "v": 1497603082, "key": 0 }, "geometry": { "type": "LineString", "coordinates": [ [ 105.857846, 21.031853 ], [ 105.857788, 21.03182 ], [ 105.85726, 21.031592 ] ] } },
{ "type": "Feature", "properties": { "u": 5301822850, "v": 5301822846, "key": 0 }, "geometry": { "type": "LineString", "coordinates": [ [ 105.858019, 21.031518 ], [ 105.857846, 21.031853 ] ] } },
{ "type": "Feature", "properties": { "u": 5405026112, "v": 5857305437, "key": 0 }, "geometry": { "type": "LineString", "coordinates": [ [ 105.853401, 21.025656 ], [ 105.853267, 21.025679 ] ] } },
{ "type": "Feature", "properties": { "u": 5405026112, "v": 8184606159, "key": 0 }, "geometry": { "type": "LineString", "coordinates": [ [ 105.853401, 21.025656 ], [ 105.853378, 21.025538 ], [ 105.853383, 21.025502 ], [ 105.853397, 21.02548 ], [ 105.853424, 21.025454 ] ] } },
{ "type": "Feature", "properties": { "u": 5405026112, "v": 8184606170, "key": 0 }, "geometry": { "type": "LineString", "coordinates": [ [ 105.853401, 21.025656 ], [ 105.853447, 21.025895 ], [ 105.853464, 21.025932 ], [ 105.853488, 21.025954 ] ] } },
{ "type": "Feature", "properties": { "u": 5405026114, "v": 309597644, "key": 0 }, "geometry": { "type": "LineString", "coordinates": [ [ 105.853609, 21.027617 ], [ 105.853648, 21.02789 ] ] } },
{ "type": "Feature", "properties": { "u": 5405026114, "v": 5857305389, "key": 0 }, "geometry": { "type": "LineString", "coordinates": [ [ 105.853609, 21.027617 ], [ 105.853695, 21.027604 ], [ 105.853713, 21.027602 ] ] } },
{ "type": "Feature", "properties": { "u": 5405026114, "v": 5857305441, "key": 0 }, "geometry": { "type": "LineString", "coordinates": [ [ 105.853609, 21.027617 ], [ 105.853538, 21.027627 ], [ 105.853505, 21.027632 ] ] } },
{ "type": "Feature", "properties": { "u": 5405026115, "v": 11304570767, "key": 0 }, "geometry": { "type": "LineString", "coordinates": [ [ 105.853548, 21.030726 ], [ 105.853509, 21.030793 ] ] } },
{ "type": "Feature", "properties": { "u": 5405026115, "v": 5405026116, "key": 0 }, "geometry": { "type": "LineString", "coordinates": [ [ 105.853548, 21.030726 ], [ 105.853585, 21.030747 ], [ 105.853627, 21.03077 ] ] } },
{ "type": "Feature", "properties": { "u": 5405026115, "v": 11304581216, "key": 0 }, "geometry": { "type": "LineString", "coordinates": [ [ 105.853548, 21.030726 ], [ 105.853564, 21.030701 ], [ 105.853571, 21.030689 ] ] } },
{ "type": "Feature", "properties": { "u": 5405026115, "v": 11304265637, "key": 0 }, "geometry": { "type": "LineString", "coordinates": [ [ 105.853548, 21.030726 ], [ 105.853502, 21.030729 ], [ 105.853071, 21.030749 ], [ 105.853061, 21.030749 ] ] } },
{ "type": "Feature", "properties": { "u": 5405026116, "v": 11465167153, "key": 0 }, "geometry": { "type": "LineString", "coordinates": [ [ 105.853627, 21.03077 ], [ 105.853379, 21.031184 ] ] } },
{ "type": "Feature", "properties": { "u": 5405026116, "v": 10584029006, "key": 0 }, "geometry": { "type": "LineString", "coordinates": [ [ 105.853627, 21.03077 ], [ 105.853686, 21.030803 ], [ 105.853707, 21.030815 ] ] } },
{ "type": "Feature", "properties": { "u": 5405026116, "v": 5405026115, "key": 0 }, "geometry": { "type": "LineString", "coordinates": [ [ 105.853627, 21.03077 ], [ 105.853585, 21.030747 ], [ 105.853548, 21.030726 ] ] } },
{ "type": "Feature", "properties": { "u": 5405026120, "v": 1497570435, "key": 0 }, "geometry": { "type": "LineString", "coordinates": [ [ 105.853306, 21.031303 ], [ 105.853134, 21.031571 ] ] } },
{ "type": "Feature", "properties": { "u": 5408108320, "v": 104769587, "key": 0 }, "geometry": { "type": "LineString", "coordinates": [ [ 105.856439, 21.031514 ], [ 105.85652, 21.031324 ] ] } },
{ "type": "Feature", "properties": { "u": 5408108320, "v": 1497570426, "key": 0 }, "geometry": { "type": "LineString", "coordinates": [ [ 105.856439, 21.031514 ], [ 105.856506, 21.031511 ], [ 105.856543, 21.031497 ], [ 105.856589, 21.031426 ], [ 105.856621, 21.031403 ], [ 105.856749, 21.031375 ] ] } },
{ "type": "Feature", "properties": { "u": 5408109025, "v": 963612081, "key": 0 }, "geometry": { "type": "LineString", "coordinates": [ [ 105.856747, 21.030865 ], [ 105.856783, 21.030788 ], [ 105.857199, 21.029878 ] ] } },
{ "type": "Feature", "properties": { "u": 5701112181, "v": 6600777421, "key": 0 }, "geometry": { "type": "LineString", "coordinates": [ [ 105.856294, 21.032569 ], [ 105.856414, 21.032317 ] ] } },
{ "type": "Feature", "properties": { "u": 5701112181, "v": 7543872540, "key": 0 }, "geometry": { "type": "LineString", "coordinates": [ [ 105.856294, 21.032569 ], [ 105.85621, 21.032739 ], [ 105.85613, 21.0329 ], [ 105.855987, 21.033179 ] ] } },
{ "type": "Feature", "properties": { "u": 5701112181, "v": 5701112182, "key": 0 }, "geometry": { "type": "LineString", "coordinates": [ [ 105.856294, 21.032569 ], [ 105.856492, 21.032628 ], [ 105.856584, 21.032669 ], [ 105.856711, 21.032741 ] ] } },
{ "type": "Feature", "properties": { "u": 5701112182, "v": 7543674090, "key": 0 }, "geometry": { "type": "LineString", "coordinates": [ [ 105.856711, 21.032741 ], [ 105.85668, 21.032792 ] ] } },
{ "type": "Feature", "properties": { "u": 5701112182, "v": 7543674097, "key": 0 }, "geometry": { "type": "LineString", "coordinates": [ [ 105.856711, 21.032741 ], [ 105.856766, 21.032652 ] ] } },
{ "type": "Feature", "properties": { "u": 5701112182, "v": 5701112181, "key": 0 }, "geometry": { "type": "LineString", "coordinates": [ [ 105.856711, 21.032741 ], [ 105.856584, 21.032669 ], [ 105.856492, 21.032628 ], [ 105.856294, 21.032569 ] ] } },
{ "type": "Feature", "properties": { "u": 5701112183, "v": 7543674095, "key": 0 }, "geometry": { "type": "LineString", "coordinates": [ [ 105.857526, 21.032566 ], [ 105.857374, 21.032512 ] ] } },
{ "type": "Feature", "properties": { "u": 5701112184, "v": 10113458789, "key": 0 }, "geometry": { "type": "LineString", "coordinates": [ [ 105.856948, 21.032263 ], [ 105.856844, 21.03248 ] ] } },
{ "type": "Feature", "properties": { "u": 5701112184, "v": 1497603083, "key": 0 }, "geometry": { "type": "LineString", "coordinates": [ [ 105.856948, 21.032263 ], [ 105.857047, 21.032075 ] ] } },
{ "type": "Feature", "properties": { "u": 5701112184, "v": 7543674093, "key": 0 }, "geometry": { "type": "LineString", "coordinates": [ [ 105.856948, 21.032263 ], [ 105.857033, 21.032307 ], [ 105.857035, 21.032366 ] ] } },
{ "type": "Feature", "properties": { "u": 5701112195, "v": 104769017, "key": 0 }, "geometry": { "type": "LineString", "coordinates": [ [ 105.855147, 21.033167 ], [ 105.854802, 21.03377 ], [ 105.854768, 21.033826 ] ] } },
{ "type": "Feature", "properties": { "u": 5701112195, "v": 1497570487, "key": 0 }, "geometry": { "type": "LineString", "coordinates": [ [ 105.855147, 21.033167 ], [ 105.855061, 21.033151 ], [ 105.854541, 21.033057 ], [ 105.85446, 21.033041 ] ] } },
{ "type": "Feature", "properties": { "u": 5703662587, "v": 11217220363, "key": 0 }, "geometry": { "type": "LineString", "coordinates": [ [ 105.854789, 21.027158 ], [ 105.853723, 21.02731 ] ] } },
{ "type": "Feature", "properties": { "u": 5703662587, "v": 8184606210, "key": 0 }, "geometry": { "type": "LineString", "coordinates": [ [ 105.854789, 21.027158 ], [ 105.85478, 21.027115 ] ] } },
{ "type": "Feature", "properties": { "u": 5703662588, "v": 8184606209, "key": 0 }, "geometry": { "type": "LineString", "coordinates": [ [ 105.854421, 21.026937 ], [ 105.853619, 21.027044 ] ] } },
{ "type": "Feature", "properties": { "u": 5703662589, "v": 309597635, "key": 0 }, "geometry": { "type": "LineString", "coordinates": [ [ 105.853518, 21.027059 ], [ 105.853563, 21.027331 ] ] } },
{ "type": "Feature", "properties": { "u": 5703662589, "v": 8184606209, "key": 0 }, "geometry": { "type": "LineString", "coordinates": [ [ 105.853518, 21.027059 ], [ 105.853619, 21.027044 ] ] } },
{ "type": "Feature", "properties": { "u": 5703662590, "v": 4023288103, "key": 0 }, "geometry": { "type": "LineString", "coordinates": [ [ 105.849029, 21.027586 ], [ 105.849937, 21.027795 ], [ 105.849986, 21.027807 ] ] } },
{ "type": "Feature", "properties": { "u": 5703662590, "v": 4023288101, "key": 0 }, "geometry": { "type": "LineString", "coordinates": [ [ 105.849029, 21.027586 ], [ 105.848958, 21.027569 ], [ 105.848813, 21.028118 ], [ 105.848733, 21.02842 ] ] } },
{ "type": "Feature", "properties": { "u": 5703662590, "v": 5703662597, "key": 0 }, "geometry": { "type": "LineString", "coordinates": [ [ 105.849029, 21.027586 ], [ 105.849044, 21.027519 ], [ 105.849133, 21.027209 ], [ 105.849266, 21.027244 ], [ 105.849404, 21.027236 ], [ 105.849495, 21.027191 ], [ 105.850112, 21.027121 ], [ 105.849998, 21.027455 ] ] } },
{ "type": "Feature", "properties": { "u": 5703662597, "v": 5703662598, "key": 0 }, "geometry": { "type": "LineString", "coordinates": [ [ 105.849998, 21.027455 ], [ 105.850109, 21.027477 ] ] } },
{ "type": "Feature", "properties": { "u": 5703662597, "v": 5703662590, "key": 0 }, "geometry": { "type": "LineString", "coordinates": [ [ 105.849998, 21.027455 ], [ 105.850112, 21.027121 ], [ 105.849495, 21.027191 ], [ 105.849404, 21.027236 ], [ 105.849266, 21.027244 ], [ 105.849133, 21.027209 ], [ 105.849044, 21.027519 ], [ 105.849029, 21.027586 ] ] } },
{ "type": "Feature", "properties": { "u": 5703662597, "v": 6588880022, "key": 0 }, "geometry": { "type": "LineString", "coordinates": [ [ 105.849998, 21.027455 ], [ 105.849904, 21.027432 ], [ 105.849876, 21.027426 ] ] } },
{ "type": "Feature", "properties": { "u": 5703662598, "v": 4023288103, "key": 0 }, "geometry": { "type": "LineString", "coordinates": [ [ 105.850109, 21.027477 ], [ 105.849986, 21.027807 ] ] } },
{ "type": "Feature", "properties": { "u": 5703662598, "v": 5703662597, "key": 0 }, "geometry": { "type": "LineString", "coordinates": [ [ 105.850109, 21.027477 ], [ 105.849998, 21.027455 ] ] } },
{ "type": "Feature", "properties": { "u": 5703662599, "v": 8176641006, "key": 0 }, "geometry": { "type": "LineString", "coordinates": [ [ 105.849228, 21.025992 ], [ 105.849405, 21.026533 ] ] } },
{ "type": "Feature", "properties": { "u": 5703662600, "v": 8176641006, "key": 0 }, "geometry": { "type": "LineString", "coordinates": [ [ 105.84942, 21.026586 ], [ 105.849405, 21.026533 ] ] } },
{ "type": "Feature", "properties": { "u": 5703662600, "v": 6591434270, "key": 0 }, "geometry": { "type": "LineString", "coordinates": [ [ 105.84942, 21.026586 ], [ 105.848671, 21.026797 ] ] } },
{ "type": "Feature", "properties": { "u": 5703662601, "v": 5703662604, "key": 0 }, "geometry": { "type": "LineString", "coordinates": [ [ 105.848675, 21.026423 ], [ 105.848583, 21.026157 ] ] } },
{ "type": "Feature", "properties": { "u": 5703662602, "v": 5703662604, "key": 0 }, "geometry": { "type": "LineString", "coordinates": [ [ 105.847674, 21.026007 ], [ 105.848449, 21.025772 ], [ 105.848583, 21.026157 ] ] } },
{ "type": "Feature", "properties": { "u": 5703662604, "v": 5703662601, "key": 0 }, "geometry": { "type": "LineString", "coordinates": [ [ 105.848583, 21.026157 ], [ 105.848675, 21.026423 ] ] } },
{ "type": "Feature", "properties": { "u": 5703662604, "v": 8176641004, "key": 0 }, "geometry": { "type": "LineString", "coordinates": [ [ 105.848583, 21.026157 ], [ 105.847655, 21.026422 ] ] } },
{ "type": "Feature", "properties": { "u": 5703662604, "v": 5703662602, "key": 0 }, "geometry": { "type": "LineString", "coordinates": [ [ 105.848583, 21.026157 ], [ 105.848449, 21.025772 ], [ 105.847674, 21.026007 ] ] } },
{ "type": "Feature", "properties": { "u": 5703662607, "v": 5703662608, "key": 0 }, "geometry": { "type": "LineString", "coordinates": [ [ 105.847369, 21.026914 ], [ 105.847057, 21.027008 ] ] } },
{ "type": "Feature", "properties": { "u": 5703662608, "v": 5703662607, "key": 0 }, "geometry": { "type": "LineString", "coordinates": [ [ 105.847057, 21.027008 ], [ 105.847369, 21.026914 ] ] } },
{ "type": "Feature", "properties": { "u": 5703662608, "v": 5703662609, "key": 0 }, "geometry": { "type": "LineString", "coordinates": [ [ 105.847057, 21.027008 ], [ 105.846897, 21.026509 ] ] } },
{ "type": "Feature", "properties": { "u": 5703662608, "v": 5703662609, "key": 1 }, "geometry": { "type": "LineString", "coordinates": [ [ 105.847057, 21.027008 ], [ 105.846514, 21.027163 ], [ 105.846361, 21.026744 ], [ 105.846377, 21.026659 ], [ 105.846897, 21.026509 ] ] } },
{ "type": "Feature", "properties": { "u": 5703662609, "v": 5703662608, "key": 0 }, "geometry": { "type": "LineString", "coordinates": [ [ 105.846897, 21.026509 ], [ 105.847057, 21.027008 ] ] } },
{ "type": "Feature", "properties": { "u": 5703662609, "v": 5703662608, "key": 1 }, "geometry": { "type": "LineString", "coordinates": [ [ 105.846897, 21.026509 ], [ 105.846377, 21.026659 ], [ 105.846361, 21.026744 ], [ 105.846514, 21.027163 ], [ 105.847057, 21.027008 ] ] } },
{ "type": "Feature", "properties": { "u": 5703662609, "v": 8178544867, "key": 0 }, "geometry": { "type": "LineString", "coordinates": [ [ 105.846897, 21.026509 ], [ 105.847489, 21.026345 ] ] } },
{ "type": "Feature", "properties": { "u": 5703662610, "v": 8178544865, "key": 0 }, "geometry": { "type": "LineString", "coordinates": [ [ 105.847561, 21.026322 ], [ 105.847475, 21.026067 ] ] } },
{ "type": "Feature", "properties": { "u": 5703662610, "v": 8178544867, "key": 0 }, "geometry": { "type": "LineString", "coordinates": [ [ 105.847561, 21.026322 ], [ 105.847489, 21.026345 ] ] } },
{ "type": "Feature", "properties": { "u": 5703662610, "v": 6646949992, "key": 0 }, "geometry": { "type": "LineString", "coordinates": [ [ 105.847561, 21.026322 ], [ 105.847596, 21.026439 ], [ 105.847747, 21.026906 ] ] } },
{ "type": "Feature", "properties": { "u": 5703788565, "v": 8184606211, "key": 0 }, "geometry": { "type": "LineString", "coordinates": [ [ 105.855606, 21.026323 ], [ 105.855527, 21.026346 ] ] } },
{ "type": "Feature", "properties": { "u": 5703788565, "v": 98010333, "key": 0 }, "geometry": { "type": "LineString", "coordinates": [ [ 105.855606, 21.026323 ], [ 105.855582, 21.026248 ], [ 105.855551, 21.026152 ] ] } },
{ "type": "Feature", "properties": { "u": 5704289423, "v": 993037749, "key": 0 }, "geometry": { "type": "LineString", "coordinates": [ [ 105.84868, 21.023847 ], [ 105.848476, 21.023911 ] ] } },
{ "type": "Feature", "properties": { "u": 5704289423, "v": 6651584903, "key": 0 }, "geometry": { "type": "LineString", "coordinates": [ [ 105.84868, 21.023847 ], [ 105.849018, 21.023742 ] ] } },
{ "type": "Feature", "properties": { "u": 5704289437, "v": 5704289438, "key": 0 }, "geometry": { "type": "LineString", "coordinates": [ [ 105.848768, 21.025646 ], [ 105.849331, 21.025471 ] ] } },
{ "type": "Feature", "properties": { "u": 5704289438, "v": 5704289437, "key": 0 }, "geometry": { "type": "LineString", "coordinates": [ [ 105.849331, 21.025471 ], [ 105.848768, 21.025646 ] ] } },
{ "type": "Feature", "properties": { "u": 5704289438, "v": 8176641005, "key": 0 }, "geometry": { "type": "LineString", "coordinates": [ [ 105.849331, 21.025471 ], [ 105.849299, 21.025385 ] ] } },
{ "type": "Feature", "properties": { "u": 5704289438, "v": 5704289439, "key": 0 }, "geometry": { "type": "LineString", "coordinates": [ [ 105.849331, 21.025471 ], [ 105.849369, 21.025572 ], [ 105.849381, 21.025601 ], [ 105.849393, 21.025636 ] ] } },
{ "type": "Feature", "properties": { "u": 5704289439, "v": 5704289438, "key": 0 }, "geometry": { "type": "LineString", "coordinates": [ [ 105.849393, 21.025636 ], [ 105.849381, 21.025601 ], [ 105.849369, 21.025572 ], [ 105.849331, 21.025471 ] ] } },
{ "type": "Feature", "properties": { "u": 5704289440, "v": 8176641005, "key": 0 }, "geometry": { "type": "LineString", "coordinates": [ [ 105.849272, 21.025306 ], [ 105.849299, 21.025385 ] ] } },
{ "type": "Feature", "properties": { "u": 5704289440, "v": 317319370, "key": 0 }, "geometry": { "type": "LineString", "coordinates": [ [ 105.849272, 21.025306 ], [ 105.848122, 21.025656 ] ] } },
{ "type": "Feature", "properties": { "u": 5704289440, "v": 6651678058, "key": 0 }, "geometry": { "type": "LineString", "coordinates": [ [ 105.849272, 21.025306 ], [ 105.849548, 21.025226 ] ] } },
{ "type": "Feature", "properties": { "u": 5704289441, "v": 8176641057, "key": 0 }, "geometry": { "type": "LineString", "coordinates": [ [ 105.84714, 21.023145 ], [ 105.84708, 21.023196 ], [ 105.846915, 21.023316 ], [ 105.846891, 21.023333 ], [ 105.846828, 21.023371 ], [ 105.84673, 21.02343 ], [ 105.846637, 21.023494 ] ] } },
{ "type": "Feature", "properties": { "u": 5704289447, "v": 8176640979, "key": 0 }, "geometry": { "type": "LineString", "coordinates": [ [ 105.847589, 21.024182 ], [ 105.847603, 21.024229 ] ] } },
{ "type": "Feature", "properties": { "u": 5704289447, "v": 6651584909, "key": 0 }, "geometry": { "type": "LineString", "coordinates": [ [ 105.847589, 21.024182 ], [ 105.847274, 21.024282 ] ] } },
{ "type": "Feature", "properties": { "u": 5704289447, "v": 317319372, "key": 0 }, "geometry": { "type": "LineString", "coordinates": [ [ 105.847589, 21.024182 ], [ 105.847625, 21.024172 ] ] } },
{ "type": "Feature", "properties": { "u": 5704289449, "v": 11455539093, "key": 0 }, "geometry": { "type": "LineString", "coordinates": [ [ 105.848071, 21.025671 ], [ 105.847953, 21.025706 ] ] } },
{ "type": "Feature", "properties": { "u": 5704289449, "v": 317319370, "key": 0 }, "geometry": { "type": "LineString", "coordinates": [ [ 105.848071, 21.025671 ], [ 105.848122, 21.025656 ] ] } },
{ "type": "Feature", "properties": { "u": 5704289449, "v": 8176640982, "key": 0 }, "geometry": { "type": "LineString", "coordinates": [ [ 105.848071, 21.025671 ], [ 105.84805, 21.025605 ], [ 105.848039, 21.025571 ] ] } },
{ "type": "Feature", "properties": { "u": 5704353653, "v": 8176640928, "key": 0 }, "geometry": { "type": "LineString", "coordinates": [ [ 105.850367, 21.025226 ], [ 105.850756, 21.025098 ], [ 105.850716, 21.024977 ] ] } },
{ "type": "Feature", "properties": { "u": 5704353655, "v": 8176640928, "key": 0 }, "geometry": { "type": "LineString", "coordinates": [ [ 105.85069, 21.024905 ], [ 105.850716, 21.024977 ] ] } },
{ "type": "Feature", "properties": { "u": 5704353655, "v": 12925173235, "key": 0 }, "geometry": { "type": "LineString", "coordinates": [ [ 105.85069, 21.024905 ], [ 105.850569, 21.024941 ] ] } },
{ "type": "Feature", "properties": { "u": 5704353655, "v": 6644549176, "key": 0 }, "geometry": { "type": "LineString", "coordinates": [ [ 105.85069, 21.024905 ], [ 105.851186, 21.024757 ] ] } },
{ "type": "Feature", "properties": { "u": 5704353659, "v": 8173724280, "key": 0 }, "geometry": { "type": "LineString", "coordinates": [ [ 105.849936, 21.024663 ], [ 105.849623, 21.024756 ] ] } },
{ "type": "Feature", "properties": { "u": 5704353660, "v": 8173724280, "key": 0 }, "geometry": { "type": "LineString", "coordinates": [ [ 105.849559, 21.024773 ], [ 105.849623, 21.024756 ] ] } },
{ "type": "Feature", "properties": { "u": 5704353660, "v": 6651678060, "key": 0 }, "geometry": { "type": "LineString", "coordinates": [ [ 105.849559, 21.024773 ], [ 105.84964, 21.025008 ] ] } },
{ "type": "Feature", "properties": { "u": 5704353660, "v": 12965861938, "key": 0 }, "geometry": { "type": "LineString", "coordinates": [ [ 105.849559, 21.024773 ], [ 105.849419, 21.024354 ] ] } },
{ "type": "Feature", "properties": { "u": 5704382340, "v": 10586739301, "key": 0 }, "geometry": { "type": "LineString", "coordinates": [ [ 105.858111, 21.025227 ], [ 105.858142, 21.025235 ] ] } },
{ "type": "Feature", "properties": { "u": 5704382340, "v": 102985443, "key": 0 }, "geometry": { "type": "LineString", "coordinates": [ [ 105.858111, 21.025227 ], [ 105.858025, 21.025506 ] ] } },
{ "type": "Feature", "properties": { "u": 5704382355, "v": 10142034258, "key": 0 }, "geometry": { "type": "LineString", "coordinates": [ [ 105.857204, 21.023785 ], [ 105.857288, 21.023761 ] ] } },
{ "type": "Feature", "properties": { "u": 5704382355, "v": 4902374735, "key": 0 }, "geometry": { "type": "LineString", "coordinates": [ [ 105.857204, 21.023785 ], [ 105.857191, 21.023895 ], [ 105.857187, 21.023992 ], [ 105.857189, 21.024125 ] ] } },
{ "type": "Feature", "properties": { "u": 5843520141, "v": 4902374735, "key": 0 }, "geometry": { "type": "LineString", "coordinates": [ [ 105.857192, 21.024222 ], [ 105.857189, 21.024125 ] ] } },
{ "type": "Feature", "properties": { "u": 5843520141, "v": 993037624, "key": 0 }, "geometry": { "type": "LineString", "coordinates": [ [ 105.857192, 21.024222 ], [ 105.857239, 21.024253 ], [ 105.857263, 21.024286 ], [ 105.857272, 21.024298 ], [ 105.857287, 21.02435 ], [ 105.857289, 21.024389 ], [ 105.857278, 21.024434 ] ] } },
{ "type": "Feature", "properties": { "u": 5857305389, "v": 11435116389, "key": 0 }, "geometry": { "type": "LineString", "coordinates": [ [ 105.853713, 21.027602 ], [ 105.853698, 21.027503 ] ] } },
{ "type": "Feature", "properties": { "u": 5857305389, "v": 11435116387, "key": 0 }, "geometry": { "type": "LineString", "coordinates": [ [ 105.853713, 21.027602 ], [ 105.853728, 21.027708 ] ] } },
{ "type": "Feature", "properties": { "u": 5857305389, "v": 11435116386, "key": 0 }, "geometry": { "type": "LineString", "coordinates": [ [ 105.853713, 21.027602 ], [ 105.853827, 21.027585 ] ] } },
{ "type": "Feature", "properties": { "u": 5857305389, "v": 5405026114, "key": 0 }, "geometry": { "type": "LineString", "coordinates": [ [ 105.853713, 21.027602 ], [ 105.853695, 21.027604 ], [ 105.853609, 21.027617 ] ] } },
{ "type": "Feature", "properties": { "u": 5857305437, "v": 5405026112, "key": 0 }, "geometry": { "type": "LineString", "coordinates": [ [ 105.853267, 21.025679 ], [ 105.853401, 21.025656 ] ] } },
{ "type": "Feature", "properties": { "u": 5857305437, "v": 8184606185, "key": 0 }, "geometry": { "type": "LineString", "coordinates": [ [ 105.853267, 21.025679 ], [ 105.853351, 21.026081 ] ] } },
{ "type": "Feature", "properties": { "u": 5857305437, "v": 11163896863, "key": 0 }, "geometry": { "type": "LineString", "coordinates": [ [ 105.853267, 21.025679 ], [ 105.853206, 21.025699 ], [ 105.853152, 21.025711 ] ] } },
{ "type": "Feature", "properties": { "u": 5857305441, "v": 11305152260, "key": 0 }, "geometry": { "type": "LineString", "coordinates": [ [ 105.853505, 21.027632 ], [ 105.853418, 21.027644 ] ] } },
{ "type": "Feature", "properties": { "u": 5857305441, "v": 5405026114, "key": 0 }, "geometry": { "type": "LineString", "coordinates": [ [ 105.853505, 21.027632 ], [ 105.853538, 21.027627 ], [ 105.853609, 21.027617 ] ] } },
{ "type": "Feature", "properties": { "u": 5857305441, "v": 11304265668, "key": 0 }, "geometry": { "type": "LineString", "coordinates": [ [ 105.853505, 21.027632 ], [ 105.853488, 21.02752 ], [ 105.853481, 21.027476 ], [ 105.853476, 21.027445 ], [ 105.853464, 21.027372 ], [ 105.853424, 21.027128 ] ] } },
{ "type": "Feature", "properties": { "u": 5857305441, "v": 11304265493, "key": 0 }, "geometry": { "type": "LineString", "coordinates": [ [ 105.853505, 21.027632 ], [ 105.853518, 21.027709 ], [ 105.85353, 21.027788 ], [ 105.853544, 21.027876 ], [ 105.853556, 21.027949 ] ] } },
{ "type": "Feature", "properties": { "u": 5857305450, "v": 11304265639, "key": 0 }, "geometry": { "type": "LineString", "coordinates": [ [ 105.853068, 21.025661 ], [ 105.853058, 21.025706 ] ] } },
{ "type": "Feature", "properties": { "u": 5857305450, "v": 8176640955, "key": 0 }, "geometry": { "type": "LineString", "coordinates": [ [ 105.853068, 21.025661 ], [ 105.853059, 21.025622 ], [ 105.853037, 21.025535 ] ] } },
{ "type": "Feature", "properties": { "u": 5857305450, "v": 11163896863, "key": 0 }, "geometry": { "type": "LineString", "coordinates": [ [ 105.853068, 21.025661 ], [ 105.853107, 21.025676 ], [ 105.853135, 21.025692 ], [ 105.853152, 21.025711 ] ] } },
{ "type": "Feature", "properties": { "u": 5857305450, "v": 11307444329, "key": 0 }, "geometry": { "type": "LineString", "coordinates": [ [ 105.853068, 21.025661 ], [ 105.853029, 21.02565 ], [ 105.852988, 21.025647 ], [ 105.852943, 21.025652 ], [ 105.852805, 21.025694 ] ] } },
{ "type": "Feature", "properties": { "u": 5857305452, "v": 11307611939, "key": 0 }, "geometry": { "type": "LineString", "coordinates": [ [ 105.85174, 21.026161 ], [ 105.851754, 21.026124 ] ] } },
{ "type": "Feature", "properties": { "u": 5857305452, "v": 11307716623, "key": 0 }, "geometry": { "type": "LineString", "coordinates": [ [ 105.85174, 21.026161 ], [ 105.851692, 21.026353 ] ] } },
{ "type": "Feature", "properties": { "u": 5857305452, "v": 6644656679, "key": 0 }, "geometry": { "type": "LineString", "coordinates": [ [ 105.85174, 21.026161 ], [ 105.851723, 21.026159 ], [ 105.851686, 21.026153 ] ] } },
{ "type": "Feature", "properties": { "u": 5857305467, "v": 11304581258, "key": 0 }, "geometry": { "type": "LineString", "coordinates": [ [ 105.851933, 21.03174 ], [ 105.851922, 21.031649 ] ] } },
{ "type": "Feature", "properties": { "u": 5857305467, "v": 11304581256, "key": 0 }, "geometry": { "type": "LineString", "coordinates": [ [ 105.851933, 21.03174 ], [ 105.852051, 21.031719 ], [ 105.852119, 21.0317 ] ] } },
{ "type": "Feature", "properties": { "u": 5857305467, "v": 11304890243, "key": 0 }, "geometry": { "type": "LineString", "coordinates": [ [ 105.851933, 21.03174 ], [ 105.851864, 21.031764 ], [ 105.851801, 21.031783 ], [ 105.851706, 21.031795 ], [ 105.851637, 21.031791 ], [ 105.851614, 21.031786 ] ] } },
{ "type": "Feature", "properties": { "u": 5857305467, "v": 6644554183, "key": 0 }, "geometry": { "type": "LineString", "coordinates": [ [ 105.851933, 21.03174 ], [ 105.851937, 21.031761 ], [ 105.851943, 21.031802 ] ] } },
{ "type": "Feature", "properties": { "u": 6045788864, "v": 4023155512, "key": 0 }, "geometry": { "type": "LineString", "coordinates": [ [ 105.853868, 21.03379 ], [ 105.853782, 21.033787 ] ] } },
{ "type": "Feature", "properties": { "u": 6045788864, "v": 84787075, "key": 0 }, "geometry": { "type": "LineString", "coordinates": [ [ 105.853868, 21.03379 ], [ 105.854304, 21.0338 ], [ 105.854414, 21.033803 ] ] } },
{ "type": "Feature", "properties": { "u": 6221789793, "v": 6689695905, "key": 0 }, "geometry": { "type": "LineString", "coordinates": [ [ 105.857659, 21.027789 ], [ 105.857411, 21.027726 ] ] } },
{ "type": "Feature", "properties": { "u": 6221789793, "v": 10586767858, "key": 0 }, "geometry": { "type": "LineString", "coordinates": [ [ 105.857659, 21.027789 ], [ 105.858025, 21.027893 ] ] } },
{ "type": "Feature", "properties": { "u": 6221789793, "v": 10586767787, "key": 0 }, "geometry": { "type": "LineString", "coordinates": [ [ 105.857659, 21.027789 ], [ 105.85768, 21.027729 ] ] } },
{ "type": "Feature", "properties": { "u": 6221789794, "v": 10586767787, "key": 0 }, "geometry": { "type": "LineString", "coordinates": [ [ 105.857791, 21.027388 ], [ 105.857727, 21.027572 ], [ 105.85768, 21.027729 ] ] } },
{ "type": "Feature", "properties": { "u": 6324265708, "v": 11304581241, "key": 0 }, "geometry": { "type": "LineString", "coordinates": [ [ 105.8533, 21.031149 ], [ 105.853189, 21.031098 ] ] } },
{ "type": "Feature", "properties": { "u": 6324265708, "v": 11465167153, "key": 0 }, "geometry": { "type": "LineString", "coordinates": [ [ 105.8533, 21.031149 ], [ 105.853328, 21.031166 ], [ 105.853379, 21.031184 ] ] } },
{ "type": "Feature", "properties": { "u": 6324265708, "v": 11304581234, "key": 0 }, "geometry": { "type": "LineString", "coordinates": [ [ 105.8533, 21.031149 ], [ 105.853397, 21.03098 ], [ 105.853409, 21.03096 ] ] } },
{ "type": "Feature", "properties": { "u": 6324265708, "v": 11304581246, "key": 0 }, "geometry": { "type": "LineString", "coordinates": [ [ 105.8533, 21.031149 ], [ 105.853266, 21.031205 ], [ 105.853186, 21.031338 ] ] } },
{ "type": "Feature", "properties": { "u": 6363620554, "v": 4023283637, "key": 0 }, "geometry": { "type": "LineString", "coordinates": [ [ 105.848613, 21.029523 ], [ 105.848766, 21.029592 ] ] } },
{ "type": "Feature", "properties": { "u": 6363620554, "v": 322505474, "key": 0 }, "geometry": { "type": "LineString", "coordinates": [ [ 105.848613, 21.029523 ], [ 105.84827, 21.029361 ] ] } },
{ "type": "Feature", "properties": { "u": 6363620554, "v": 7202327211, "key": 0 }, "geometry": { "type": "LineString", "coordinates": [ [ 105.848613, 21.029523 ], [ 105.848372, 21.029942 ] ] } },
{ "type": "Feature", "properties": { "u": 6403391495, "v": 13724436490, "key": 0 }, "geometry": { "type": "LineString", "coordinates": [ [ 105.853825, 21.031385 ], [ 105.853837, 21.031328 ] ] } },
{ "type": "Feature", "properties": { "u": 6403391495, "v": 10584029102, "key": 0 }, "geometry": { "type": "LineString", "coordinates": [ [ 105.853825, 21.031385 ], [ 105.853822, 21.031403 ] ] } },
{ "type": "Feature", "properties": { "u": 6403391495, "v": 6644368696, "key": 0 }, "geometry": { "type": "LineString", "coordinates": [ [ 105.853825, 21.031385 ], [ 105.853429, 21.031322 ] ] } },
{ "type": "Feature", "properties": { "u": 6408474767, "v": 11433601785, "key": 0 }, "geometry": { "type": "LineString", "coordinates": [ [ 105.848212, 21.029724 ], [ 105.848101, 21.029912 ], [ 105.847785, 21.02977 ] ] } },
{ "type": "Feature", "properties": { "u": 6408551374, "v": 6600677543, "key": 0 }, "geometry": { "type": "LineString", "coordinates": [ [ 105.856057, 21.03095 ], [ 105.855826, 21.031292 ] ] } },
{ "type": "Feature", "properties": { "u": 6408551374, "v": 6440634695, "key": 0 }, "geometry": { "type": "LineString", "coordinates": [ [ 105.856057, 21.03095 ], [ 105.855879, 21.030871 ], [ 105.855723, 21.030818 ], [ 105.855492, 21.030819 ], [ 105.855334, 21.030826 ] ] } },
{ "type": "Feature", "properties": { "u": 6412971618, "v": 6412971620, "key": 0 }, "geometry": { "type": "LineString", "coordinates": [ [ 105.857803, 21.032218 ], [ 105.857932, 21.031892 ] ] } },
{ "type": "Feature", "properties": { "u": 6412971620, "v": 13842374731, "key": 0 }, "geometry": { "type": "LineString", "coordinates": [ [ 105.857932, 21.031892 ], [ 105.858035, 21.031929 ] ] } },
{ "type": "Feature", "properties": { "u": 6412971620, "v": 5301822846, "key": 0 }, "geometry": { "type": "LineString", "coordinates": [ [ 105.857932, 21.031892 ], [ 105.857846, 21.031853 ] ] } },
{ "type": "Feature", "properties": { "u": 6412971620, "v": 6412971618, "key": 0 }, "geometry": { "type": "LineString", "coordinates": [ [ 105.857932, 21.031892 ], [ 105.857803, 21.032218 ] ] } },
{ "type": "Feature", "properties": { "u": 6412972864, "v": 6412972867, "key": 0 }, "geometry": { "type": "LineString", "coordinates": [ [ 105.85806, 21.033015 ], [ 105.857771, 21.032689 ] ] } },
{ "type": "Feature", "properties": { "u": 6412972865, "v": 6412972868, "key": 0 }, "geometry": { "type": "LineString", "coordinates": [ [ 105.857758, 21.033143 ], [ 105.857528, 21.032862 ] ] } },
{ "type": "Feature", "properties": { "u": 6412972867, "v": 1497603089, "key": 0 }, "geometry": { "type": "LineString", "coordinates": [ [ 105.857771, 21.032689 ], [ 105.857946, 21.032613 ] ] } },
{ "type": "Feature", "properties": { "u": 6412972867, "v": 6412972868, "key": 0 }, "geometry": { "type": "LineString", "coordinates": [ [ 105.857771, 21.032689 ], [ 105.857528, 21.032862 ] ] } },
{ "type": "Feature", "properties": { "u": 6412972867, "v": 6412972864, "key": 0 }, "geometry": { "type": "LineString", "coordinates": [ [ 105.857771, 21.032689 ], [ 105.85806, 21.033015 ] ] } },
{ "type": "Feature", "properties": { "u": 6412972868, "v": 6412972867, "key": 0 }, "geometry": { "type": "LineString", "coordinates": [ [ 105.857528, 21.032862 ], [ 105.857771, 21.032689 ] ] } },
{ "type": "Feature", "properties": { "u": 6412972868, "v": 1497603100, "key": 0 }, "geometry": { "type": "LineString", "coordinates": [ [ 105.857528, 21.032862 ], [ 105.8565, 21.033561 ] ] } },
{ "type": "Feature", "properties": { "u": 6412972868, "v": 6412972865, "key": 0 }, "geometry": { "type": "LineString", "coordinates": [ [ 105.857528, 21.032862 ], [ 105.857758, 21.033143 ] ] } },
{ "type": "Feature", "properties": { "u": 6417628902, "v": 6417628903, "key": 0 }, "geometry": { "type": "LineString", "coordinates": [ [ 105.855873, 21.030355 ], [ 105.855822, 21.030339 ], [ 105.855734, 21.030472 ], [ 105.856206, 21.030715 ] ] } },
{ "type": "Feature", "properties": { "u": 6417628903, "v": 6408551374, "key": 0 }, "geometry": { "type": "LineString", "coordinates": [ [ 105.856206, 21.030715 ], [ 105.856057, 21.03095 ] ] } },
{ "type": "Feature", "properties": { "u": 6417628903, "v": 6417628902, "key": 0 }, "geometry": { "type": "LineString", "coordinates": [ [ 105.856206, 21.030715 ], [ 105.855734, 21.030472 ], [ 105.855822, 21.030339 ], [ 105.855873, 21.030355 ] ] } },
{ "type": "Feature", "properties": { "u": 6440634695, "v": 6408551374, "key": 0 }, "geometry": { "type": "LineString", "coordinates": [ [ 105.855334, 21.030826 ], [ 105.855492, 21.030819 ], [ 105.855723, 21.030818 ], [ 105.855879, 21.030871 ], [ 105.856057, 21.03095 ] ] } },
{ "type": "Feature", "properties": { "u": 6581795464, "v": 13001238010, "key": 0 }, "geometry": { "type": "LineString", "coordinates": [ [ 105.84757, 21.0319 ], [ 105.847763, 21.031605 ] ] } },
{ "type": "Feature", "properties": { "u": 6581795464, "v": 13809700094, "key": 0 }, "geometry": { "type": "LineString", "coordinates": [ [ 105.84757, 21.0319 ], [ 105.846884, 21.031721 ], [ 105.846831, 21.031662 ] ] } },
{ "type": "Feature", "properties": { "u": 6581795464, "v": 103012142, "key": 0 }, "geometry": { "type": "LineString", "coordinates": [ [ 105.84757, 21.0319 ], [ 105.847766, 21.031959 ], [ 105.848202, 21.032069 ] ] } },
{ "type": "Feature", "properties": { "u": 6581795466, "v": 13001238010, "key": 0 }, "geometry": { "type": "LineString", "coordinates": [ [ 105.847821, 21.031363 ], [ 105.847888, 21.03142 ], [ 105.847763, 21.031605 ] ] } },
{ "type": "Feature", "properties": { "u": 6581795466, "v": 13001238010, "key": 1 }, "geometry": { "type": "LineString", "coordinates": [ [ 105.847821, 21.031363 ], [ 105.847606, 21.03124 ], [ 105.847495, 21.031421 ], [ 105.847543, 21.031442 ], [ 105.84753, 21.031475 ], [ 105.847562, 21.031495 ], [ 105.847556, 21.031505 ], [ 105.84763, 21.031547 ], [ 105.847642, 21.03154 ], [ 105.847763, 21.031605 ] ] } },
{ "type": "Feature", "properties": { "u": 6581795466, "v": 321989159, "key": 0 }, "geometry": { "type": "LineString", "coordinates": [ [ 105.847821, 21.031363 ], [ 105.847881, 21.031268 ], [ 105.847952, 21.03114 ], [ 105.848137, 21.030804 ] ] } },
{ "type": "Feature", "properties": { "u": 6588880019, "v": 6588880035, "key": 0 }, "geometry": { "type": "LineString", "coordinates": [ [ 105.849639, 21.027365 ], [ 105.849678, 21.027375 ], [ 105.849733, 21.027391 ] ] } },
{ "type": "Feature", "properties": { "u": 6588880022, "v": 6588880035, "key": 0 }, "geometry": { "type": "LineString", "coordinates": [ [ 105.849876, 21.027426 ], [ 105.849871, 21.027442 ], [ 105.849847, 21.027467 ], [ 105.849813, 21.027478 ], [ 105.849777, 21.027473 ], [ 105.849748, 21.027453 ], [ 105.849732, 21.027423 ], [ 105.849733, 21.027391 ] ] } },
{ "type": "Feature", "properties": { "u": 6588880022, "v": 6588880035, "key": 1 }, "geometry": { "type": "LineString", "coordinates": [ [ 105.849876, 21.027426 ], [ 105.84988, 21.02741 ], [ 105.849873, 21.027377 ], [ 105.84985, 21.027352 ], [ 105.849816, 21.027339 ], [ 105.849781, 21.027342 ], [ 105.849751, 21.02736 ], [ 105.849733, 21.027391 ] ] } },
{ "type": "Feature", "properties": { "u": 6588880022, "v": 5703662597, "key": 0 }, "geometry": { "type": "LineString", "coordinates": [ [ 105.849876, 21.027426 ], [ 105.849904, 21.027432 ], [ 105.849998, 21.027455 ] ] } },
{ "type": "Feature", "properties": { "u": 6588880035, "v": 6588880019, "key": 0 }, "geometry": { "type": "LineString", "coordinates": [ [ 105.849733, 21.027391 ], [ 105.849678, 21.027375 ], [ 105.849639, 21.027365 ] ] } },
{ "type": "Feature", "properties": { "u": 6588880035, "v": 6588880022, "key": 0 }, "geometry": { "type": "LineString", "coordinates": [ [ 105.849733, 21.027391 ], [ 105.849751, 21.02736 ], [ 105.849781, 21.027342 ], [ 105.849816, 21.027339 ], [ 105.84985, 21.027352 ], [ 105.849873, 21.027377 ], [ 105.84988, 21.02741 ], [ 105.849876, 21.027426 ] ] } },
{ "type": "Feature", "properties": { "u": 6588880035, "v": 6588880022, "key": 1 }, "geometry": { "type": "LineString", "coordinates": [ [ 105.849733, 21.027391 ], [ 105.849732, 21.027423 ], [ 105.849748, 21.027453 ], [ 105.849777, 21.027473 ], [ 105.849813, 21.027478 ], [ 105.849847, 21.027467 ], [ 105.849871, 21.027442 ], [ 105.849876, 21.027426 ] ] } },
{ "type": "Feature", "properties": { "u": 6591425284, "v": 8176641138, "key": 0 }, "geometry": { "type": "LineString", "coordinates": [ [ 105.851461, 21.025131 ], [ 105.851541, 21.025116 ] ] } },
{ "type": "Feature", "properties": { "u": 6591425284, "v": 6644549177, "key": 0 }, "geometry": { "type": "LineString", "coordinates": [ [ 105.851461, 21.025131 ], [ 105.851365, 21.024844 ] ] } },
{ "type": "Feature", "properties": { "u": 6591434086, "v": 8176641138, "key": 0 }, "geometry": { "type": "LineString", "coordinates": [ [ 105.852148, 21.025231 ], [ 105.85205, 21.025178 ], [ 105.852054, 21.025124 ], [ 105.851938, 21.025092 ], [ 105.851884, 21.025077 ], [ 105.851826, 21.025073 ], [ 105.851541, 21.025116 ] ] } },
{ "type": "Feature", "properties": { "u": 6591434086, "v": 12713005342, "key": 0 }, "geometry": { "type": "LineString", "coordinates": [ [ 105.852148, 21.025231 ], [ 105.852154, 21.025291 ], [ 105.852164, 21.025354 ], [ 105.85218, 21.025438 ], [ 105.85229, 21.0257 ] ] } },
{ "type": "Feature", "properties": { "u": 6591434086, "v": 12408809724, "key": 0 }, "geometry": { "type": "LineString", "coordinates": [ [ 105.852148, 21.025231 ], [ 105.852181, 21.025261 ], [ 105.852197, 21.025269 ], [ 105.852216, 21.025272 ], [ 105.852237, 21.02527 ], [ 105.852261, 21.02526 ], [ 105.852283, 21.025247 ], [ 105.852302, 21.025228 ] ] } },
{ "type": "Feature", "properties": { "u": 6591434255, "v": 6591434256, "key": 0 }, "geometry": { "type": "LineString", "coordinates": [ [ 105.848494, 21.027172 ], [ 105.848385, 21.026869 ] ] } },
{ "type": "Feature", "properties": { "u": 6591434256, "v": 6591434255, "key": 0 }, "geometry": { "type": "LineString", "coordinates": [ [ 105.848385, 21.026869 ], [ 105.848494, 21.027172 ] ] } },
{ "type": "Feature", "properties": { "u": 6591434256, "v": 98009663, "key": 0 }, "geometry": { "type": "LineString", "coordinates": [ [ 105.848385, 21.026869 ], [ 105.848053, 21.026966 ], [ 105.847959, 21.026994 ], [ 105.847791, 21.027044 ] ] } },
{ "type": "Feature", "properties": { "u": 6591434269, "v": 6591434270, "key": 0 }, "geometry": { "type": "LineString", "coordinates": [ [ 105.848741, 21.027 ], [ 105.848671, 21.026797 ] ] } },
{ "type": "Feature", "properties": { "u": 6591434270, "v": 6591434269, "key": 0 }, "geometry": { "type": "LineString", "coordinates": [ [ 105.848671, 21.026797 ], [ 105.848741, 21.027 ] ] } },
{ "type": "Feature", "properties": { "u": 6591434270, "v": 6591434256, "key": 0 }, "geometry": { "type": "LineString", "coordinates": [ [ 105.848671, 21.026797 ], [ 105.848385, 21.026869 ] ] } },
{ "type": "Feature", "properties": { "u": 6591434558, "v": 11832076990, "key": 0 }, "geometry": { "type": "LineString", "coordinates": [ [ 105.851229, 21.029126 ], [ 105.85134, 21.029149 ], [ 105.851383, 21.029157 ] ] } },
{ "type": "Feature", "properties": { "u": 6591434558, "v": 6591434561, "key": 0 }, "geometry": { "type": "LineString", "coordinates": [ [ 105.851229, 21.029126 ], [ 105.851219, 21.029169 ], [ 105.851135, 21.029151 ], [ 105.851146, 21.029108 ] ] } },
{ "type": "Feature", "properties": { "u": 6591434558, "v": 6591434561, "key": 1 }, "geometry": { "type": "LineString", "coordinates": [ [ 105.851229, 21.029126 ], [ 105.851242, 21.029074 ], [ 105.851158, 21.029056 ], [ 105.851146, 21.029108 ] ] } },
{ "type": "Feature", "properties": { "u": 6591434561, "v": 11832076988, "key": 0 }, "geometry": { "type": "LineString", "coordinates": [ [ 105.851146, 21.029108 ], [ 105.851102, 21.029097 ], [ 105.851078, 21.029091 ], [ 105.850986, 21.029067 ] ] } },
{ "type": "Feature", "properties": { "u": 6591434561, "v": 6591434558, "key": 0 }, "geometry": { "type": "LineString", "coordinates": [ [ 105.851146, 21.029108 ], [ 105.851158, 21.029056 ], [ 105.851242, 21.029074 ], [ 105.851229, 21.029126 ] ] } },
{ "type": "Feature", "properties": { "u": 6591434561, "v": 6591434558, "key": 1 }, "geometry": { "type": "LineString", "coordinates": [ [ 105.851146, 21.029108 ], [ 105.851135, 21.029151 ], [ 105.851219, 21.029169 ], [ 105.851229, 21.029126 ] ] } },
{ "type": "Feature", "properties": { "u": 6591434569, "v": 11832076987, "key": 0 }, "geometry": { "type": "LineString", "coordinates": [ [ 105.850682, 21.029001 ], [ 105.850728, 21.029019 ] ] } },
{ "type": "Feature", "properties": { "u": 6591434569, "v": 6591434586, "key": 0 }, "geometry": { "type": "LineString", "coordinates": [ [ 105.850682, 21.029001 ], [ 105.850703, 21.028956 ], [ 105.850725, 21.028909 ] ] } },
{ "type": "Feature", "properties": { "u": 6591434586, "v": 11832076994, "key": 0 }, "geometry": { "type": "LineString", "coordinates": [ [ 105.850725, 21.028909 ], [ 105.850771, 21.028927 ] ] } },
{ "type": "Feature", "properties": { "u": 6591434586, "v": 104763597, "key": 0 }, "geometry": { "type": "LineString", "coordinates": [ [ 105.850725, 21.028909 ], [ 105.851014, 21.028251 ], [ 105.851164, 21.027873 ] ] } },
{ "type": "Feature", "properties": { "u": 6600251034, "v": 10586767859, "key": 0 }, "geometry": { "type": "LineString", "coordinates": [ [ 105.857796, 21.028661 ], [ 105.857839, 21.028569 ], [ 105.858118, 21.027973 ] ] } },
{ "type": "Feature", "properties": { "u": 6600251048, "v": 6600251057, "key": 0 }, "geometry": { "type": "LineString", "coordinates": [ [ 105.857405, 21.029444 ], [ 105.85743, 21.029379 ] ] } },
{ "type": "Feature", "properties": { "u": 6600251048, "v": 320410353, "key": 0 }, "geometry": { "type": "LineString", "coordinates": [ [ 105.857405, 21.029444 ], [ 105.857505, 21.029421 ], [ 105.857536, 21.029382 ], [ 105.857562, 21.029319 ], [ 105.857585, 21.029271 ], [ 105.857608, 21.029216 ], [ 105.857623, 21.029201 ], [ 105.857682, 21.029171 ], [ 105.857793, 21.029191 ] ] } },
{ "type": "Feature", "properties": { "u": 6600251051, "v": 6600251048, "key": 0 }, "geometry": { "type": "LineString", "coordinates": [ [ 105.85725, 21.029767 ], [ 105.857385, 21.029485 ], [ 105.857405, 21.029444 ] ] } },
{ "type": "Feature", "properties": { "u": 6600251051, "v": 6600251057, "key": 0 }, "geometry": { "type": "LineString", "coordinates": [ [ 105.85725, 21.029767 ], [ 105.857212, 21.029744 ], [ 105.857188, 21.029722 ], [ 105.85717, 21.02969 ], [ 105.857265, 21.029402 ], [ 105.857304, 21.029372 ], [ 105.857369, 21.029373 ], [ 105.85743, 21.029379 ] ] } },
{ "type": "Feature", "properties": { "u": 6600251057, "v": 102984264, "key": 0 }, "geometry": { "type": "LineString", "coordinates": [ [ 105.85743, 21.029379 ], [ 105.857538, 21.029131 ] ] } },
{ "type": "Feature", "properties": { "u": 6600251057, "v": 6600251051, "key": 0 }, "geometry": { "type": "LineString", "coordinates": [ [ 105.85743, 21.029379 ], [ 105.857369, 21.029373 ], [ 105.857304, 21.029372 ], [ 105.857265, 21.029402 ], [ 105.85717, 21.02969 ], [ 105.857188, 21.029722 ], [ 105.857212, 21.029744 ], [ 105.85725, 21.029767 ] ] } },
{ "type": "Feature", "properties": { "u": 6600308999, "v": 6689695904, "key": 0 }, "geometry": { "type": "LineString", "coordinates": [ [ 105.856958, 21.028975 ], [ 105.857306, 21.027823 ] ] } },
{ "type": "Feature", "properties": { "u": 6600308999, "v": 271745504, "key": 0 }, "geometry": { "type": "LineString", "coordinates": [ [ 105.856958, 21.028975 ], [ 105.856921, 21.029063 ] ] } },
{ "type": "Feature", "properties": { "u": 6600308999, "v": 10586767850, "key": 0 }, "geometry": { "type": "LineString", "coordinates": [ [ 105.856958, 21.028975 ], [ 105.856996, 21.028981 ] ] } },
{ "type": "Feature", "properties": { "u": 6600308999, "v": 10586767856, "key": 0 }, "geometry": { "type": "LineString", "coordinates": [ [ 105.856958, 21.028975 ], [ 105.856915, 21.028967 ] ] } },
{ "type": "Feature", "properties": { "u": 6600677543, "v": 104769587, "key": 0 }, "geometry": { "type": "LineString", "coordinates": [ [ 105.855826, 21.031292 ], [ 105.855967, 21.031265 ], [ 105.856402, 21.031314 ], [ 105.85652, 21.031324 ] ] } },
{ "type": "Feature", "properties": { "u": 6600677543, "v": 104768131, "key": 0 }, "geometry": { "type": "LineString", "coordinates": [ [ 105.855826, 21.031292 ], [ 105.855719, 21.031304 ], [ 105.85469, 21.031425 ], [ 105.854568, 21.031433 ] ] } },
{ "type": "Feature", "properties": { "u": 6600677543, "v": 12450416485, "key": 0 }, "geometry": { "type": "LineString", "coordinates": [ [ 105.855826, 21.031292 ], [ 105.855772, 21.031432 ], [ 105.855512, 21.032523 ] ] } },
{ "type": "Feature", "properties": { "u": 6600777419, "v": 1497603079, "key": 0 }, "geometry": { "type": "LineString", "coordinates": [ [ 105.856598, 21.0319 ], [ 105.856855, 21.031421 ] ] } },
{ "type": "Feature", "properties": { "u": 6600777419, "v": 6600777421, "key": 0 }, "geometry": { "type": "LineString", "coordinates": [ [ 105.856598, 21.0319 ], [ 105.856414, 21.032317 ] ] } },
{ "type": "Feature", "properties": { "u": 6600777419, "v": 1497603083, "key": 0 }, "geometry": { "type": "LineString", "coordinates": [ [ 105.856598, 21.0319 ], [ 105.857047, 21.032075 ] ] } },
{ "type": "Feature", "properties": { "u": 6600777421, "v": 6600777419, "key": 0 }, "geometry": { "type": "LineString", "coordinates": [ [ 105.856414, 21.032317 ], [ 105.856598, 21.0319 ] ] } },
{ "type": "Feature", "properties": { "u": 6600777421, "v": 5701112181, "key": 0 }, "geometry": { "type": "LineString", "coordinates": [ [ 105.856414, 21.032317 ], [ 105.856294, 21.032569 ] ] } },
{ "type": "Feature", "properties": { "u": 6600777421, "v": 10113458789, "key": 0 }, "geometry": { "type": "LineString", "coordinates": [ [ 105.856414, 21.032317 ], [ 105.856675, 21.03241 ], [ 105.856796, 21.032459 ], [ 105.856844, 21.03248 ] ] } },
{ "type": "Feature", "properties": { "u": 6644282408, "v": 6644906351, "key": 0 }, "geometry": { "type": "LineString", "coordinates": [ [ 105.855481, 21.028846 ], [ 105.855823, 21.027751 ] ] } },
{ "type": "Feature", "properties": { "u": 6644282408, "v": 10584029030, "key": 0 }, "geometry": { "type": "LineString", "coordinates": [ [ 105.855481, 21.028846 ], [ 105.855549, 21.028862 ] ] } },
{ "type": "Feature", "properties": { "u": 6644282408, "v": 10584029029, "key": 0 }, "geometry": { "type": "LineString", "coordinates": [ [ 105.855481, 21.028846 ], [ 105.855407, 21.028829 ] ] } },
{ "type": "Feature", "properties": { "u": 6644360680, "v": 10583987403, "key": 0 }, "geometry": { "type": "LineString", "coordinates": [ [ 105.853917, 21.030797 ], [ 105.853959, 21.030795 ] ] } },
{ "type": "Feature", "properties": { "u": 6644360680, "v": 10583987400, "key": 0 }, "geometry": { "type": "LineString", "coordinates": [ [ 105.853917, 21.030797 ], [ 105.853934, 21.031276 ] ] } },
{ "type": "Feature", "properties": { "u": 6644360680, "v": 10584029011, "key": 0 }, "geometry": { "type": "LineString", "coordinates": [ [ 105.853917, 21.030797 ], [ 105.853892, 21.030807 ], [ 105.853875, 21.030814 ] ] } },
{ "type": "Feature", "properties": { "u": 6644360681, "v": 9966237336, "key": 0 }, "geometry": { "type": "LineString", "coordinates": [ [ 105.853777, 21.02872 ], [ 105.853864, 21.028705 ] ] } },
{ "type": "Feature", "properties": { "u": 6644360681, "v": 309642117, "key": 0 }, "geometry": { "type": "LineString", "coordinates": [ [ 105.853777, 21.02872 ], [ 105.85379, 21.028799 ] ] } },
{ "type": "Feature", "properties": { "u": 6644360681, "v": 963611926, "key": 0 }, "geometry": { "type": "LineString", "coordinates": [ [ 105.853777, 21.02872 ], [ 105.853718, 21.028729 ], [ 105.85368, 21.028735 ] ] } },
{ "type": "Feature", "properties": { "u": 6644368695, "v": 10584029053, "key": 0 }, "geometry": { "type": "LineString", "coordinates": [ [ 105.853147, 21.031838 ], [ 105.85319, 21.031834 ] ] } },
{ "type": "Feature", "properties": { "u": 6644368695, "v": 10584029068, "key": 0 }, "geometry": { "type": "LineString", "coordinates": [ [ 105.853147, 21.031838 ], [ 105.853107, 21.031841 ] ] } },
{ "type": "Feature", "properties": { "u": 6644368695, "v": 1497570435, "key": 0 }, "geometry": { "type": "LineString", "coordinates": [ [ 105.853147, 21.031838 ], [ 105.853134, 21.031571 ] ] } },
{ "type": "Feature", "properties": { "u": 6644368695, "v": 10584029101, "key": 0 }, "geometry": { "type": "LineString", "coordinates": [ [ 105.853147, 21.031838 ], [ 105.853157, 21.032067 ] ] } },
{ "type": "Feature", "properties": { "u": 6644368696, "v": 13724436488, "key": 0 }, "geometry": { "type": "LineString", "coordinates": [ [ 105.853429, 21.031322 ], [ 105.853464, 21.031247 ] ] } },
{ "type": "Feature", "properties": { "u": 6644368696, "v": 10584029044, "key": 0 }, "geometry": { "type": "LineString", "coordinates": [ [ 105.853429, 21.031322 ], [ 105.853421, 21.031348 ] ] } },
{ "type": "Feature", "properties": { "u": 6644368696, "v": 5405026120, "key": 0 }, "geometry": { "type": "LineString", "coordinates": [ [ 105.853429, 21.031322 ], [ 105.853306, 21.031303 ] ] } },
{ "type": "Feature", "properties": { "u": 6644523687, "v": 8176640956, "key": 0 }, "geometry": { "type": "LineString", "coordinates": [ [ 105.85147, 21.026006 ], [ 105.851452, 21.025949 ] ] } },
{ "type": "Feature", "properties": { "u": 6644523687, "v": 1497570400, "key": 0 }, "geometry": { "type": "LineString", "coordinates": [ [ 105.85147, 21.026006 ], [ 105.850662, 21.026236 ], [ 105.850573, 21.026262 ] ] } },
{ "type": "Feature", "properties": { "u": 6644523689, "v": 6644523687, "key": 0 }, "geometry": { "type": "LineString", "coordinates": [ [ 105.851679, 21.025945 ], [ 105.85147, 21.026006 ] ] } },
{ "type": "Feature", "properties": { "u": 6644523689, "v": 977640003, "key": 0 }, "geometry": { "type": "LineString", "coordinates": [ [ 105.851679, 21.025945 ], [ 105.851871, 21.025886 ] ] } },
{ "type": "Feature", "properties": { "u": 6644523689, "v": 8176640946, "key": 0 }, "geometry": { "type": "LineString", "coordinates": [ [ 105.851679, 21.025945 ], [ 105.851666, 21.025808 ] ] } },
{ "type": "Feature", "properties": { "u": 6644523691, "v": 6644656679, "key": 0 }, "geometry": { "type": "LineString", "coordinates": [ [ 105.851598, 21.026139 ], [ 105.851686, 21.026153 ] ] } },
{ "type": "Feature", "properties": { "u": 6644523691, "v": 6644523689, "key": 0 }, "geometry": { "type": "LineString", "coordinates": [ [ 105.851598, 21.026139 ], [ 105.851626, 21.026067 ], [ 105.851679, 21.025945 ] ] } },
{ "type": "Feature", "properties": { "u": 6644523693, "v": 4023225769, "key": 0 }, "geometry": { "type": "LineString", "coordinates": [ [ 105.851193, 21.027738 ], [ 105.851447, 21.026736 ] ] } },
{ "type": "Feature", "properties": { "u": 6644523693, "v": 6644656681, "key": 0 }, "geometry": { "type": "LineString", "coordinates": [ [ 105.851193, 21.027738 ], [ 105.851269, 21.02776 ] ] } },
{ "type": "Feature", "properties": { "u": 6644523698, "v": 11311214215, "key": 0 }, "geometry": { "type": "LineString", "coordinates": [ [ 105.851266, 21.028248 ], [ 105.851218, 21.028267 ] ] } },
{ "type": "Feature", "properties": { "u": 6644523698, "v": 104763597, "key": 0 }, "geometry": { "type": "LineString", "coordinates": [ [ 105.851266, 21.028248 ], [ 105.851227, 21.028151 ], [ 105.851186, 21.02801 ], [ 105.851164, 21.027873 ] ] } },
{ "type": "Feature", "properties": { "u": 6644523698, "v": 11311214214, "key": 0 }, "geometry": { "type": "LineString", "coordinates": [ [ 105.851266, 21.028248 ], [ 105.851314, 21.028241 ], [ 105.851335, 21.028236 ] ] } },
{ "type": "Feature", "properties": { "u": 6644523700, "v": 11832076990, "key": 0 }, "geometry": { "type": "LineString", "coordinates": [ [ 105.85111, 21.030311 ], [ 105.85136, 21.029272 ], [ 105.851383, 21.029157 ] ] } },
{ "type": "Feature", "properties": { "u": 6644523700, "v": 11336026482, "key": 0 }, "geometry": { "type": "LineString", "coordinates": [ [ 105.85111, 21.030311 ], [ 105.851156, 21.030322 ], [ 105.851188, 21.03033 ] ] } },
{ "type": "Feature", "properties": { "u": 6644523701, "v": 309601293, "key": 0 }, "geometry": { "type": "LineString", "coordinates": [ [ 105.851037, 21.030597 ], [ 105.851061, 21.030494 ] ] } },
{ "type": "Feature", "properties": { "u": 6644523701, "v": 11336026483, "key": 0 }, "geometry": { "type": "LineString", "coordinates": [ [ 105.851037, 21.030597 ], [ 105.851082, 21.030607 ], [ 105.851113, 21.030614 ] ] } },
{ "type": "Feature", "properties": { "u": 6644549175, "v": 98009137, "key": 0 }, "geometry": { "type": "LineString", "coordinates": [ [ 105.851486, 21.024671 ], [ 105.851322, 21.024719 ] ] } },
{ "type": "Feature", "properties": { "u": 6644549175, "v": 13347139075, "key": 0 }, "geometry": { "type": "LineString", "coordinates": [ [ 105.851486, 21.024671 ], [ 105.851564, 21.024648 ] ] } },
{ "type": "Feature", "properties": { "u": 6644549175, "v": 8173724264, "key": 0 }, "geometry": { "type": "LineString", "coordinates": [ [ 105.851486, 21.024671 ], [ 105.851463, 21.024589 ] ] } },
{ "type": "Feature", "properties": { "u": 6644549175, "v": 8176640935, "key": 0 }, "geometry": { "type": "LineString", "coordinates": [ [ 105.851486, 21.024671 ], [ 105.851507, 21.024723 ] ] } },
{ "type": "Feature", "properties": { "u": 6644549176, "v": 5704353655, "key": 0 }, "geometry": { "type": "LineString", "coordinates": [ [ 105.851186, 21.024757 ], [ 105.85069, 21.024905 ] ] } },
{ "type": "Feature", "properties": { "u": 6644549176, "v": 98009137, "key": 0 }, "geometry": { "type": "LineString", "coordinates": [ [ 105.851186, 21.024757 ], [ 105.851322, 21.024719 ] ] } },
{ "type": "Feature", "properties": { "u": 6644549176, "v": 8176640925, "key": 0 }, "geometry": { "type": "LineString", "coordinates": [ [ 105.851186, 21.024757 ], [ 105.851163, 21.024682 ] ] } },
{ "type": "Feature", "properties": { "u": 6644549176, "v": 8176599811, "key": 0 }, "geometry": { "type": "LineString", "coordinates": [ [ 105.851186, 21.024757 ], [ 105.851206, 21.024822 ] ] } },
{ "type": "Feature", "properties": { "u": 6644549177, "v": 98009137, "key": 0 }, "geometry": { "type": "LineString", "coordinates": [ [ 105.851365, 21.024844 ], [ 105.851322, 21.024719 ] ] } },
{ "type": "Feature", "properties": { "u": 6644549177, "v": 8176640951, "key": 0 }, "geometry": { "type": "LineString", "coordinates": [ [ 105.851365, 21.024844 ], [ 105.851444, 21.024823 ] ] } },
{ "type": "Feature", "properties": { "u": 6644549177, "v": 8176599814, "key": 0 }, "geometry": { "type": "LineString", "coordinates": [ [ 105.851365, 21.024844 ], [ 105.851283, 21.024867 ] ] } },
{ "type": "Feature", "properties": { "u": 6644554183, "v": 11336026501, "key": 0 }, "geometry": { "type": "LineString", "coordinates": [ [ 105.851943, 21.031802 ], [ 105.851951, 21.031849 ] ] } },
{ "type": "Feature", "properties": { "u": 6644554183, "v": 5857305467, "key": 0 }, "geometry": { "type": "LineString", "coordinates": [ [ 105.851943, 21.031802 ], [ 105.851937, 21.031761 ], [ 105.851933, 21.03174 ] ] } },
{ "type": "Feature", "properties": { "u": 6644554183, "v": 1497570444, "key": 0 }, "geometry": { "type": "LineString", "coordinates": [ [ 105.851943, 21.031802 ], [ 105.851869, 21.031842 ], [ 105.851809, 21.031866 ], [ 105.851724, 21.031882 ] ] } },
{ "type": "Feature", "properties": { "u": 6644656677, "v": 11307716700, "key": 0 }, "geometry": { "type": "LineString", "coordinates": [ [ 105.851583, 21.026764 ], [ 105.851564, 21.026831 ] ] } },
{ "type": "Feature", "properties": { "u": 6644656677, "v": 6644656678, "key": 0 }, "geometry": { "type": "LineString", "coordinates": [ [ 105.851583, 21.026764 ], [ 105.851566, 21.026761 ], [ 105.85153, 21.026754 ] ] } },
{ "type": "Feature", "properties": { "u": 6644656677, "v": 11307716636, "key": 0 }, "geometry": { "type": "LineString", "coordinates": [ [ 105.851583, 21.026764 ], [ 105.851643, 21.02654 ], [ 105.851647, 21.026529 ] ] } },
{ "type": "Feature", "properties": { "u": 6644656678, "v": 4023225769, "key": 0 }, "geometry": { "type": "LineString", "coordinates": [ [ 105.85153, 21.026754 ], [ 105.851447, 21.026736 ] ] } },
{ "type": "Feature", "properties": { "u": 6644656678, "v": 6644656679, "key": 0 }, "geometry": { "type": "LineString", "coordinates": [ [ 105.85153, 21.026754 ], [ 105.851686, 21.026153 ] ] } },
{ "type": "Feature", "properties": { "u": 6644656678, "v": 6644656677, "key": 0 }, "geometry": { "type": "LineString", "coordinates": [ [ 105.85153, 21.026754 ], [ 105.851566, 21.026761 ], [ 105.851583, 21.026764 ] ] } },
{ "type": "Feature", "properties": { "u": 6644656679, "v": 6644523691, "key": 0 }, "geometry": { "type": "LineString", "coordinates": [ [ 105.851686, 21.026153 ], [ 105.851598, 21.026139 ] ] } },
{ "type": "Feature", "properties": { "u": 6644656679, "v": 6644523689, "key": 0 }, "geometry": { "type": "LineString", "coordinates": [ [ 105.851686, 21.026153 ], [ 105.851679, 21.025945 ] ] } },
{ "type": "Feature", "properties": { "u": 6644656679, "v": 5857305452, "key": 0 }, "geometry": { "type": "LineString", "coordinates": [ [ 105.851686, 21.026153 ], [ 105.851723, 21.026159 ], [ 105.85174, 21.026161 ] ] } },
{ "type": "Feature", "properties": { "u": 6644656681, "v": 6644523693, "key": 0 }, "geometry": { "type": "LineString", "coordinates": [ [ 105.851269, 21.02776 ], [ 105.851193, 21.027738 ] ] } },
{ "type": "Feature", "properties": { "u": 6644656681, "v": 6644656682, "key": 0 }, "geometry": { "type": "LineString", "coordinates": [ [ 105.851269, 21.02776 ], [ 105.851295, 21.027766 ], [ 105.851315, 21.027771 ] ] } },
{ "type": "Feature", "properties": { "u": 6644656681, "v": 6644656678, "key": 0 }, "geometry": { "type": "LineString", "coordinates": [ [ 105.851269, 21.02776 ], [ 105.851364, 21.027398 ], [ 105.85153, 21.026754 ] ] } },
{ "type": "Feature", "properties": { "u": 6644656682, "v": 11307716848, "key": 0 }, "geometry": { "type": "LineString", "coordinates": [ [ 105.851315, 21.027771 ], [ 105.851367, 21.027579 ] ] } },
{ "type": "Feature", "properties": { "u": 6644656682, "v": 11307716867, "key": 0 }, "geometry": { "type": "LineString", "coordinates": [ [ 105.851315, 21.027771 ], [ 105.851309, 21.027793 ] ] } },
{ "type": "Feature", "properties": { "u": 6644656682, "v": 6644656681, "key": 0 }, "geometry": { "type": "LineString", "coordinates": [ [ 105.851315, 21.027771 ], [ 105.851295, 21.027766 ], [ 105.851269, 21.02776 ] ] } },
{ "type": "Feature", "properties": { "u": 6644906345, "v": 11443758450, "key": 0 }, "geometry": { "type": "LineString", "coordinates": [ [ 105.856181, 21.026759 ], [ 105.856238, 21.026772 ] ] } },
{ "type": "Feature", "properties": { "u": 6644906345, "v": 11448958433, "key": 0 }, "geometry": { "type": "LineString", "coordinates": [ [ 105.856181, 21.026759 ], [ 105.856117, 21.026746 ], [ 105.855992, 21.026784 ] ] } },
{ "type": "Feature", "properties": { "u": 6644906345, "v": 1813639973, "key": 0 }, "geometry": { "type": "LineString", "coordinates": [ [ 105.856181, 21.026759 ], [ 105.856145, 21.026881 ], [ 105.856118, 21.026989 ] ] } },
{ "type": "Feature", "properties": { "u": 6644906346, "v": 8184606301, "key": 0 }, "geometry": { "type": "LineString", "coordinates": [ [ 105.855686, 21.026568 ], [ 105.855605, 21.02659 ] ] } },
{ "type": "Feature", "properties": { "u": 6644906346, "v": 5703788565, "key": 0 }, "geometry": { "type": "LineString", "coordinates": [ [ 105.855686, 21.026568 ], [ 105.855606, 21.026323 ] ] } },
{ "type": "Feature", "properties": { "u": 6644906346, "v": 11448958459, "key": 0 }, "geometry": { "type": "LineString", "coordinates": [ [ 105.855686, 21.026568 ], [ 105.855762, 21.026548 ], [ 105.855836, 21.026525 ] ] } },
{ "type": "Feature", "properties": { "u": 6644906347, "v": 5703662587, "key": 0 }, "geometry": { "type": "LineString", "coordinates": [ [ 105.855645, 21.027038 ], [ 105.854789, 21.027158 ] ] } },
{ "type": "Feature", "properties": { "u": 6644906347, "v": 8184606203, "key": 0 }, "geometry": { "type": "LineString", "coordinates": [ [ 105.855645, 21.027038 ], [ 105.855638, 21.026993 ] ] } },
{ "type": "Feature", "properties": { "u": 6644906347, "v": 8184606303, "key": 0 }, "geometry": { "type": "LineString", "coordinates": [ [ 105.855645, 21.027038 ], [ 105.855651, 21.02708 ], [ 105.855654, 21.027097 ] ] } },
{ "type": "Feature", "properties": { "u": 6644906348, "v": 6689695903, "key": 0 }, "geometry": { "type": "LineString", "coordinates": [ [ 105.856286, 21.027633 ], [ 105.857228, 21.027736 ] ] } },
{ "type": "Feature", "properties": { "u": 6644906348, "v": 10586767823, "key": 0 }, "geometry": { "type": "LineString", "coordinates": [ [ 105.856286, 21.027633 ], [ 105.85629, 21.027585 ] ] } },
{ "type": "Feature", "properties": { "u": 6644906348, "v": 10586767808, "key": 0 }, "geometry": { "type": "LineString", "coordinates": [ [ 105.856286, 21.027633 ], [ 105.85628, 21.027678 ] ] } },
{ "type": "Feature", "properties": { "u": 6644906348, "v": 13026719357, "key": 0 }, "geometry": { "type": "LineString", "coordinates": [ [ 105.856286, 21.027633 ], [ 105.856171, 21.027616 ], [ 105.856073, 21.027549 ] ] } },
{ "type": "Feature", "properties": { "u": 6644906349, "v": 6662423008, "key": 0 }, "geometry": { "type": "LineString", "coordinates": [ [ 105.856132, 21.027842 ], [ 105.856494, 21.028894 ] ] } },
{ "type": "Feature", "properties": { "u": 6644906349, "v": 11453135192, "key": 0 }, "geometry": { "type": "LineString", "coordinates": [ [ 105.856132, 21.027842 ], [ 105.856202, 21.027819 ] ] } },
{ "type": "Feature", "properties": { "u": 6644906349, "v": 10586767825, "key": 0 }, "geometry": { "type": "LineString", "coordinates": [ [ 105.856132, 21.027842 ], [ 105.856066, 21.027862 ] ] } },
{ "type": "Feature", "properties": { "u": 6644906350, "v": 9966237346, "key": 0 }, "geometry": { "type": "LineString", "coordinates": [ [ 105.855779, 21.027606 ], [ 105.855784, 21.027657 ] ] } },
{ "type": "Feature", "properties": { "u": 6644906350, "v": 13026719368, "key": 0 }, "geometry": { "type": "LineString", "coordinates": [ [ 105.855779, 21.027606 ], [ 105.855854, 21.027596 ], [ 105.855955, 21.027537 ] ] } },
{ "type": "Feature", "properties": { "u": 6644906350, "v": 11217220366, "key": 0 }, "geometry": { "type": "LineString", "coordinates": [ [ 105.855779, 21.027606 ], [ 105.855775, 21.027569 ], [ 105.855773, 21.027552 ] ] } },
{ "type": "Feature", "properties": { "u": 6644906351, "v": 10583987374, "key": 0 }, "geometry": { "type": "LineString", "coordinates": [ [ 105.855823, 21.027751 ], [ 105.855896, 21.027774 ] ] } },
{ "type": "Feature", "properties": { "u": 6644906351, "v": 9966237344, "key": 0 }, "geometry": { "type": "LineString", "coordinates": [ [ 105.855823, 21.027751 ], [ 105.855763, 21.027734 ] ] } },
{ "type": "Feature", "properties": { "u": 6644906351, "v": 13026719368, "key": 0 }, "geometry": { "type": "LineString", "coordinates": [ [ 105.855823, 21.027751 ], [ 105.855868, 21.027636 ], [ 105.855926, 21.02757 ], [ 105.855955, 21.027537 ] ] } },
{ "type": "Feature", "properties": { "u": 6646826309, "v": 75618029, "key": 0 }, "geometry": { "type": "LineString", "coordinates": [ [ 105.855005, 21.024953 ], [ 105.855151, 21.024916 ] ] } },
{ "type": "Feature", "properties": { "u": 6646826309, "v": 317367071, "key": 0 }, "geometry": { "type": "LineString", "coordinates": [ [ 105.855005, 21.024953 ], [ 105.854401, 21.025119 ] ] } },
{ "type": "Feature", "properties": { "u": 6646826309, "v": 8184606184, "key": 0 }, "geometry": { "type": "LineString", "coordinates": [ [ 105.855005, 21.024953 ], [ 105.854981, 21.024887 ] ] } },
{ "type": "Feature", "properties": { "u": 6646826309, "v": 8184606183, "key": 0 }, "geometry": { "type": "LineString", "coordinates": [ [ 105.855005, 21.024953 ], [ 105.855024, 21.025008 ] ] } },
{ "type": "Feature", "properties": { "u": 6646826310, "v": 8184606217, "key": 0 }, "geometry": { "type": "LineString", "coordinates": [ [ 105.855192, 21.025048 ], [ 105.855271, 21.025024 ] ] } },
{ "type": "Feature", "properties": { "u": 6646826310, "v": 8184606232, "key": 0 }, "geometry": { "type": "LineString", "coordinates": [ [ 105.855192, 21.025048 ], [ 105.855109, 21.025075 ] ] } },
{ "type": "Feature", "properties": { "u": 6646826310, "v": 75618029, "key": 0 }, "geometry": { "type": "LineString", "coordinates": [ [ 105.855192, 21.025048 ], [ 105.855151, 21.024916 ] ] } },
{ "type": "Feature", "properties": { "u": 6646826311, "v": 8184202945, "key": 0 }, "geometry": { "type": "LineString", "coordinates": [ [ 105.85529, 21.024881 ], [ 105.855273, 21.024824 ] ] } },
{ "type": "Feature", "properties": { "u": 6646826311, "v": 8184606220, "key": 0 }, "geometry": { "type": "LineString", "coordinates": [ [ 105.85529, 21.024881 ], [ 105.855308, 21.024938 ] ] } },
{ "type": "Feature", "properties": { "u": 6646826311, "v": 4022961195, "key": 0 }, "geometry": { "type": "LineString", "coordinates": [ [ 105.85529, 21.024881 ], [ 105.855857, 21.024722 ] ] } },
{ "type": "Feature", "properties": { "u": 6646826311, "v": 75618029, "key": 0 }, "geometry": { "type": "LineString", "coordinates": [ [ 105.85529, 21.024881 ], [ 105.855151, 21.024916 ] ] } },
{ "type": "Feature", "properties": { "u": 6646847594, "v": 75617751, "key": 0 }, "geometry": { "type": "LineString", "coordinates": [ [ 105.853189, 21.025329 ], [ 105.85322, 21.025471 ] ] } },
{ "type": "Feature", "properties": { "u": 6646847594, "v": 8178544876, "key": 0 }, "geometry": { "type": "LineString", "coordinates": [ [ 105.853189, 21.025329 ], [ 105.853266, 21.025311 ] ] } },
{ "type": "Feature", "properties": { "u": 6646847594, "v": 8178544892, "key": 0 }, "geometry": { "type": "LineString", "coordinates": [ [ 105.853189, 21.025329 ], [ 105.853112, 21.025346 ] ] } },
{ "type": "Feature", "properties": { "u": 6646847595, "v": 8184606179, "key": 0 }, "geometry": { "type": "LineString", "coordinates": [ [ 105.853413, 21.025405 ], [ 105.854311, 21.025144 ] ] } },
{ "type": "Feature", "properties": { "u": 6646847595, "v": 75617751, "key": 0 }, "geometry": { "type": "LineString", "coordinates": [ [ 105.853413, 21.025405 ], [ 105.85322, 21.025471 ] ] } },
{ "type": "Feature", "properties": { "u": 6646847595, "v": 8178544878, "key": 0 }, "geometry": { "type": "LineString", "coordinates": [ [ 105.853413, 21.025405 ], [ 105.853397, 21.025346 ] ] } },
{ "type": "Feature", "properties": { "u": 6646847595, "v": 8184606159, "key": 0 }, "geometry": { "type": "LineString", "coordinates": [ [ 105.853413, 21.025405 ], [ 105.853424, 21.025454 ] ] } },
{ "type": "Feature", "properties": { "u": 6646949992, "v": 98009663, "key": 0 }, "geometry": { "type": "LineString", "coordinates": [ [ 105.847747, 21.026906 ], [ 105.847791, 21.027044 ] ] } },
{ "type": "Feature", "properties": { "u": 6646949992, "v": 8178544866, "key": 0 }, "geometry": { "type": "LineString", "coordinates": [ [ 105.847747, 21.026906 ], [ 105.847801, 21.02689 ] ] } },
{ "type": "Feature", "properties": { "u": 6646949992, "v": 8178544852, "key": 0 }, "geometry": { "type": "LineString", "coordinates": [ [ 105.847747, 21.026906 ], [ 105.847691, 21.026923 ] ] } },
{ "type": "Feature", "properties": { "u": 6646949992, "v": 5703662610, "key": 0 }, "geometry": { "type": "LineString", "coordinates": [ [ 105.847747, 21.026906 ], [ 105.847596, 21.026439 ], [ 105.847561, 21.026322 ] ] } },
{ "type": "Feature", "properties": { "u": 6646949995, "v": 5703662600, "key": 0 }, "geometry": { "type": "LineString", "coordinates": [ [ 105.849967, 21.026433 ], [ 105.84942, 21.026586 ] ] } },
{ "type": "Feature", "properties": { "u": 6646949995, "v": 8176640995, "key": 0 }, "geometry": { "type": "LineString", "coordinates": [ [ 105.849967, 21.026433 ], [ 105.849948, 21.026371 ] ] } },
{ "type": "Feature", "properties": { "u": 6646949996, "v": 98009579, "key": 0 }, "geometry": { "type": "LineString", "coordinates": [ [ 105.850065, 21.026292 ], [ 105.850099, 21.026396 ] ] } },
{ "type": "Feature", "properties": { "u": 6646949996, "v": 8176641007, "key": 0 }, "geometry": { "type": "LineString", "coordinates": [ [ 105.850065, 21.026292 ], [ 105.84974, 21.025311 ] ] } },
{ "type": "Feature", "properties": { "u": 6646949996, "v": 8176640958, "key": 0 }, "geometry": { "type": "LineString", "coordinates": [ [ 105.850065, 21.026292 ], [ 105.850117, 21.026276 ] ] } },
{ "type": "Feature", "properties": { "u": 6646949996, "v": 8176641009, "key": 0 }, "geometry": { "type": "LineString", "coordinates": [ [ 105.850065, 21.026292 ], [ 105.849976, 21.02632 ] ] } },
{ "type": "Feature", "properties": { "u": 6646949997, "v": 98009579, "key": 0 }, "geometry": { "type": "LineString", "coordinates": [ [ 105.850203, 21.026367 ], [ 105.850099, 21.026396 ] ] } },
{ "type": "Feature", "properties": { "u": 6646949997, "v": 8176640957, "key": 0 }, "geometry": { "type": "LineString", "coordinates": [ [ 105.850203, 21.026367 ], [ 105.850188, 21.026302 ] ] } },
{ "type": "Feature", "properties": { "u": 6646950000, "v": 977640003, "key": 0 }, "geometry": { "type": "LineString", "coordinates": [ [ 105.851854, 21.025833 ], [ 105.851871, 21.025886 ] ] } },
{ "type": "Feature", "properties": { "u": 6646950000, "v": 12713005342, "key": 0 }, "geometry": { "type": "LineString", "coordinates": [ [ 105.851854, 21.025833 ], [ 105.85229, 21.0257 ] ] } },
{ "type": "Feature", "properties": { "u": 6646950000, "v": 8176640947, "key": 0 }, "geometry": { "type": "LineString", "coordinates": [ [ 105.851854, 21.025833 ], [ 105.851795, 21.025847 ], [ 105.85176, 21.02584 ], [ 105.851737, 21.025814 ], [ 105.851731, 21.025792 ] ] } },
{ "type": "Feature", "properties": { "u": 6648055354, "v": 81817652, "key": 0 }, "geometry": { "type": "LineString", "coordinates": [ [ 105.857245, 21.024476 ], [ 105.857209, 21.024501 ], [ 105.85717, 21.024518 ] ] } },
{ "type": "Feature", "properties": { "u": 6651584900, "v": 8176640986, "key": 0 }, "geometry": { "type": "LineString", "coordinates": [ [ 105.849242, 21.02383 ], [ 105.849307, 21.023811 ] ] } },
{ "type": "Feature", "properties": { "u": 6651584900, "v": 8176640985, "key": 0 }, "geometry": { "type": "LineString", "coordinates": [ [ 105.849242, 21.02383 ], [ 105.84918, 21.023847 ] ] } },
{ "type": "Feature", "properties": { "u": 6651584900, "v": 12965861941, "key": 0 }, "geometry": { "type": "LineString", "coordinates": [ [ 105.849242, 21.02383 ], [ 105.849295, 21.02399 ] ] } },
{ "type": "Feature", "properties": { "u": 6651584900, "v": 98009581, "key": 0 }, "geometry": { "type": "LineString", "coordinates": [ [ 105.849242, 21.02383 ], [ 105.849198, 21.023705 ] ] } },
{ "type": "Feature", "properties": { "u": 6651584901, "v": 8173724250, "key": 0 }, "geometry": { "type": "LineString", "coordinates": [ [ 105.849347, 21.023677 ], [ 105.849332, 21.023629 ] ] } },
{ "type": "Feature", "properties": { "u": 6651584901, "v": 8173724249, "key": 0 }, "geometry": { "type": "LineString", "coordinates": [ [ 105.849347, 21.023677 ], [ 105.849363, 21.023729 ] ] } },
{ "type": "Feature", "properties": { "u": 6651584901, "v": 98009581, "key": 0 }, "geometry": { "type": "LineString", "coordinates": [ [ 105.849347, 21.023677 ], [ 105.849198, 21.023705 ] ] } },
{ "type": "Feature", "properties": { "u": 6651584901, "v": 8173724248, "key": 0 }, "geometry": { "type": "LineString", "coordinates": [ [ 105.849347, 21.023677 ], [ 105.850622, 21.023283 ] ] } },
{ "type": "Feature", "properties": { "u": 6651584902, "v": 98009581, "key": 0 }, "geometry": { "type": "LineString", "coordinates": [ [ 105.849134, 21.023514 ], [ 105.849198, 21.023705 ] ] } },
{ "type": "Feature", "properties": { "u": 6651584902, "v": 8176641061, "key": 0 }, "geometry": { "type": "LineString", "coordinates": [ [ 105.849134, 21.023514 ], [ 105.849204, 21.023493 ] ] } },
{ "type": "Feature", "properties": { "u": 6651584902, "v": 8176641020, "key": 0 }, "geometry": { "type": "LineString", "coordinates": [ [ 105.849134, 21.023514 ], [ 105.849061, 21.023537 ] ] } },
{ "type": "Feature", "properties": { "u": 6651584903, "v": 5704289423, "key": 0 }, "geometry": { "type": "LineString", "coordinates": [ [ 105.849018, 21.023742 ], [ 105.84868, 21.023847 ] ] } },
{ "type": "Feature", "properties": { "u": 6651584903, "v": 98009581, "key": 0 }, "geometry": { "type": "LineString", "coordinates": [ [ 105.849018, 21.023742 ], [ 105.849198, 21.023705 ] ] } },
{ "type": "Feature", "properties": { "u": 6651584903, "v": 8176641063, "key": 0 }, "geometry": { "type": "LineString", "coordinates": [ [ 105.849018, 21.023742 ], [ 105.849036, 21.023799 ] ] } },
{ "type": "Feature", "properties": { "u": 6651584903, "v": 8176641017, "key": 0 }, "geometry": { "type": "LineString", "coordinates": [ [ 105.849018, 21.023742 ], [ 105.848996, 21.023675 ] ] } },
{ "type": "Feature", "properties": { "u": 6651584908, "v": 2367215370, "key": 0 }, "geometry": { "type": "LineString", "coordinates": [ [ 105.847146, 21.024051 ], [ 105.848025, 21.023351 ] ] } },
{ "type": "Feature", "properties": { "u": 6651584908, "v": 8176641012, "key": 0 }, "geometry": { "type": "LineString", "coordinates": [ [ 105.847146, 21.024051 ], [ 105.847169, 21.024085 ] ] } },
{ "type": "Feature", "properties": { "u": 6651584908, "v": 8176641054, "key": 0 }, "geometry": { "type": "LineString", "coordinates": [ [ 105.847146, 21.024051 ], [ 105.847121, 21.024012 ] ] } },
{ "type": "Feature", "properties": { "u": 6651584909, "v": 98012401, "key": 0 }, "geometry": { "type": "LineString", "coordinates": [ [ 105.847274, 21.024282 ], [ 105.846901, 21.024392 ] ] } },
{ "type": "Feature", "properties": { "u": 6651584909, "v": 5704289447, "key": 0 }, "geometry": { "type": "LineString", "coordinates": [ [ 105.847274, 21.024282 ], [ 105.847589, 21.024182 ] ] } },
{ "type": "Feature", "properties": { "u": 6651584909, "v": 8176641055, "key": 0 }, "geometry": { "type": "LineString", "coordinates": [ [ 105.847274, 21.024282 ], [ 105.847289, 21.024327 ] ] } },
{ "type": "Feature", "properties": { "u": 6651584909, "v": 8176641016, "key": 0 }, "geometry": { "type": "LineString", "coordinates": [ [ 105.847274, 21.024282 ], [ 105.847256, 21.024227 ] ] } },
{ "type": "Feature", "properties": { "u": 6651584910, "v": 9975258445, "key": 0 }, "geometry": { "type": "LineString", "coordinates": [ [ 105.847278, 21.025291 ], [ 105.847293, 21.02526 ] ] } },
{ "type": "Feature", "properties": { "u": 6651584910, "v": 9975258409, "key": 0 }, "geometry": { "type": "LineString", "coordinates": [ [ 105.847278, 21.025291 ], [ 105.847289, 21.025294 ], [ 105.847299, 21.025299 ], [ 105.847306, 21.025307 ], [ 105.84731, 21.025317 ], [ 105.847311, 21.025328 ], [ 105.847307, 21.025338 ], [ 105.847301, 21.025347 ], [ 105.847291, 21.025353 ], [ 105.84728, 21.025356 ], [ 105.847269, 21.025356 ] ] } },
{ "type": "Feature", "properties": { "u": 6651584910, "v": 9975258412, "key": 0 }, "geometry": { "type": "LineString", "coordinates": [ [ 105.847278, 21.025291 ], [ 105.847266, 21.025292 ], [ 105.847256, 21.025297 ], [ 105.847247, 21.025305 ], [ 105.847242, 21.025314 ], [ 105.847241, 21.025325 ], [ 105.847243, 21.025336 ] ] } },
{ "type": "Feature", "properties": { "u": 6651678058, "v": 5704289440, "key": 0 }, "geometry": { "type": "LineString", "coordinates": [ [ 105.849548, 21.025226 ], [ 105.849272, 21.025306 ] ] } },
{ "type": "Feature", "properties": { "u": 6651678058, "v": 98009580, "key": 0 }, "geometry": { "type": "LineString", "coordinates": [ [ 105.849548, 21.025226 ], [ 105.849699, 21.025184 ] ] } },
{ "type": "Feature", "properties": { "u": 6651678058, "v": 8176640963, "key": 0 }, "geometry": { "type": "LineString", "coordinates": [ [ 105.849548, 21.025226 ], [ 105.849518, 21.025134 ] ] } },
{ "type": "Feature", "properties": { "u": 6651678058, "v": 8176640990, "key": 0 }, "geometry": { "type": "LineString", "coordinates": [ [ 105.849548, 21.025226 ], [ 105.849573, 21.025308 ] ] } },
{ "type": "Feature", "properties": { "u": 6651678059, "v": 98009580, "key": 0 }, "geometry": { "type": "LineString", "coordinates": [ [ 105.849842, 21.025146 ], [ 105.849699, 21.025184 ] ] } },
{ "type": "Feature", "properties": { "u": 6651678059, "v": 12925173235, "key": 0 }, "geometry": { "type": "LineString", "coordinates": [ [ 105.849842, 21.025146 ], [ 105.850569, 21.024941 ] ] } },
{ "type": "Feature", "properties": { "u": 6651678059, "v": 8173724239, "key": 0 }, "geometry": { "type": "LineString", "coordinates": [ [ 105.849842, 21.025146 ], [ 105.849816, 21.025066 ] ] } },
{ "type": "Feature", "properties": { "u": 6651678059, "v": 8176599810, "key": 0 }, "geometry": { "type": "LineString", "coordinates": [ [ 105.849842, 21.025146 ], [ 105.849865, 21.025231 ] ] } },
{ "type": "Feature", "properties": { "u": 6651678060, "v": 8176640987, "key": 0 }, "geometry": { "type": "LineString", "coordinates": [ [ 105.84964, 21.025008 ], [ 105.849701, 21.02499 ] ] } },
{ "type": "Feature", "properties": { "u": 6651678060, "v": 8176640966, "key": 0 }, "geometry": { "type": "LineString", "coordinates": [ [ 105.84964, 21.025008 ], [ 105.849565, 21.025031 ] ] } },
{ "type": "Feature", "properties": { "u": 6651678060, "v": 98009580, "key": 0 }, "geometry": { "type": "LineString", "coordinates": [ [ 105.84964, 21.025008 ], [ 105.849699, 21.025184 ] ] } },
{ "type": "Feature", "properties": { "u": 6651678060, "v": 5704353660, "key": 0 }, "geometry": { "type": "LineString", "coordinates": [ [ 105.84964, 21.025008 ], [ 105.849559, 21.024773 ] ] } },
{ "type": "Feature", "properties": { "u": 6658825791, "v": 309600764, "key": 0 }, "geometry": { "type": "LineString", "coordinates": [ [ 105.846782, 21.03166 ], [ 105.846764, 21.031989 ] ] } },
{ "type": "Feature", "properties": { "u": 6658825791, "v": 309600684, "key": 0 }, "geometry": { "type": "LineString", "coordinates": [ [ 105.846782, 21.03166 ], [ 105.846719, 21.031624 ], [ 105.846702, 21.031583 ], [ 105.846702, 21.031538 ], [ 105.846726, 21.031455 ], [ 105.846762, 21.031386 ], [ 105.846817, 21.031355 ], [ 105.846875, 21.031358 ], [ 105.846919, 21.031384 ], [ 105.846936, 21.031422 ], [ 105.846937, 21.0315 ] ] } },
{ "type": "Feature", "properties": { "u": 6662423008, "v": 102983975, "key": 0 }, "geometry": { "type": "LineString", "coordinates": [ [ 105.856494, 21.028894 ], [ 105.85655, 21.029024 ] ] } },
{ "type": "Feature", "properties": { "u": 6662423008, "v": 10586767821, "key": 0 }, "geometry": { "type": "LineString", "coordinates": [ [ 105.856494, 21.028894 ], [ 105.856558, 21.028893 ] ] } },
{ "type": "Feature", "properties": { "u": 6662423008, "v": 10583987365, "key": 0 }, "geometry": { "type": "LineString", "coordinates": [ [ 105.856494, 21.028894 ], [ 105.856426, 21.028909 ] ] } },
{ "type": "Feature", "properties": { "u": 6662423009, "v": 10586767738, "key": 0 }, "geometry": { "type": "LineString", "coordinates": [ [ 105.856409, 21.026076 ], [ 105.856461, 21.02609 ] ] } },
{ "type": "Feature", "properties": { "u": 6662423009, "v": 6644906345, "key": 0 }, "geometry": { "type": "LineString", "coordinates": [ [ 105.856409, 21.026076 ], [ 105.856181, 21.026759 ] ] } },
{ "type": "Feature", "properties": { "u": 6662423009, "v": 11448958438, "key": 0 }, "geometry": { "type": "LineString", "coordinates": [ [ 105.856409, 21.026076 ], [ 105.856359, 21.026062 ], [ 105.856331, 21.026069 ] ] } },
{ "type": "Feature", "properties": { "u": 6662423011, "v": 11449663850, "key": 0 }, "geometry": { "type": "LineString", "coordinates": [ [ 105.856585, 21.025903 ], [ 105.856951, 21.025987 ] ] } },
{ "type": "Feature", "properties": { "u": 6662423011, "v": 309597692, "key": 0 }, "geometry": { "type": "LineString", "coordinates": [ [ 105.856585, 21.025903 ], [ 105.856463, 21.025904 ] ] } },
{ "type": "Feature", "properties": { "u": 6662423011, "v": 10586739266, "key": 0 }, "geometry": { "type": "LineString", "coordinates": [ [ 105.856585, 21.025903 ], [ 105.856599, 21.025856 ] ] } },
{ "type": "Feature", "properties": { "u": 6662423011, "v": 10586767743, "key": 0 }, "geometry": { "type": "LineString", "coordinates": [ [ 105.856585, 21.025903 ], [ 105.85657, 21.025954 ] ] } },
{ "type": "Feature", "properties": { "u": 6662487543, "v": 993037757, "key": 0 }, "geometry": { "type": "LineString", "coordinates": [ [ 105.856695, 21.024482 ], [ 105.856965, 21.02444 ] ] } },
{ "type": "Feature", "properties": { "u": 6662487543, "v": 11449233332, "key": 0 }, "geometry": { "type": "LineString", "coordinates": [ [ 105.856695, 21.024482 ], [ 105.855949, 21.024696 ] ] } },
{ "type": "Feature", "properties": { "u": 6662487543, "v": 8184606234, "key": 0 }, "geometry": { "type": "LineString", "coordinates": [ [ 105.856695, 21.024482 ], [ 105.856679, 21.024424 ] ] } },
{ "type": "Feature", "properties": { "u": 6662487543, "v": 8184606221, "key": 0 }, "geometry": { "type": "LineString", "coordinates": [ [ 105.856695, 21.024482 ], [ 105.856708, 21.024532 ] ] } },
{ "type": "Feature", "properties": { "u": 6662487544, "v": 4022966515, "key": 0 }, "geometry": { "type": "LineString", "coordinates": [ [ 105.856885, 21.023925 ], [ 105.856869, 21.023885 ] ] } },
{ "type": "Feature", "properties": { "u": 6662487544, "v": 10142034221, "key": 0 }, "geometry": { "type": "LineString", "coordinates": [ [ 105.856885, 21.023925 ], [ 105.8568, 21.02395 ] ] } },
{ "type": "Feature", "properties": { "u": 6662487544, "v": 993037639, "key": 0 }, "geometry": { "type": "LineString", "coordinates": [ [ 105.856885, 21.023925 ], [ 105.856948, 21.024083 ], [ 105.85701, 21.02424 ] ] } },
{ "type": "Feature", "properties": { "u": 6662487544, "v": 10142034222, "key": 0 }, "geometry": { "type": "LineString", "coordinates": [ [ 105.856885, 21.023925 ], [ 105.856968, 21.023895 ], [ 105.856992, 21.023887 ] ] } },
{ "type": "Feature", "properties": { "u": 6662487547, "v": 102985688, "key": 0 }, "geometry": { "type": "LineString", "coordinates": [ [ 105.856765, 21.023109 ], [ 105.856614, 21.023156 ] ] } },
{ "type": "Feature", "properties": { "u": 6662487547, "v": 10142034225, "key": 0 }, "geometry": { "type": "LineString", "coordinates": [ [ 105.856765, 21.023109 ], [ 105.856791, 21.02318 ], [ 105.856799, 21.023203 ] ] } },
{ "type": "Feature", "properties": { "u": 6662487548, "v": 10142034223, "key": 0 }, "geometry": { "type": "LineString", "coordinates": [ [ 105.856673, 21.023318 ], [ 105.856591, 21.02334 ] ] } },
{ "type": "Feature", "properties": { "u": 6662487548, "v": 102985688, "key": 0 }, "geometry": { "type": "LineString", "coordinates": [ [ 105.856673, 21.023318 ], [ 105.856614, 21.023156 ] ] } },
{ "type": "Feature", "properties": { "u": 6662487548, "v": 10142034224, "key": 0 }, "geometry": { "type": "LineString", "coordinates": [ [ 105.856673, 21.023318 ], [ 105.856745, 21.023298 ], [ 105.856778, 21.02329 ] ] } },
{ "type": "Feature", "properties": { "u": 6662487548, "v": 4022966515, "key": 0 }, "geometry": { "type": "LineString", "coordinates": [ [ 105.856673, 21.023318 ], [ 105.856793, 21.023665 ], [ 105.856869, 21.023885 ] ] } },
{ "type": "Feature", "properties": { "u": 6662487549, "v": 4022961194, "key": 0 }, "geometry": { "type": "LineString", "coordinates": [ [ 105.856457, 21.023206 ], [ 105.85545, 21.023511 ] ] } },
{ "type": "Feature", "properties": { "u": 6662487549, "v": 102985688, "key": 0 }, "geometry": { "type": "LineString", "coordinates": [ [ 105.856457, 21.023206 ], [ 105.856614, 21.023156 ] ] } },
{ "type": "Feature", "properties": { "u": 6662487549, "v": 8184202911, "key": 0 }, "geometry": { "type": "LineString", "coordinates": [ [ 105.856457, 21.023206 ], [ 105.856437, 21.023153 ] ] } },
{ "type": "Feature", "properties": { "u": 6662487549, "v": 8184202936, "key": 0 }, "geometry": { "type": "LineString", "coordinates": [ [ 105.856457, 21.023206 ], [ 105.856479, 21.023267 ] ] } },
{ "type": "Feature", "properties": { "u": 6684786556, "v": 98010042, "key": 0 }, "geometry": { "type": "LineString", "coordinates": [ [ 105.854809, 21.023859 ], [ 105.854755, 21.023716 ] ] } },
{ "type": "Feature", "properties": { "u": 6684786556, "v": 8184202950, "key": 0 }, "geometry": { "type": "LineString", "coordinates": [ [ 105.854809, 21.023859 ], [ 105.854895, 21.023837 ] ] } },
{ "type": "Feature", "properties": { "u": 6684786556, "v": 8178544883, "key": 0 }, "geometry": { "type": "LineString", "coordinates": [ [ 105.854809, 21.023859 ], [ 105.854714, 21.023884 ] ] } },
{ "type": "Feature", "properties": { "u": 6684786558, "v": 98010042, "key": 0 }, "geometry": { "type": "LineString", "coordinates": [ [ 105.85494, 21.02366 ], [ 105.854755, 21.023716 ] ] } },
{ "type": "Feature", "properties": { "u": 6684786558, "v": 4022961194, "key": 0 }, "geometry": { "type": "LineString", "coordinates": [ [ 105.85494, 21.02366 ], [ 105.85545, 21.023511 ] ] } },
{ "type": "Feature", "properties": { "u": 6684786558, "v": 8184202959, "key": 0 }, "geometry": { "type": "LineString", "coordinates": [ [ 105.85494, 21.02366 ], [ 105.854921, 21.023601 ] ] } },
{ "type": "Feature", "properties": { "u": 6684786558, "v": 8184202935, "key": 0 }, "geometry": { "type": "LineString", "coordinates": [ [ 105.85494, 21.02366 ], [ 105.854966, 21.02373 ] ] } },
{ "type": "Feature", "properties": { "u": 6689595581, "v": 309597696, "key": 0 }, "geometry": { "type": "LineString", "coordinates": [ [ 105.857701, 21.026153 ], [ 105.857815, 21.026183 ] ] } },
{ "type": "Feature", "properties": { "u": 6689595581, "v": 11449663850, "key": 0 }, "geometry": { "type": "LineString", "coordinates": [ [ 105.857701, 21.026153 ], [ 105.856951, 21.025987 ] ] } },
{ "type": "Feature", "properties": { "u": 6689595581, "v": 10586767754, "key": 0 }, "geometry": { "type": "LineString", "coordinates": [ [ 105.857701, 21.026153 ], [ 105.857715, 21.026103 ] ] } },
{ "type": "Feature", "properties": { "u": 6689595581, "v": 10586767753, "key": 0 }, "geometry": { "type": "LineString", "coordinates": [ [ 105.857701, 21.026153 ], [ 105.857687, 21.026204 ] ] } },
{ "type": "Feature", "properties": { "u": 6689595582, "v": 102985443, "key": 0 }, "geometry": { "type": "LineString", "coordinates": [ [ 105.857843, 21.02607 ], [ 105.858025, 21.025506 ] ] } },
{ "type": "Feature", "properties": { "u": 6689595582, "v": 309597696, "key": 0 }, "geometry": { "type": "LineString", "coordinates": [ [ 105.857843, 21.02607 ], [ 105.857815, 21.026183 ] ] } },
{ "type": "Feature", "properties": { "u": 6689595582, "v": 10586739292, "key": 0 }, "geometry": { "type": "LineString", "coordinates": [ [ 105.857843, 21.02607 ], [ 105.857886, 21.026081 ] ] } },
{ "type": "Feature", "properties": { "u": 6689595582, "v": 10586739302, "key": 0 }, "geometry": { "type": "LineString", "coordinates": [ [ 105.857843, 21.02607 ], [ 105.857794, 21.026057 ] ] } },
{ "type": "Feature", "properties": { "u": 6689595583, "v": 309597696, "key": 0 }, "geometry": { "type": "LineString", "coordinates": [ [ 105.857905, 21.026205 ], [ 105.857815, 21.026183 ] ] } },
{ "type": "Feature", "properties": { "u": 6689595583, "v": 10586767789, "key": 0 }, "geometry": { "type": "LineString", "coordinates": [ [ 105.857905, 21.026205 ], [ 105.857928, 21.026133 ] ] } },
{ "type": "Feature", "properties": { "u": 6689595583, "v": 10586767764, "key": 0 }, "geometry": { "type": "LineString", "coordinates": [ [ 105.857905, 21.026205 ], [ 105.857888, 21.026258 ] ] } },
{ "type": "Feature", "properties": { "u": 6689595584, "v": 309597696, "key": 0 }, "geometry": { "type": "LineString", "coordinates": [ [ 105.857794, 21.026259 ], [ 105.857815, 21.026183 ] ] } },
{ "type": "Feature", "properties": { "u": 6689595584, "v": 6689703486, "key": 0 }, "geometry": { "type": "LineString", "coordinates": [ [ 105.857794, 21.026259 ], [ 105.857671, 21.026662 ] ] } },
{ "type": "Feature", "properties": { "u": 6689595584, "v": 10586767791, "key": 0 }, "geometry": { "type": "LineString", "coordinates": [ [ 105.857794, 21.026259 ], [ 105.857854, 21.026274 ] ] } },
{ "type": "Feature", "properties": { "u": 6689595584, "v": 10586767790, "key": 0 }, "geometry": { "type": "LineString", "coordinates": [ [ 105.857794, 21.026259 ], [ 105.857736, 21.026245 ] ] } },
{ "type": "Feature", "properties": { "u": 6689598085, "v": 8324080738, "key": 0 }, "geometry": { "type": "LineString", "coordinates": [ [ 105.857974, 21.025404 ], [ 105.857505, 21.024911 ] ] } },
{ "type": "Feature", "properties": { "u": 6689598085, "v": 102985443, "key": 0 }, "geometry": { "type": "LineString", "coordinates": [ [ 105.857974, 21.025404 ], [ 105.858025, 21.025506 ] ] } },
{ "type": "Feature", "properties": { "u": 6689598085, "v": 10586739248, "key": 0 }, "geometry": { "type": "LineString", "coordinates": [ [ 105.857974, 21.025404 ], [ 105.858013, 21.025273 ] ] } },
{ "type": "Feature", "properties": { "u": 6689598085, "v": 6689598086, "key": 0 }, "geometry": { "type": "LineString", "coordinates": [ [ 105.857974, 21.025404 ], [ 105.85795, 21.025487 ] ] } },
{ "type": "Feature", "properties": { "u": 6689598086, "v": 10586767714, "key": 0 }, "geometry": { "type": "LineString", "coordinates": [ [ 105.85795, 21.025487 ], [ 105.856819, 21.025197 ] ] } },
{ "type": "Feature", "properties": { "u": 6689598086, "v": 6689598085, "key": 0 }, "geometry": { "type": "LineString", "coordinates": [ [ 105.85795, 21.025487 ], [ 105.857974, 21.025404 ] ] } },
{ "type": "Feature", "properties": { "u": 6689598086, "v": 10586739255, "key": 0 }, "geometry": { "type": "LineString", "coordinates": [ [ 105.85795, 21.025487 ], [ 105.857941, 21.025519 ] ] } },
{ "type": "Feature", "properties": { "u": 6689685036, "v": 13347139084, "key": 0 }, "geometry": { "type": "LineString", "coordinates": [ [ 105.852806, 21.024288 ], [ 105.852062, 21.024503 ] ] } },
{ "type": "Feature", "properties": { "u": 6689685036, "v": 98010040, "key": 0 }, "geometry": { "type": "LineString", "coordinates": [ [ 105.852806, 21.024288 ], [ 105.852933, 21.024251 ] ] } },
{ "type": "Feature", "properties": { "u": 6689685036, "v": 8176640953, "key": 0 }, "geometry": { "type": "LineString", "coordinates": [ [ 105.852806, 21.024288 ], [ 105.852782, 21.024206 ] ] } },
{ "type": "Feature", "properties": { "u": 6689685036, "v": 8176640936, "key": 0 }, "geometry": { "type": "LineString", "coordinates": [ [ 105.852806, 21.024288 ], [ 105.852827, 21.024366 ] ] } },
{ "type": "Feature", "properties": { "u": 6689685037, "v": 8178544913, "key": 0 }, "geometry": { "type": "LineString", "coordinates": [ [ 105.853081, 21.024205 ], [ 105.853056, 21.024111 ] ] } },
{ "type": "Feature", "properties": { "u": 6689685037, "v": 8178544887, "key": 0 }, "geometry": { "type": "LineString", "coordinates": [ [ 105.853081, 21.024205 ], [ 105.853104, 21.024275 ] ] } },
{ "type": "Feature", "properties": { "u": 6689685037, "v": 98010040, "key": 0 }, "geometry": { "type": "LineString", "coordinates": [ [ 105.853081, 21.024205 ], [ 105.852933, 21.024251 ] ] } },
{ "type": "Feature", "properties": { "u": 6689685037, "v": 11379754650, "key": 0 }, "geometry": { "type": "LineString", "coordinates": [ [ 105.853081, 21.024205 ], [ 105.853536, 21.024072 ] ] } },
{ "type": "Feature", "properties": { "u": 6689685038, "v": 8178544895, "key": 0 }, "geometry": { "type": "LineString", "coordinates": [ [ 105.852896, 21.024085 ], [ 105.852961, 21.024061 ] ] } },
{ "type": "Feature", "properties": { "u": 6689685038, "v": 8173724261, "key": 0 }, "geometry": { "type": "LineString", "coordinates": [ [ 105.852896, 21.024085 ], [ 105.85282, 21.024113 ] ] } },
{ "type": "Feature", "properties": { "u": 6689685038, "v": 98010040, "key": 0 }, "geometry": { "type": "LineString", "coordinates": [ [ 105.852896, 21.024085 ], [ 105.852933, 21.024251 ] ] } },
{ "type": "Feature", "properties": { "u": 6689695902, "v": 309597650, "key": 0 }, "geometry": { "type": "LineString", "coordinates": [ [ 105.857367, 21.027611 ], [ 105.857331, 21.027737 ] ] } },
{ "type": "Feature", "properties": { "u": 6689695902, "v": 10586767807, "key": 0 }, "geometry": { "type": "LineString", "coordinates": [ [ 105.857367, 21.027611 ], [ 105.857407, 21.027622 ] ] } },
{ "type": "Feature", "properties": { "u": 6689695902, "v": 10586767724, "key": 0 }, "geometry": { "type": "LineString", "coordinates": [ [ 105.857367, 21.027611 ], [ 105.857328, 21.027602 ] ] } },
{ "type": "Feature", "properties": { "u": 6689695902, "v": 11449663847, "key": 0 }, "geometry": { "type": "LineString", "coordinates": [ [ 105.857367, 21.027611 ], [ 105.857546, 21.02706 ], [ 105.857625, 21.026808 ] ] } },
{ "type": "Feature", "properties": { "u": 6689695903, "v": 6644906348, "key": 0 }, "geometry": { "type": "LineString", "coordinates": [ [ 105.857228, 21.027736 ], [ 105.856286, 21.027633 ] ] } },
{ "type": "Feature", "properties": { "u": 6689695903, "v": 309597650, "key": 0 }, "geometry": { "type": "LineString", "coordinates": [ [ 105.857228, 21.027736 ], [ 105.857331, 21.027737 ] ] } },
{ "type": "Feature", "properties": { "u": 6689695903, "v": 10586767728, "key": 0 }, "geometry": { "type": "LineString", "coordinates": [ [ 105.857228, 21.027736 ], [ 105.857237, 21.027688 ] ] } },
{ "type": "Feature", "properties": { "u": 6689695903, "v": 10586767824, "key": 0 }, "geometry": { "type": "LineString", "coordinates": [ [ 105.857228, 21.027736 ], [ 105.857219, 21.027784 ] ] } },
{ "type": "Feature", "properties": { "u": 6689695904, "v": 309597650, "key": 0 }, "geometry": { "type": "LineString", "coordinates": [ [ 105.857306, 21.027823 ], [ 105.857331, 21.027737 ] ] } },
{ "type": "Feature", "properties": { "u": 6689695904, "v": 6600308999, "key": 0 }, "geometry": { "type": "LineString", "coordinates": [ [ 105.857306, 21.027823 ], [ 105.856958, 21.028975 ] ] } },
{ "type": "Feature", "properties": { "u": 6689695904, "v": 10586767832, "key": 0 }, "geometry": { "type": "LineString", "coordinates": [ [ 105.857306, 21.027823 ], [ 105.857362, 21.027837 ] ] } },
{ "type": "Feature", "properties": { "u": 6689695904, "v": 10586767853, "key": 0 }, "geometry": { "type": "LineString", "coordinates": [ [ 105.857306, 21.027823 ], [ 105.857243, 21.027807 ] ] } },
{ "type": "Feature", "properties": { "u": 6689695905, "v": 309597650, "key": 0 }, "geometry": { "type": "LineString", "coordinates": [ [ 105.857411, 21.027726 ], [ 105.857331, 21.027737 ] ] } },
{ "type": "Feature", "properties": { "u": 6689695905, "v": 6221789793, "key": 0 }, "geometry": { "type": "LineString", "coordinates": [ [ 105.857411, 21.027726 ], [ 105.857659, 21.027789 ] ] } },
{ "type": "Feature", "properties": { "u": 6689695905, "v": 10586767852, "key": 0 }, "geometry": { "type": "LineString", "coordinates": [ [ 105.857411, 21.027726 ], [ 105.857432, 21.027662 ] ] } },
{ "type": "Feature", "properties": { "u": 6689695905, "v": 10586767834, "key": 0 }, "geometry": { "type": "LineString", "coordinates": [ [ 105.857411, 21.027726 ], [ 105.857385, 21.027803 ] ] } },
{ "type": "Feature", "properties": { "u": 6689703486, "v": 6689595584, "key": 0 }, "geometry": { "type": "LineString", "coordinates": [ [ 105.857671, 21.026662 ], [ 105.857794, 21.026259 ] ] } },
{ "type": "Feature", "properties": { "u": 6689703486, "v": 10586767786, "key": 0 }, "geometry": { "type": "LineString", "coordinates": [ [ 105.857671, 21.026662 ], [ 105.857718, 21.026676 ] ] } },
{ "type": "Feature", "properties": { "u": 6689703486, "v": 11449663847, "key": 0 }, "geometry": { "type": "LineString", "coordinates": [ [ 105.857671, 21.026662 ], [ 105.857629, 21.026794 ], [ 105.857625, 21.026808 ] ] } },
{ "type": "Feature", "properties": { "u": 7128246269, "v": 1497603100, "key": 0 }, "geometry": { "type": "LineString", "coordinates": [ [ 105.856792, 21.033677 ], [ 105.8565, 21.033561 ] ] } },
{ "type": "Feature", "properties": { "u": 7128252493, "v": 1819499862, "key": 0 }, "geometry": { "type": "LineString", "coordinates": [ [ 105.8558, 21.033628 ], [ 105.855921, 21.033355 ] ] } },
{ "type": "Feature", "properties": { "u": 7128252493, "v": 7128252494, "key": 0 }, "geometry": { "type": "LineString", "coordinates": [ [ 105.8558, 21.033628 ], [ 105.856335, 21.033823 ] ] } },
{ "type": "Feature", "properties": { "u": 7128252493, "v": 7128252499, "key": 0 }, "geometry": { "type": "LineString", "coordinates": [ [ 105.8558, 21.033628 ], [ 105.855737, 21.033775 ], [ 105.855719, 21.033813 ] ] } },
{ "type": "Feature", "properties": { "u": 7128252494, "v": 1497603100, "key": 0 }, "geometry": { "type": "LineString", "coordinates": [ [ 105.856335, 21.033823 ], [ 105.8565, 21.033561 ] ] } },
{ "type": "Feature", "properties": { "u": 7128252494, "v": 7128252493, "key": 0 }, "geometry": { "type": "LineString", "coordinates": [ [ 105.856335, 21.033823 ], [ 105.8558, 21.033628 ] ] } },
{ "type": "Feature", "properties": { "u": 7128252499, "v": 7128252493, "key": 0 }, "geometry": { "type": "LineString", "coordinates": [ [ 105.855719, 21.033813 ], [ 105.855737, 21.033775 ], [ 105.8558, 21.033628 ] ] } },
{ "type": "Feature", "properties": { "u": 7171121007, "v": 11197639570, "key": 0 }, "geometry": { "type": "LineString", "coordinates": [ [ 105.849417, 21.028946 ], [ 105.849466, 21.028972 ], [ 105.849518, 21.029001 ] ] } },
{ "type": "Feature", "properties": { "u": 7171121007, "v": 12404456174, "key": 0 }, "geometry": { "type": "LineString", "coordinates": [ [ 105.849417, 21.028946 ], [ 105.849434, 21.028909 ], [ 105.849411, 21.028808 ], [ 105.8494, 21.02879 ], [ 105.849371, 21.028737 ] ] } },
{ "type": "Feature", "properties": { "u": 7171121007, "v": 12404456169, "key": 0 }, "geometry": { "type": "LineString", "coordinates": [ [ 105.849417, 21.028946 ], [ 105.849367, 21.028977 ], [ 105.849264, 21.028988 ], [ 105.84919, 21.028986 ] ] } },
{ "type": "Feature", "properties": { "u": 7202327205, "v": 12404456167, "key": 0 }, "geometry": { "type": "LineString", "coordinates": [ [ 105.84916, 21.02897 ], [ 105.84912, 21.028948 ] ] } },
{ "type": "Feature", "properties": { "u": 7202327205, "v": 12404456169, "key": 0 }, "geometry": { "type": "LineString", "coordinates": [ [ 105.84916, 21.02897 ], [ 105.84919, 21.028986 ] ] } },
{ "type": "Feature", "properties": { "u": 7202327205, "v": 12404456176, "key": 0 }, "geometry": { "type": "LineString", "coordinates": [ [ 105.84916, 21.02897 ], [ 105.8493, 21.028737 ], [ 105.849316, 21.02871 ] ] } },
{ "type": "Feature", "properties": { "u": 7202327210, "v": 12404456182, "key": 0 }, "geometry": { "type": "LineString", "coordinates": [ [ 105.848921, 21.028794 ], [ 105.848916, 21.028802 ] ] } },
{ "type": "Feature", "properties": { "u": 7202327211, "v": 6363620554, "key": 0 }, "geometry": { "type": "LineString", "coordinates": [ [ 105.848372, 21.029942 ], [ 105.848613, 21.029523 ] ] } },
{ "type": "Feature", "properties": { "u": 7543674090, "v": 5701112182, "key": 0 }, "geometry": { "type": "LineString", "coordinates": [ [ 105.85668, 21.032792 ], [ 105.856711, 21.032741 ] ] } },
{ "type": "Feature", "properties": { "u": 7543674090, "v": 13148712441, "key": 0 }, "geometry": { "type": "LineString", "coordinates": [ [ 105.85668, 21.032792 ], [ 105.856814, 21.032845 ] ] } },
{ "type": "Feature", "properties": { "u": 7543674090, "v": 1497603093, "key": 0 }, "geometry": { "type": "LineString", "coordinates": [ [ 105.85668, 21.032792 ], [ 105.856598, 21.032941 ], [ 105.856539, 21.033051 ] ] } },
{ "type": "Feature", "properties": { "u": 7543674091, "v": 7543674092, "key": 0 }, "geometry": { "type": "LineString", "coordinates": [ [ 105.857296, 21.032674 ], [ 105.856955, 21.03254 ] ] } },
{ "type": "Feature", "properties": { "u": 7543674091, "v": 7543674095, "key": 0 }, "geometry": { "type": "LineString", "coordinates": [ [ 105.857296, 21.032674 ], [ 105.857302, 21.032661 ], [ 105.857309, 21.032645 ], [ 105.857374, 21.032512 ] ] } },
{ "type": "Feature", "properties": { "u": 7543674091, "v": 7543674094, "key": 0 }, "geometry": { "type": "LineString", "coordinates": [ [ 105.857296, 21.032674 ], [ 105.857201, 21.032834 ], [ 105.856887, 21.032698 ] ] } },
{ "type": "Feature", "properties": { "u": 7543674092, "v": 7543674091, "key": 0 }, "geometry": { "type": "LineString", "coordinates": [ [ 105.856955, 21.03254 ], [ 105.857296, 21.032674 ] ] } },
{ "type": "Feature", "properties": { "u": 7543674092, "v": 7543674093, "key": 0 }, "geometry": { "type": "LineString", "coordinates": [ [ 105.856955, 21.03254 ], [ 105.857035, 21.032366 ] ] } },
{ "type": "Feature", "properties": { "u": 7543674092, "v": 7543674094, "key": 0 }, "geometry": { "type": "LineString", "coordinates": [ [ 105.856955, 21.03254 ], [ 105.856887, 21.032698 ] ] } },
{ "type": "Feature", "properties": { "u": 7543674093, "v": 7543674095, "key": 0 }, "geometry": { "type": "LineString", "coordinates": [ [ 105.857035, 21.032366 ], [ 105.857374, 21.032512 ] ] } },
{ "type": "Feature", "properties": { "u": 7543674093, "v": 7543674092, "key": 0 }, "geometry": { "type": "LineString", "coordinates": [ [ 105.857035, 21.032366 ], [ 105.856955, 21.03254 ] ] } },
{ "type": "Feature", "properties": { "u": 7543674093, "v": 5701112184, "key": 0 }, "geometry": { "type": "LineString", "coordinates": [ [ 105.857035, 21.032366 ], [ 105.857033, 21.032307 ], [ 105.856948, 21.032263 ] ] } },
{ "type": "Feature", "properties": { "u": 7543674094, "v": 7543674092, "key": 0 }, "geometry": { "type": "LineString", "coordinates": [ [ 105.856887, 21.032698 ], [ 105.856955, 21.03254 ] ] } },
{ "type": "Feature", "properties": { "u": 7543674094, "v": 7543674097, "key": 0 }, "geometry": { "type": "LineString", "coordinates": [ [ 105.856887, 21.032698 ], [ 105.856766, 21.032652 ] ] } },
{ "type": "Feature", "properties": { "u": 7543674094, "v": 7543674091, "key": 0 }, "geometry": { "type": "LineString", "coordinates": [ [ 105.856887, 21.032698 ], [ 105.857201, 21.032834 ], [ 105.857296, 21.032674 ] ] } },
{ "type": "Feature", "properties": { "u": 7543674095, "v": 5701112183, "key": 0 }, "geometry": { "type": "LineString", "coordinates": [ [ 105.857374, 21.032512 ], [ 105.857526, 21.032566 ] ] } },
{ "type": "Feature", "properties": { "u": 7543674095, "v": 7543674093, "key": 0 }, "geometry": { "type": "LineString", "coordinates": [ [ 105.857374, 21.032512 ], [ 105.857035, 21.032366 ] ] } },
{ "type": "Feature", "properties": { "u": 7543674095, "v": 7543674091, "key": 0 }, "geometry": { "type": "LineString", "coordinates": [ [ 105.857374, 21.032512 ], [ 105.857309, 21.032645 ], [ 105.857302, 21.032661 ], [ 105.857296, 21.032674 ] ] } },
{ "type": "Feature", "properties": { "u": 7543674097, "v": 5701112182, "key": 0 }, "geometry": { "type": "LineString", "coordinates": [ [ 105.856766, 21.032652 ], [ 105.856711, 21.032741 ] ] } },
{ "type": "Feature", "properties": { "u": 7543674097, "v": 10113458789, "key": 0 }, "geometry": { "type": "LineString", "coordinates": [ [ 105.856766, 21.032652 ], [ 105.856844, 21.03248 ] ] } },
{ "type": "Feature", "properties": { "u": 7543674097, "v": 7543674094, "key": 0 }, "geometry": { "type": "LineString", "coordinates": [ [ 105.856766, 21.032652 ], [ 105.856887, 21.032698 ] ] } },
{ "type": "Feature", "properties": { "u": 7543872537, "v": 1497603093, "key": 0 }, "geometry": { "type": "LineString", "coordinates": [ [ 105.856372, 21.032994 ], [ 105.856539, 21.033051 ] ] } },
{ "type": "Feature", "properties": { "u": 7543872540, "v": 1819499862, "key": 0 }, "geometry": { "type": "LineString", "coordinates": [ [ 105.855987, 21.033179 ], [ 105.855921, 21.033355 ] ] } },
{ "type": "Feature", "properties": { "u": 7543872540, "v": 5701112181, "key": 0 }, "geometry": { "type": "LineString", "coordinates": [ [ 105.855987, 21.033179 ], [ 105.85613, 21.0329 ], [ 105.85621, 21.032739 ], [ 105.856294, 21.032569 ] ] } },
{ "type": "Feature", "properties": { "u": 7543872540, "v": 1497603093, "key": 0 }, "geometry": { "type": "LineString", "coordinates": [ [ 105.855987, 21.033179 ], [ 105.856116, 21.033232 ], [ 105.856327, 21.033319 ], [ 105.856411, 21.033353 ], [ 105.856467, 21.033247 ], [ 105.856539, 21.033051 ] ] } },
{ "type": "Feature", "properties": { "u": 7543872541, "v": 7543872546, "key": 0 }, "geometry": { "type": "LineString", "coordinates": [ [ 105.856978, 21.032911 ], [ 105.85717, 21.032992 ] ] } },
{ "type": "Feature", "properties": { "u": 7543872541, "v": 13148712441, "key": 0 }, "geometry": { "type": "LineString", "coordinates": [ [ 105.856978, 21.032911 ], [ 105.856814, 21.032845 ] ] } },
{ "type": "Feature", "properties": { "u": 7543872541, "v": 13148712444, "key": 0 }, "geometry": { "type": "LineString", "coordinates": [ [ 105.856978, 21.032911 ], [ 105.856941, 21.032995 ], [ 105.856974, 21.033016 ], [ 105.856926, 21.033168 ], [ 105.856712, 21.033103 ] ] } },
{ "type": "Feature", "properties": { "u": 7543872546, "v": 7543872541, "key": 0 }, "geometry": { "type": "LineString", "coordinates": [ [ 105.85717, 21.032992 ], [ 105.856978, 21.032911 ] ] } },
{ "type": "Feature", "properties": { "u": 8173724190, "v": 8173724250, "key": 0 }, "geometry": { "type": "LineString", "coordinates": [ [ 105.850605, 21.023227 ], [ 105.849332, 21.023629 ] ] } },
{ "type": "Feature", "properties": { "u": 8173724190, "v": 8173724248, "key": 0 }, "geometry": { "type": "LineString", "coordinates": [ [ 105.850605, 21.023227 ], [ 105.850622, 21.023283 ] ] } },
{ "type": "Feature", "properties": { "u": 8173724236, "v": 8173724269, "key": 0 }, "geometry": { "type": "LineString", "coordinates": [ [ 105.851209, 21.024558 ], [ 105.850803, 21.023395 ] ] } },
{ "type": "Feature", "properties": { "u": 8173724236, "v": 8176640924, "key": 0 }, "geometry": { "type": "LineString", "coordinates": [ [ 105.851209, 21.024558 ], [ 105.851267, 21.024542 ] ] } },
{ "type": "Feature", "properties": { "u": 8173724236, "v": 8176640925, "key": 0 }, "geometry": { "type": "LineString", "coordinates": [ [ 105.851209, 21.024558 ], [ 105.851214, 21.024599 ], [ 105.851204, 21.024638 ], [ 105.851182, 21.024667 ], [ 105.851163, 21.024682 ] ] } },
{ "type": "Feature", "properties": { "u": 8173724239, "v": 12925173237, "key": 0 }, "geometry": { "type": "LineString", "coordinates": [ [ 105.849816, 21.025066 ], [ 105.850542, 21.024859 ] ] } },
{ "type": "Feature", "properties": { "u": 8173724239, "v": 6651678059, "key": 0 }, "geometry": { "type": "LineString", "coordinates": [ [ 105.849816, 21.025066 ], [ 105.849842, 21.025146 ] ] } },
{ "type": "Feature", "properties": { "u": 8173724239, "v": 8176640987, "key": 0 }, "geometry": { "type": "LineString", "coordinates": [ [ 105.849816, 21.025066 ], [ 105.849759, 21.025058 ], [ 105.84973, 21.02504 ], [ 105.849706, 21.025005 ], [ 105.849701, 21.02499 ] ] } },
{ "type": "Feature", "properties": { "u": 8173724247, "v": 8173724249, "key": 0 }, "geometry": { "type": "LineString", "coordinates": [ [ 105.850641, 21.023337 ], [ 105.849363, 21.023729 ] ] } },
{ "type": "Feature", "properties": { "u": 8173724247, "v": 8173724248, "key": 0 }, "geometry": { "type": "LineString", "coordinates": [ [ 105.850641, 21.023337 ], [ 105.850622, 21.023283 ] ] } },
{ "type": "Feature", "properties": { "u": 8173724247, "v": 8173724269, "key": 0 }, "geometry": { "type": "LineString", "coordinates": [ [ 105.850641, 21.023337 ], [ 105.850675, 21.023327 ], [ 105.850736, 21.023329 ], [ 105.850769, 21.023343 ], [ 105.850797, 21.023379 ], [ 105.850803, 21.023395 ] ] } },
{ "type": "Feature", "properties": { "u": 8173724248, "v": 8173724247, "key": 0 }, "geometry": { "type": "LineString", "coordinates": [ [ 105.850622, 21.023283 ], [ 105.850641, 21.023337 ] ] } },
{ "type": "Feature", "properties": { "u": 8173724248, "v": 8173724190, "key": 0 }, "geometry": { "type": "LineString", "coordinates": [ [ 105.850622, 21.023283 ], [ 105.850605, 21.023227 ] ] } },
{ "type": "Feature", "properties": { "u": 8173724248, "v": 6651584901, "key": 0 }, "geometry": { "type": "LineString", "coordinates": [ [ 105.850622, 21.023283 ], [ 105.849347, 21.023677 ] ] } },
{ "type": "Feature", "properties": { "u": 8173724248, "v": 98009339, "key": 0 }, "geometry": { "type": "LineString", "coordinates": [ [ 105.850622, 21.023283 ], [ 105.85082, 21.023226 ] ] } },
{ "type": "Feature", "properties": { "u": 8173724249, "v": 8173724247, "key": 0 }, "geometry": { "type": "LineString", "coordinates": [ [ 105.849363, 21.023729 ], [ 105.850641, 21.023337 ] ] } },
{ "type": "Feature", "properties": { "u": 8173724249, "v": 6651584901, "key": 0 }, "geometry": { "type": "LineString", "coordinates": [ [ 105.849363, 21.023729 ], [ 105.849347, 21.023677 ] ] } },
{ "type": "Feature", "properties": { "u": 8173724249, "v": 8176640986, "key": 0 }, "geometry": { "type": "LineString", "coordinates": [ [ 105.849363, 21.023729 ], [ 105.84934, 21.023735 ], [ 105.849313, 21.023755 ], [ 105.849304, 21.023782 ], [ 105.849307, 21.023811 ] ] } },
{ "type": "Feature", "properties": { "u": 8173724250, "v": 8173724190, "key": 0 }, "geometry": { "type": "LineString", "coordinates": [ [ 105.849332, 21.023629 ], [ 105.850605, 21.023227 ] ] } },
{ "type": "Feature", "properties": { "u": 8173724250, "v": 6651584901, "key": 0 }, "geometry": { "type": "LineString", "coordinates": [ [ 105.849332, 21.023629 ], [ 105.849347, 21.023677 ] ] } },
{ "type": "Feature", "properties": { "u": 8173724250, "v": 8176641061, "key": 0 }, "geometry": { "type": "LineString", "coordinates": [ [ 105.849332, 21.023629 ], [ 105.849297, 21.02364 ], [ 105.849245, 21.023605 ], [ 105.849204, 21.023493 ] ] } },
{ "type": "Feature", "properties": { "u": 8173724261, "v": 6689685038, "key": 0 }, "geometry": { "type": "LineString", "coordinates": [ [ 105.85282, 21.024113 ], [ 105.852896, 21.024085 ] ] } },
{ "type": "Feature", "properties": { "u": 8173724261, "v": 8176640953, "key": 0 }, "geometry": { "type": "LineString", "coordinates": [ [ 105.85282, 21.024113 ], [ 105.852819, 21.024154 ], [ 105.852811, 21.024184 ], [ 105.852782, 21.024206 ] ] } },
{ "type": "Feature", "properties": { "u": 8173724261, "v": 8173724276, "key": 0 }, "geometry": { "type": "LineString", "coordinates": [ [ 105.85282, 21.024113 ], [ 105.852809, 21.024042 ], [ 105.852721, 21.023659 ] ] } },
{ "type": "Feature", "properties": { "u": 8173724264, "v": 6644549175, "key": 0 }, "geometry": { "type": "LineString", "coordinates": [ [ 105.851463, 21.024589 ], [ 105.851486, 21.024671 ] ] } },
{ "type": "Feature", "properties": { "u": 8173724264, "v": 8173724268, "key": 0 }, "geometry": { "type": "LineString", "coordinates": [ [ 105.851463, 21.024589 ], [ 105.851416, 21.024597 ], [ 105.851382, 21.024593 ], [ 105.851357, 21.024566 ], [ 105.851334, 21.024524 ] ] } },
{ "type": "Feature", "properties": { "u": 8173724264, "v": 8176640953, "key": 0 }, "geometry": { "type": "LineString", "coordinates": [ [ 105.851463, 21.024589 ], [ 105.852044, 21.02442 ], [ 105.852236, 21.024361 ], [ 105.852743, 21.024221 ], [ 105.852782, 21.024206 ] ] } },
{ "type": "Feature", "properties": { "u": 8173724268, "v": 8176640924, "key": 0 }, "geometry": { "type": "LineString", "coordinates": [ [ 105.851334, 21.024524 ], [ 105.851267, 21.024542 ] ] } },
{ "type": "Feature", "properties": { "u": 8173724268, "v": 8173724270, "key": 0 }, "geometry": { "type": "LineString", "coordinates": [ [ 105.851334, 21.024524 ], [ 105.850955, 21.023376 ], [ 105.850952, 21.023353 ] ] } },
{ "type": "Feature", "properties": { "u": 8173724268, "v": 8173724264, "key": 0 }, "geometry": { "type": "LineString", "coordinates": [ [ 105.851334, 21.024524 ], [ 105.851357, 21.024566 ], [ 105.851382, 21.024593 ], [ 105.851416, 21.024597 ], [ 105.851463, 21.024589 ] ] } },
{ "type": "Feature", "properties": { "u": 8173724269, "v": 8173724236, "key": 0 }, "geometry": { "type": "LineString", "coordinates": [ [ 105.850803, 21.023395 ], [ 105.851209, 21.024558 ] ] } },
{ "type": "Feature", "properties": { "u": 8173724269, "v": 8173724271, "key": 0 }, "geometry": { "type": "LineString", "coordinates": [ [ 105.850803, 21.023395 ], [ 105.850871, 21.023376 ] ] } },
{ "type": "Feature", "properties": { "u": 8173724269, "v": 8173724247, "key": 0 }, "geometry": { "type": "LineString", "coordinates": [ [ 105.850803, 21.023395 ], [ 105.850797, 21.023379 ], [ 105.850769, 21.023343 ], [ 105.850736, 21.023329 ], [ 105.850675, 21.023327 ], [ 105.850641, 21.023337 ] ] } },
{ "type": "Feature", "properties": { "u": 8173724270, "v": 8173724271, "key": 0 }, "geometry": { "type": "LineString", "coordinates": [ [ 105.850952, 21.023353 ], [ 105.850871, 21.023376 ] ] } },
{ "type": "Feature", "properties": { "u": 8173724270, "v": 8173724272, "key": 0 }, "geometry": { "type": "LineString", "coordinates": [ [ 105.850952, 21.023353 ], [ 105.850948, 21.023326 ], [ 105.850948, 21.023283 ], [ 105.850969, 21.023254 ], [ 105.851054, 21.023229 ] ] } },
{ "type": "Feature", "properties": { "u": 8173724270, "v": 8173724268, "key": 0 }, "geometry": { "type": "LineString", "coordinates": [ [ 105.850952, 21.023353 ], [ 105.850955, 21.023376 ], [ 105.851334, 21.024524 ] ] } },
{ "type": "Feature", "properties": { "u": 8173724271, "v": 98009339, "key": 0 }, "geometry": { "type": "LineString", "coordinates": [ [ 105.850871, 21.023376 ], [ 105.85082, 21.023226 ] ] } },
{ "type": "Feature", "properties": { "u": 8173724271, "v": 8173724270, "key": 0 }, "geometry": { "type": "LineString", "coordinates": [ [ 105.850871, 21.023376 ], [ 105.850952, 21.023353 ] ] } },
{ "type": "Feature", "properties": { "u": 8173724271, "v": 8173724269, "key": 0 }, "geometry": { "type": "LineString", "coordinates": [ [ 105.850871, 21.023376 ], [ 105.850803, 21.023395 ] ] } },
{ "type": "Feature", "properties": { "u": 8173724272, "v": 8173724273, "key": 0 }, "geometry": { "type": "LineString", "coordinates": [ [ 105.851054, 21.023229 ], [ 105.851034, 21.023166 ] ] } },
{ "type": "Feature", "properties": { "u": 8173724272, "v": 8173724270, "key": 0 }, "geometry": { "type": "LineString", "coordinates": [ [ 105.851054, 21.023229 ], [ 105.850969, 21.023254 ], [ 105.850948, 21.023283 ], [ 105.850948, 21.023326 ], [ 105.850952, 21.023353 ] ] } },
{ "type": "Feature", "properties": { "u": 8173724273, "v": 8173724272, "key": 0 }, "geometry": { "type": "LineString", "coordinates": [ [ 105.851034, 21.023166 ], [ 105.851054, 21.023229 ] ] } },
{ "type": "Feature", "properties": { "u": 8173724273, "v": 98009339, "key": 0 }, "geometry": { "type": "LineString", "coordinates": [ [ 105.851034, 21.023166 ], [ 105.85082, 21.023226 ] ] } },
{ "type": "Feature", "properties": { "u": 8173724276, "v": 13859549179, "key": 0 }, "geometry": { "type": "LineString", "coordinates": [ [ 105.852721, 21.023659 ], [ 105.851973, 21.023808 ] ] } },
{ "type": "Feature", "properties": { "u": 8173724276, "v": 11518471036, "key": 0 }, "geometry": { "type": "LineString", "coordinates": [ [ 105.852721, 21.023659 ], [ 105.852797, 21.023644 ] ] } },
{ "type": "Feature", "properties": { "u": 8173724276, "v": 8173724261, "key": 0 }, "geometry": { "type": "LineString", "coordinates": [ [ 105.852721, 21.023659 ], [ 105.852809, 21.024042 ], [ 105.85282, 21.024113 ] ] } },
{ "type": "Feature", "properties": { "u": 8173724280, "v": 5704353659, "key": 0 }, "geometry": { "type": "LineString", "coordinates": [ [ 105.849623, 21.024756 ], [ 105.849936, 21.024663 ] ] } },
{ "type": "Feature", "properties": { "u": 8173724280, "v": 5704353660, "key": 0 }, "geometry": { "type": "LineString", "coordinates": [ [ 105.849623, 21.024756 ], [ 105.849559, 21.024773 ] ] } },
{ "type": "Feature", "properties": { "u": 8173724280, "v": 8176640987, "key": 0 }, "geometry": { "type": "LineString", "coordinates": [ [ 105.849623, 21.024756 ], [ 105.849701, 21.02499 ] ] } },
{ "type": "Feature", "properties": { "u": 8173724280, "v": 8176640986, "key": 0 }, "geometry": { "type": "LineString", "coordinates": [ [ 105.849623, 21.024756 ], [ 105.849308, 21.023818 ], [ 105.849307, 21.023811 ] ] } },
{ "type": "Feature", "properties": { "u": 8176599807, "v": 8176641007, "key": 0 }, "geometry": { "type": "LineString", "coordinates": [ [ 105.849805, 21.025291 ], [ 105.84974, 21.025311 ] ] } },
{ "type": "Feature", "properties": { "u": 8176599807, "v": 8176599810, "key": 0 }, "geometry": { "type": "LineString", "coordinates": [ [ 105.849805, 21.025291 ], [ 105.849808, 21.025276 ], [ 105.849823, 21.02525 ], [ 105.849865, 21.025231 ] ] } },
{ "type": "Feature", "properties": { "u": 8176599807, "v": 8176640958, "key": 0 }, "geometry": { "type": "LineString", "coordinates": [ [ 105.849805, 21.025291 ], [ 105.850109, 21.026261 ], [ 105.850117, 21.026276 ] ] } },
{ "type": "Feature", "properties": { "u": 8176599810, "v": 8176640928, "key": 0 }, "geometry": { "type": "LineString", "coordinates": [ [ 105.849865, 21.025231 ], [ 105.850716, 21.024977 ] ] } },
{ "type": "Feature", "properties": { "u": 8176599810, "v": 6651678059, "key": 0 }, "geometry": { "type": "LineString", "coordinates": [ [ 105.849865, 21.025231 ], [ 105.849842, 21.025146 ] ] } },
{ "type": "Feature", "properties": { "u": 8176599810, "v": 8176599807, "key": 0 }, "geometry": { "type": "LineString", "coordinates": [ [ 105.849865, 21.025231 ], [ 105.849823, 21.02525 ], [ 105.849808, 21.025276 ], [ 105.849805, 21.025291 ] ] } },
{ "type": "Feature", "properties": { "u": 8176599811, "v": 8176640928, "key": 0 }, "geometry": { "type": "LineString", "coordinates": [ [ 105.851206, 21.024822 ], [ 105.850716, 21.024977 ] ] } },
{ "type": "Feature", "properties": { "u": 8176599811, "v": 6644549176, "key": 0 }, "geometry": { "type": "LineString", "coordinates": [ [ 105.851206, 21.024822 ], [ 105.851186, 21.024757 ] ] } },
{ "type": "Feature", "properties": { "u": 8176599811, "v": 8176599814, "key": 0 }, "geometry": { "type": "LineString", "coordinates": [ [ 105.851206, 21.024822 ], [ 105.851237, 21.024818 ], [ 105.851266, 21.024831 ], [ 105.851283, 21.024867 ] ] } },
{ "type": "Feature", "properties": { "u": 8176599814, "v": 8176599815, "key": 0 }, "geometry": { "type": "LineString", "coordinates": [ [ 105.851283, 21.024867 ], [ 105.851593, 21.025826 ] ] } },
{ "type": "Feature", "properties": { "u": 8176599814, "v": 6644549177, "key": 0 }, "geometry": { "type": "LineString", "coordinates": [ [ 105.851283, 21.024867 ], [ 105.851365, 21.024844 ] ] } },
{ "type": "Feature", "properties": { "u": 8176599814, "v": 8176599811, "key": 0 }, "geometry": { "type": "LineString", "coordinates": [ [ 105.851283, 21.024867 ], [ 105.851266, 21.024831 ], [ 105.851237, 21.024818 ], [ 105.851206, 21.024822 ] ] } },
{ "type": "Feature", "properties": { "u": 8176599815, "v": 8176599814, "key": 0 }, "geometry": { "type": "LineString", "coordinates": [ [ 105.851593, 21.025826 ], [ 105.851283, 21.024867 ] ] } },
{ "type": "Feature", "properties": { "u": 8176599815, "v": 8176640946, "key": 0 }, "geometry": { "type": "LineString", "coordinates": [ [ 105.851593, 21.025826 ], [ 105.851666, 21.025808 ] ] } },
{ "type": "Feature", "properties": { "u": 8176599815, "v": 8176640956, "key": 0 }, "geometry": { "type": "LineString", "coordinates": [ [ 105.851593, 21.025826 ], [ 105.851604, 21.02587 ], [ 105.851591, 21.025899 ], [ 105.851563, 21.025917 ], [ 105.851452, 21.025949 ] ] } },
{ "type": "Feature", "properties": { "u": 8176640924, "v": 8173724268, "key": 0 }, "geometry": { "type": "LineString", "coordinates": [ [ 105.851267, 21.024542 ], [ 105.851334, 21.024524 ] ] } },
{ "type": "Feature", "properties": { "u": 8176640924, "v": 8173724236, "key": 0 }, "geometry": { "type": "LineString", "coordinates": [ [ 105.851267, 21.024542 ], [ 105.851209, 21.024558 ] ] } },
{ "type": "Feature", "properties": { "u": 8176640924, "v": 8173724271, "key": 0 }, "geometry": { "type": "LineString", "coordinates": [ [ 105.851267, 21.024542 ], [ 105.850991, 21.023708 ], [ 105.850871, 21.023376 ] ] } },
{ "type": "Feature", "properties": { "u": 8176640925, "v": 12925173237, "key": 0 }, "geometry": { "type": "LineString", "coordinates": [ [ 105.851163, 21.024682 ], [ 105.850542, 21.024859 ] ] } },
{ "type": "Feature", "properties": { "u": 8176640925, "v": 6644549176, "key": 0 }, "geometry": { "type": "LineString", "coordinates": [ [ 105.851163, 21.024682 ], [ 105.851186, 21.024757 ] ] } },
{ "type": "Feature", "properties": { "u": 8176640925, "v": 8173724236, "key": 0 }, "geometry": { "type": "LineString", "coordinates": [ [ 105.851163, 21.024682 ], [ 105.851182, 21.024667 ], [ 105.851204, 21.024638 ], [ 105.851214, 21.024599 ], [ 105.851209, 21.024558 ] ] } },
{ "type": "Feature", "properties": { "u": 8176640928, "v": 5704353655, "key": 0 }, "geometry": { "type": "LineString", "coordinates": [ [ 105.850716, 21.024977 ], [ 105.85069, 21.024905 ] ] } },
{ "type": "Feature", "properties": { "u": 8176640928, "v": 8176599811, "key": 0 }, "geometry": { "type": "LineString", "coordinates": [ [ 105.850716, 21.024977 ], [ 105.851206, 21.024822 ] ] } },
{ "type": "Feature", "properties": { "u": 8176640928, "v": 8176599810, "key": 0 }, "geometry": { "type": "LineString", "coordinates": [ [ 105.850716, 21.024977 ], [ 105.849865, 21.025231 ] ] } },
{ "type": "Feature", "properties": { "u": 8176640928, "v": 5704353653, "key": 0 }, "geometry": { "type": "LineString", "coordinates": [ [ 105.850716, 21.024977 ], [ 105.850756, 21.025098 ], [ 105.850367, 21.025226 ] ] } },
{ "type": "Feature", "properties": { "u": 8176640935, "v": 6644549175, "key": 0 }, "geometry": { "type": "LineString", "coordinates": [ [ 105.851507, 21.024723 ], [ 105.851486, 21.024671 ] ] } },
{ "type": "Feature", "properties": { "u": 8176640935, "v": 8176640936, "key": 0 }, "geometry": { "type": "LineString", "coordinates": [ [ 105.851507, 21.024723 ], [ 105.85279, 21.024366 ], [ 105.852827, 21.024366 ] ] } },
{ "type": "Feature", "properties": { "u": 8176640935, "v": 8176640951, "key": 0 }, "geometry": { "type": "LineString", "coordinates": [ [ 105.851507, 21.024723 ], [ 105.851469, 21.024743 ], [ 105.851442, 21.024774 ], [ 105.851438, 21.024803 ], [ 105.851444, 21.024823 ] ] } },
{ "type": "Feature", "properties": { "u": 8176640936, "v": 6689685036, "key": 0 }, "geometry": { "type": "LineString", "coordinates": [ [ 105.852827, 21.024366 ], [ 105.852806, 21.024288 ] ] } },
{ "type": "Feature", "properties": { "u": 8176640936, "v": 8176640939, "key": 0 }, "geometry": { "type": "LineString", "coordinates": [ [ 105.852827, 21.024366 ], [ 105.852857, 21.024377 ], [ 105.852875, 21.0244 ], [ 105.852885, 21.024417 ] ] } },
{ "type": "Feature", "properties": { "u": 8176640936, "v": 8176640935, "key": 0 }, "geometry": { "type": "LineString", "coordinates": [ [ 105.852827, 21.024366 ], [ 105.85279, 21.024366 ], [ 105.851507, 21.024723 ] ] } },
{ "type": "Feature", "properties": { "u": 8176640939, "v": 8178544891, "key": 0 }, "geometry": { "type": "LineString", "coordinates": [ [ 105.852885, 21.024417 ], [ 105.852969, 21.024401 ] ] } },
{ "type": "Feature", "properties": { "u": 8176640939, "v": 8178544892, "key": 0 }, "geometry": { "type": "LineString", "coordinates": [ [ 105.852885, 21.024417 ], [ 105.853108, 21.025324 ], [ 105.853112, 21.025346 ] ] } },
{ "type": "Feature", "properties": { "u": 8176640939, "v": 8176640936, "key": 0 }, "geometry": { "type": "LineString", "coordinates": [ [ 105.852885, 21.024417 ], [ 105.852875, 21.0244 ], [ 105.852857, 21.024377 ], [ 105.852827, 21.024366 ] ] } },
{ "type": "Feature", "properties": { "u": 8176640945, "v": 13976546146, "key": 0 }, "geometry": { "type": "LineString", "coordinates": [ [ 105.853025, 21.025483 ], [ 105.852836, 21.025538 ] ] } },
{ "type": "Feature", "properties": { "u": 8176640945, "v": 8176640955, "key": 0 }, "geometry": { "type": "LineString", "coordinates": [ [ 105.853025, 21.025483 ], [ 105.853037, 21.025535 ] ] } },
{ "type": "Feature", "properties": { "u": 8176640945, "v": 8178544892, "key": 0 }, "geometry": { "type": "LineString", "coordinates": [ [ 105.853025, 21.025483 ], [ 105.853064, 21.025471 ], [ 105.853086, 21.025455 ], [ 105.85311, 21.025398 ], [ 105.853118, 21.025374 ], [ 105.853112, 21.025346 ] ] } },
{ "type": "Feature", "properties": { "u": 8176640946, "v": 6591425284, "key": 0 }, "geometry": { "type": "LineString", "coordinates": [ [ 105.851666, 21.025808 ], [ 105.851461, 21.025131 ] ] } },
{ "type": "Feature", "properties": { "u": 8176640946, "v": 8176640947, "key": 0 }, "geometry": { "type": "LineString", "coordinates": [ [ 105.851666, 21.025808 ], [ 105.851731, 21.025792 ] ] } },
{ "type": "Feature", "properties": { "u": 8176640946, "v": 8176599815, "key": 0 }, "geometry": { "type": "LineString", "coordinates": [ [ 105.851666, 21.025808 ], [ 105.851593, 21.025826 ] ] } },
{ "type": "Feature", "properties": { "u": 8176640947, "v": 8176641138, "key": 0 }, "geometry": { "type": "LineString", "coordinates": [ [ 105.851731, 21.025792 ], [ 105.851541, 21.025116 ] ] } },
{ "type": "Feature", "properties": { "u": 8176640947, "v": 8176640946, "key": 0 }, "geometry": { "type": "LineString", "coordinates": [ [ 105.851731, 21.025792 ], [ 105.851666, 21.025808 ] ] } },
{ "type": "Feature", "properties": { "u": 8176640947, "v": 6646950000, "key": 0 }, "geometry": { "type": "LineString", "coordinates": [ [ 105.851731, 21.025792 ], [ 105.851737, 21.025814 ], [ 105.85176, 21.02584 ], [ 105.851795, 21.025847 ], [ 105.851854, 21.025833 ] ] } },
{ "type": "Feature", "properties": { "u": 8176640951, "v": 8176641138, "key": 0 }, "geometry": { "type": "LineString", "coordinates": [ [ 105.851444, 21.024823 ], [ 105.851541, 21.025116 ] ] } },
{ "type": "Feature", "properties": { "u": 8176640951, "v": 6644549177, "key": 0 }, "geometry": { "type": "LineString", "coordinates": [ [ 105.851444, 21.024823 ], [ 105.851365, 21.024844 ] ] } },
{ "type": "Feature", "properties": { "u": 8176640951, "v": 8176640935, "key": 0 }, "geometry": { "type": "LineString", "coordinates": [ [ 105.851444, 21.024823 ], [ 105.851438, 21.024803 ], [ 105.851442, 21.024774 ], [ 105.851469, 21.024743 ], [ 105.851507, 21.024723 ] ] } },
{ "type": "Feature", "properties": { "u": 8176640953, "v": 6689685036, "key": 0 }, "geometry": { "type": "LineString", "coordinates": [ [ 105.852782, 21.024206 ], [ 105.852806, 21.024288 ] ] } },
{ "type": "Feature", "properties": { "u": 8176640953, "v": 8173724264, "key": 0 }, "geometry": { "type": "LineString", "coordinates": [ [ 105.852782, 21.024206 ], [ 105.852743, 21.024221 ], [ 105.852236, 21.024361 ], [ 105.852044, 21.02442 ], [ 105.851463, 21.024589 ] ] } },
{ "type": "Feature", "properties": { "u": 8176640953, "v": 8173724261, "key": 0 }, "geometry": { "type": "LineString", "coordinates": [ [ 105.852782, 21.024206 ], [ 105.852811, 21.024184 ], [ 105.852819, 21.024154 ], [ 105.85282, 21.024113 ] ] } },
{ "type": "Feature", "properties": { "u": 8176640955, "v": 12408809720, "key": 0 }, "geometry": { "type": "LineString", "coordinates": [ [ 105.853037, 21.025535 ], [ 105.85231, 21.025751 ] ] } },
{ "type": "Feature", "properties": { "u": 8176640955, "v": 75617751, "key": 0 }, "geometry": { "type": "LineString", "coordinates": [ [ 105.853037, 21.025535 ], [ 105.85322, 21.025471 ] ] } },
{ "type": "Feature", "properties": { "u": 8176640955, "v": 8176640945, "key": 0 }, "geometry": { "type": "LineString", "coordinates": [ [ 105.853037, 21.025535 ], [ 105.853025, 21.025483 ] ] } },
{ "type": "Feature", "properties": { "u": 8176640955, "v": 5857305450, "key": 0 }, "geometry": { "type": "LineString", "coordinates": [ [ 105.853037, 21.025535 ], [ 105.853059, 21.025622 ], [ 105.853068, 21.025661 ] ] } },
{ "type": "Feature", "properties": { "u": 8176640956, "v": 13979637066, "key": 0 }, "geometry": { "type": "LineString", "coordinates": [ [ 105.851452, 21.025949 ], [ 105.850763, 21.026133 ] ] } },
{ "type": "Feature", "properties": { "u": 8176640956, "v": 6644523687, "key": 0 }, "geometry": { "type": "LineString", "coordinates": [ [ 105.851452, 21.025949 ], [ 105.85147, 21.026006 ] ] } },
{ "type": "Feature", "properties": { "u": 8176640956, "v": 8176599815, "key": 0 }, "geometry": { "type": "LineString", "coordinates": [ [ 105.851452, 21.025949 ], [ 105.851563, 21.025917 ], [ 105.851591, 21.025899 ], [ 105.851604, 21.02587 ], [ 105.851593, 21.025826 ] ] } },
{ "type": "Feature", "properties": { "u": 8176640957, "v": 6646949997, "key": 0 }, "geometry": { "type": "LineString", "coordinates": [ [ 105.850188, 21.026302 ], [ 105.850203, 21.026367 ] ] } },
{ "type": "Feature", "properties": { "u": 8176640957, "v": 8176640958, "key": 0 }, "geometry": { "type": "LineString", "coordinates": [ [ 105.850188, 21.026302 ], [ 105.850155, 21.0263 ], [ 105.850123, 21.026286 ], [ 105.850117, 21.026276 ] ] } },
{ "type": "Feature", "properties": { "u": 8176640957, "v": 13979637062, "key": 0 }, "geometry": { "type": "LineString", "coordinates": [ [ 105.850188, 21.026302 ], [ 105.850205, 21.026303 ], [ 105.850573, 21.026188 ] ] } },
{ "type": "Feature", "properties": { "u": 8176640958, "v": 6646949996, "key": 0 }, "geometry": { "type": "LineString", "coordinates": [ [ 105.850117, 21.026276 ], [ 105.850065, 21.026292 ] ] } },
{ "type": "Feature", "properties": { "u": 8176640958, "v": 8176599807, "key": 0 }, "geometry": { "type": "LineString", "coordinates": [ [ 105.850117, 21.026276 ], [ 105.850109, 21.026261 ], [ 105.849805, 21.025291 ] ] } },
{ "type": "Feature", "properties": { "u": 8176640958, "v": 8176640957, "key": 0 }, "geometry": { "type": "LineString", "coordinates": [ [ 105.850117, 21.026276 ], [ 105.850123, 21.026286 ], [ 105.850155, 21.0263 ], [ 105.850188, 21.026302 ] ] } },
{ "type": "Feature", "properties": { "u": 8176640959, "v": 8178544838, "key": 0 }, "geometry": { "type": "LineString", "coordinates": [ [ 105.846888, 21.02587 ], [ 105.846831, 21.025886 ] ] } },
{ "type": "Feature", "properties": { "u": 8176640959, "v": 8178544862, "key": 0 }, "geometry": { "type": "LineString", "coordinates": [ [ 105.846888, 21.02587 ], [ 105.846914, 21.025891 ], [ 105.846948, 21.025896 ], [ 105.846993, 21.02589 ], [ 105.847216, 21.025826 ] ] } },
{ "type": "Feature", "properties": { "u": 8176640963, "v": 8176640983, "key": 0 }, "geometry": { "type": "LineString", "coordinates": [ [ 105.849518, 21.025134 ], [ 105.848091, 21.025562 ] ] } },
{ "type": "Feature", "properties": { "u": 8176640963, "v": 6651678058, "key": 0 }, "geometry": { "type": "LineString", "coordinates": [ [ 105.849518, 21.025134 ], [ 105.849548, 21.025226 ] ] } },
{ "type": "Feature", "properties": { "u": 8176640963, "v": 8176640966, "key": 0 }, "geometry": { "type": "LineString", "coordinates": [ [ 105.849518, 21.025134 ], [ 105.849555, 21.025106 ], [ 105.849568, 21.02507 ], [ 105.849565, 21.025031 ] ] } },
{ "type": "Feature", "properties": { "u": 8176640966, "v": 13000988319, "key": 0 }, "geometry": { "type": "LineString", "coordinates": [ [ 105.849565, 21.025031 ], [ 105.849337, 21.024329 ] ] } },
{ "type": "Feature", "properties": { "u": 8176640966, "v": 6651678060, "key": 0 }, "geometry": { "type": "LineString", "coordinates": [ [ 105.849565, 21.025031 ], [ 105.84964, 21.025008 ] ] } },
{ "type": "Feature", "properties": { "u": 8176640966, "v": 8176640963, "key": 0 }, "geometry": { "type": "LineString", "coordinates": [ [ 105.849565, 21.025031 ], [ 105.849568, 21.02507 ], [ 105.849555, 21.025106 ], [ 105.849518, 21.025134 ] ] } },
{ "type": "Feature", "properties": { "u": 8176640979, "v": 5704289447, "key": 0 }, "geometry": { "type": "LineString", "coordinates": [ [ 105.847603, 21.024229 ], [ 105.847589, 21.024182 ] ] } },
{ "type": "Feature", "properties": { "u": 8176640979, "v": 8176641055, "key": 0 }, "geometry": { "type": "LineString", "coordinates": [ [ 105.847603, 21.024229 ], [ 105.847289, 21.024327 ] ] } },
{ "type": "Feature", "properties": { "u": 8176640979, "v": 8176640980, "key": 0 }, "geometry": { "type": "LineString", "coordinates": [ [ 105.847603, 21.024229 ], [ 105.847642, 21.024223 ] ] } },
{ "type": "Feature", "properties": { "u": 8176640979, "v": 8176640982, "key": 0 }, "geometry": { "type": "LineString", "coordinates": [ [ 105.847603, 21.024229 ], [ 105.847618, 21.024273 ], [ 105.848039, 21.025571 ] ] } },
{ "type": "Feature", "properties": { "u": 8176640980, "v": 317319372, "key": 0 }, "geometry": { "type": "LineString", "coordinates": [ [ 105.847642, 21.024223 ], [ 105.847625, 21.024172 ] ] } },
{ "type": "Feature", "properties": { "u": 8176640980, "v": 8176640981, "key": 0 }, "geometry": { "type": "LineString", "coordinates": [ [ 105.847642, 21.024223 ], [ 105.847875, 21.02415 ] ] } },
{ "type": "Feature", "properties": { "u": 8176640980, "v": 8176640979, "key": 0 }, "geometry": { "type": "LineString", "coordinates": [ [ 105.847642, 21.024223 ], [ 105.847603, 21.024229 ] ] } },
{ "type": "Feature", "properties": { "u": 8176640980, "v": 8176640983, "key": 0 }, "geometry": { "type": "LineString", "coordinates": [ [ 105.847642, 21.024223 ], [ 105.847656, 21.024266 ], [ 105.848091, 21.025562 ] ] } },
{ "type": "Feature", "properties": { "u": 8176640981, "v": 1913814838, "key": 0 }, "geometry": { "type": "LineString", "coordinates": [ [ 105.847875, 21.02415 ], [ 105.847848, 21.024105 ] ] } },
{ "type": "Feature", "properties": { "u": 8176640981, "v": 8176640984, "key": 0 }, "geometry": { "type": "LineString", "coordinates": [ [ 105.847875, 21.02415 ], [ 105.848471, 21.023969 ] ] } },
{ "type": "Feature", "properties": { "u": 8176640981, "v": 8176640980, "key": 0 }, "geometry": { "type": "LineString", "coordinates": [ [ 105.847875, 21.02415 ], [ 105.847642, 21.024223 ] ] } },
{ "type": "Feature", "properties": { "u": 8176640982, "v": 11455539092, "key": 0 }, "geometry": { "type": "LineString", "coordinates": [ [ 105.848039, 21.025571 ], [ 105.847924, 21.02561 ] ] } },
{ "type": "Feature", "properties": { "u": 8176640982, "v": 8176640983, "key": 0 }, "geometry": { "type": "LineString", "coordinates": [ [ 105.848039, 21.025571 ], [ 105.848091, 21.025562 ] ] } },
{ "type": "Feature", "properties": { "u": 8176640982, "v": 8176640979, "key": 0 }, "geometry": { "type": "LineString", "coordinates": [ [ 105.848039, 21.025571 ], [ 105.847618, 21.024273 ], [ 105.847603, 21.024229 ] ] } },
{ "type": "Feature", "properties": { "u": 8176640982, "v": 5704289449, "key": 0 }, "geometry": { "type": "LineString", "coordinates": [ [ 105.848039, 21.025571 ], [ 105.84805, 21.025605 ], [ 105.848071, 21.025671 ] ] } },
{ "type": "Feature", "properties": { "u": 8176640983, "v": 8176640963, "key": 0 }, "geometry": { "type": "LineString", "coordinates": [ [ 105.848091, 21.025562 ], [ 105.849518, 21.025134 ] ] } },
{ "type": "Feature", "properties": { "u": 8176640983, "v": 8176640982, "key": 0 }, "geometry": { "type": "LineString", "coordinates": [ [ 105.848091, 21.025562 ], [ 105.848039, 21.025571 ] ] } },
{ "type": "Feature", "properties": { "u": 8176640983, "v": 317319370, "key": 0 }, "geometry": { "type": "LineString", "coordinates": [ [ 105.848091, 21.025562 ], [ 105.8481, 21.02559 ], [ 105.848122, 21.025656 ] ] } },
{ "type": "Feature", "properties": { "u": 8176640983, "v": 8176640980, "key": 0 }, "geometry": { "type": "LineString", "coordinates": [ [ 105.848091, 21.025562 ], [ 105.847656, 21.024266 ], [ 105.847642, 21.024223 ] ] } },
{ "type": "Feature", "properties": { "u": 8176640984, "v": 8176640981, "key": 0 }, "geometry": { "type": "LineString", "coordinates": [ [ 105.848471, 21.023969 ], [ 105.847875, 21.02415 ] ] } },
{ "type": "Feature", "properties": { "u": 8176640984, "v": 11224700071, "key": 0 }, "geometry": { "type": "LineString", "coordinates": [ [ 105.848471, 21.023969 ], [ 105.848698, 21.023901 ] ] } },
{ "type": "Feature", "properties": { "u": 8176640984, "v": 1913814835, "key": 0 }, "geometry": { "type": "LineString", "coordinates": [ [ 105.848471, 21.023969 ], [ 105.848473, 21.023996 ], [ 105.848463, 21.024077 ], [ 105.848439, 21.024126 ], [ 105.848407, 21.024163 ], [ 105.848343, 21.024192 ], [ 105.848259, 21.024217 ], [ 105.848139, 21.024243 ], [ 105.848073, 21.024242 ], [ 105.847988, 21.024232 ], [ 105.847941, 21.024211 ] ] } },
{ "type": "Feature", "properties": { "u": 8176640985, "v": 13000988318, "key": 0 }, "geometry": { "type": "LineString", "coordinates": [ [ 105.84918, 21.023847 ], [ 105.849247, 21.024054 ] ] } },
{ "type": "Feature", "properties": { "u": 8176640985, "v": 6651584900, "key": 0 }, "geometry": { "type": "LineString", "coordinates": [ [ 105.84918, 21.023847 ], [ 105.849242, 21.02383 ] ] } },
{ "type": "Feature", "properties": { "u": 8176640985, "v": 8176641063, "key": 0 }, "geometry": { "type": "LineString", "coordinates": [ [ 105.84918, 21.023847 ], [ 105.849172, 21.023825 ], [ 105.849145, 21.02379 ], [ 105.849111, 21.023781 ], [ 105.849073, 21.023787 ], [ 105.849036, 21.023799 ] ] } },
{ "type": "Feature", "properties": { "u": 8176640986, "v": 6651584900, "key": 0 }, "geometry": { "type": "LineString", "coordinates": [ [ 105.849307, 21.023811 ], [ 105.849242, 21.02383 ] ] } },
{ "type": "Feature", "properties": { "u": 8176640986, "v": 8173724249, "key": 0 }, "geometry": { "type": "LineString", "coordinates": [ [ 105.849307, 21.023811 ], [ 105.849304, 21.023782 ], [ 105.849313, 21.023755 ], [ 105.84934, 21.023735 ], [ 105.849363, 21.023729 ] ] } },
{ "type": "Feature", "properties": { "u": 8176640986, "v": 8173724280, "key": 0 }, "geometry": { "type": "LineString", "coordinates": [ [ 105.849307, 21.023811 ], [ 105.849308, 21.023818 ], [ 105.849623, 21.024756 ] ] } },
{ "type": "Feature", "properties": { "u": 8176640987, "v": 8173724280, "key": 0 }, "geometry": { "type": "LineString", "coordinates": [ [ 105.849701, 21.02499 ], [ 105.849623, 21.024756 ] ] } },
{ "type": "Feature", "properties": { "u": 8176640987, "v": 6651678060, "key": 0 }, "geometry": { "type": "LineString", "coordinates": [ [ 105.849701, 21.02499 ], [ 105.84964, 21.025008 ] ] } },
{ "type": "Feature", "properties": { "u": 8176640987, "v": 8173724239, "key": 0 }, "geometry": { "type": "LineString", "coordinates": [ [ 105.849701, 21.02499 ], [ 105.849706, 21.025005 ], [ 105.84973, 21.02504 ], [ 105.849759, 21.025058 ], [ 105.849816, 21.025066 ] ] } },
{ "type": "Feature", "properties": { "u": 8176640990, "v": 8176641005, "key": 0 }, "geometry": { "type": "LineString", "coordinates": [ [ 105.849573, 21.025308 ], [ 105.849299, 21.025385 ] ] } },
{ "type": "Feature", "properties": { "u": 8176640990, "v": 6651678058, "key": 0 }, "geometry": { "type": "LineString", "coordinates": [ [ 105.849573, 21.025308 ], [ 105.849548, 21.025226 ] ] } },
{ "type": "Feature", "properties": { "u": 8176640990, "v": 8176640992, "key": 0 }, "geometry": { "type": "LineString", "coordinates": [ [ 105.849573, 21.025308 ], [ 105.849619, 21.025309 ], [ 105.849645, 21.025323 ], [ 105.84965, 21.025338 ] ] } },
{ "type": "Feature", "properties": { "u": 8176640992, "v": 8176641007, "key": 0 }, "geometry": { "type": "LineString", "coordinates": [ [ 105.84965, 21.025338 ], [ 105.84974, 21.025311 ] ] } },
{ "type": "Feature", "properties": { "u": 8176640992, "v": 8176641009, "key": 0 }, "geometry": { "type": "LineString", "coordinates": [ [ 105.84965, 21.025338 ], [ 105.849979, 21.026284 ], [ 105.849976, 21.02632 ] ] } },
{ "type": "Feature", "properties": { "u": 8176640992, "v": 8176640990, "key": 0 }, "geometry": { "type": "LineString", "coordinates": [ [ 105.84965, 21.025338 ], [ 105.849645, 21.025323 ], [ 105.849619, 21.025309 ], [ 105.849573, 21.025308 ] ] } },
{ "type": "Feature", "properties": { "u": 8176640995, "v": 6646949995, "key": 0 }, "geometry": { "type": "LineString", "coordinates": [ [ 105.849948, 21.026371 ], [ 105.849967, 21.026433 ] ] } },
{ "type": "Feature", "properties": { "u": 8176640995, "v": 8176641006, "key": 0 }, "geometry": { "type": "LineString", "coordinates": [ [ 105.849948, 21.026371 ], [ 105.849908, 21.026392 ], [ 105.849405, 21.026533 ] ] } },
{ "type": "Feature", "properties": { "u": 8176640995, "v": 8176641009, "key": 0 }, "geometry": { "type": "LineString", "coordinates": [ [ 105.849948, 21.026371 ], [ 105.849976, 21.026325 ], [ 105.849976, 21.02632 ] ] } },
{ "type": "Feature", "properties": { "u": 8176641003, "v": 8176641011, "key": 0 }, "geometry": { "type": "LineString", "coordinates": [ [ 105.84756, 21.025918 ], [ 105.847536, 21.025832 ] ] } },
{ "type": "Feature", "properties": { "u": 8176641003, "v": 11455539091, "key": 0 }, "geometry": { "type": "LineString", "coordinates": [ [ 105.84756, 21.025918 ], [ 105.847578, 21.02591 ], [ 105.847978, 21.025789 ] ] } },
{ "type": "Feature", "properties": { "u": 8176641003, "v": 8178544864, "key": 0 }, "geometry": { "type": "LineString", "coordinates": [ [ 105.84756, 21.025918 ], [ 105.847528, 21.025952 ], [ 105.847521, 21.025973 ], [ 105.847527, 21.026013 ], [ 105.847539, 21.026049 ] ] } },
{ "type": "Feature", "properties": { "u": 8176641004, "v": 5703662604, "key": 0 }, "geometry": { "type": "LineString", "coordinates": [ [ 105.847655, 21.026422 ], [ 105.848583, 21.026157 ] ] } },
{ "type": "Feature", "properties": { "u": 8176641004, "v": 8178544866, "key": 0 }, "geometry": { "type": "LineString", "coordinates": [ [ 105.847655, 21.026422 ], [ 105.847801, 21.02689 ] ] } },
{ "type": "Feature", "properties": { "u": 8176641004, "v": 8178544864, "key": 0 }, "geometry": { "type": "LineString", "coordinates": [ [ 105.847655, 21.026422 ], [ 105.847539, 21.026049 ] ] } },
{ "type": "Feature", "properties": { "u": 8176641005, "v": 5704289438, "key": 0 }, "geometry": { "type": "LineString", "coordinates": [ [ 105.849299, 21.025385 ], [ 105.849331, 21.025471 ] ] } },
{ "type": "Feature", "properties": { "u": 8176641005, "v": 5704289440, "key": 0 }, "geometry": { "type": "LineString", "coordinates": [ [ 105.849299, 21.025385 ], [ 105.849272, 21.025306 ] ] } },
{ "type": "Feature", "properties": { "u": 8176641005, "v": 8176640990, "key": 0 }, "geometry": { "type": "LineString", "coordinates": [ [ 105.849299, 21.025385 ], [ 105.849573, 21.025308 ] ] } },
{ "type": "Feature", "properties": { "u": 8176641005, "v": 11455539091, "key": 0 }, "geometry": { "type": "LineString", "coordinates": [ [ 105.849299, 21.025385 ], [ 105.847978, 21.025789 ] ] } },
{ "type": "Feature", "properties": { "u": 8176641006, "v": 5703662599, "key": 0 }, "geometry": { "type": "LineString", "coordinates": [ [ 105.849405, 21.026533 ], [ 105.849228, 21.025992 ] ] } },
{ "type": "Feature", "properties": { "u": 8176641006, "v": 5703662600, "key": 0 }, "geometry": { "type": "LineString", "coordinates": [ [ 105.849405, 21.026533 ], [ 105.84942, 21.026586 ] ] } },
{ "type": "Feature", "properties": { "u": 8176641006, "v": 8178544866, "key": 0 }, "geometry": { "type": "LineString", "coordinates": [ [ 105.849405, 21.026533 ], [ 105.847882, 21.026962 ], [ 105.847844, 21.02696 ], [ 105.847818, 21.026944 ], [ 105.847801, 21.02689 ] ] } },
{ "type": "Feature", "properties": { "u": 8176641006, "v": 8176640995, "key": 0 }, "geometry": { "type": "LineString", "coordinates": [ [ 105.849405, 21.026533 ], [ 105.849908, 21.026392 ], [ 105.849948, 21.026371 ] ] } },
{ "type": "Feature", "properties": { "u": 8176641007, "v": 6646949996, "key": 0 }, "geometry": { "type": "LineString", "coordinates": [ [ 105.84974, 21.025311 ], [ 105.850065, 21.026292 ] ] } },
{ "type": "Feature", "properties": { "u": 8176641007, "v": 98009580, "key": 0 }, "geometry": { "type": "LineString", "coordinates": [ [ 105.84974, 21.025311 ], [ 105.849699, 21.025184 ] ] } },
{ "type": "Feature", "properties": { "u": 8176641007, "v": 8176599807, "key": 0 }, "geometry": { "type": "LineString", "coordinates": [ [ 105.84974, 21.025311 ], [ 105.849805, 21.025291 ] ] } },
{ "type": "Feature", "properties": { "u": 8176641007, "v": 8176640992, "key": 0 }, "geometry": { "type": "LineString", "coordinates": [ [ 105.84974, 21.025311 ], [ 105.84965, 21.025338 ] ] } },
{ "type": "Feature", "properties": { "u": 8176641009, "v": 6646949996, "key": 0 }, "geometry": { "type": "LineString", "coordinates": [ [ 105.849976, 21.02632 ], [ 105.850065, 21.026292 ] ] } },
{ "type": "Feature", "properties": { "u": 8176641009, "v": 8176640995, "key": 0 }, "geometry": { "type": "LineString", "coordinates": [ [ 105.849976, 21.02632 ], [ 105.849976, 21.026325 ], [ 105.849948, 21.026371 ] ] } },
{ "type": "Feature", "properties": { "u": 8176641009, "v": 8176640992, "key": 0 }, "geometry": { "type": "LineString", "coordinates": [ [ 105.849976, 21.02632 ], [ 105.849979, 21.026284 ], [ 105.84965, 21.025338 ] ] } },
{ "type": "Feature", "properties": { "u": 8176641010, "v": 9903217942, "key": 0 }, "geometry": { "type": "LineString", "coordinates": [ [ 105.84751, 21.025742 ], [ 105.847771, 21.025657 ] ] } },
{ "type": "Feature", "properties": { "u": 8176641010, "v": 8178544862, "key": 0 }, "geometry": { "type": "LineString", "coordinates": [ [ 105.84751, 21.025742 ], [ 105.847216, 21.025826 ] ] } },
{ "type": "Feature", "properties": { "u": 8176641010, "v": 8176641011, "key": 0 }, "geometry": { "type": "LineString", "coordinates": [ [ 105.84751, 21.025742 ], [ 105.847536, 21.025832 ] ] } },
{ "type": "Feature", "properties": { "u": 8176641011, "v": 98010039, "key": 0 }, "geometry": { "type": "LineString", "coordinates": [ [ 105.847536, 21.025832 ], [ 105.84741, 21.025873 ] ] } },
{ "type": "Feature", "properties": { "u": 8176641011, "v": 9903217936, "key": 0 }, "geometry": { "type": "LineString", "coordinates": [ [ 105.847536, 21.025832 ], [ 105.847802, 21.02575 ] ] } },
{ "type": "Feature", "properties": { "u": 8176641011, "v": 8176641003, "key": 0 }, "geometry": { "type": "LineString", "coordinates": [ [ 105.847536, 21.025832 ], [ 105.84756, 21.025918 ] ] } },
{ "type": "Feature", "properties": { "u": 8176641011, "v": 8176641010, "key": 0 }, "geometry": { "type": "LineString", "coordinates": [ [ 105.847536, 21.025832 ], [ 105.84751, 21.025742 ] ] } },
{ "type": "Feature", "properties": { "u": 8176641012, "v": 6651584908, "key": 0 }, "geometry": { "type": "LineString", "coordinates": [ [ 105.847169, 21.024085 ], [ 105.847146, 21.024051 ] ] } },
{ "type": "Feature", "properties": { "u": 8176641012, "v": 8176641016, "key": 0 }, "geometry": { "type": "LineString", "coordinates": [ [ 105.847169, 21.024085 ], [ 105.847168, 21.02412 ], [ 105.847178, 21.024159 ], [ 105.847216, 21.024216 ], [ 105.847256, 21.024227 ] ] } },
{ "type": "Feature", "properties": { "u": 8176641016, "v": 8176641017, "key": 0 }, "geometry": { "type": "LineString", "coordinates": [ [ 105.847256, 21.024227 ], [ 105.848996, 21.023675 ] ] } },
{ "type": "Feature", "properties": { "u": 8176641016, "v": 6651584909, "key": 0 }, "geometry": { "type": "LineString", "coordinates": [ [ 105.847256, 21.024227 ], [ 105.847274, 21.024282 ] ] } },
{ "type": "Feature", "properties": { "u": 8176641016, "v": 8176641012, "key": 0 }, "geometry": { "type": "LineString", "coordinates": [ [ 105.847256, 21.024227 ], [ 105.847216, 21.024216 ], [ 105.847178, 21.024159 ], [ 105.847168, 21.02412 ], [ 105.847169, 21.024085 ] ] } },
{ "type": "Feature", "properties": { "u": 8176641017, "v": 8176641016, "key": 0 }, "geometry": { "type": "LineString", "coordinates": [ [ 105.848996, 21.023675 ], [ 105.847256, 21.024227 ] ] } },
{ "type": "Feature", "properties": { "u": 8176641017, "v": 6651584903, "key": 0 }, "geometry": { "type": "LineString", "coordinates": [ [ 105.848996, 21.023675 ], [ 105.849018, 21.023742 ] ] } },
{ "type": "Feature", "properties": { "u": 8176641017, "v": 8176641020, "key": 0 }, "geometry": { "type": "LineString", "coordinates": [ [ 105.848996, 21.023675 ], [ 105.849037, 21.02364 ], [ 105.849061, 21.023588 ], [ 105.849061, 21.023537 ] ] } },
{ "type": "Feature", "properties": { "u": 8176641020, "v": 6651584902, "key": 0 }, "geometry": { "type": "LineString", "coordinates": [ [ 105.849061, 21.023537 ], [ 105.849134, 21.023514 ] ] } },
{ "type": "Feature", "properties": { "u": 8176641020, "v": 8176641017, "key": 0 }, "geometry": { "type": "LineString", "coordinates": [ [ 105.849061, 21.023537 ], [ 105.849061, 21.023588 ], [ 105.849037, 21.02364 ], [ 105.848996, 21.023675 ] ] } },
{ "type": "Feature", "properties": { "u": 8176641028, "v": 8176641087, "key": 0 }, "geometry": { "type": "LineString", "coordinates": [ [ 105.846823, 21.024035 ], [ 105.846783, 21.024047 ] ] } },
{ "type": "Feature", "properties": { "u": 8176641028, "v": 8176641054, "key": 0 }, "geometry": { "type": "LineString", "coordinates": [ [ 105.846823, 21.024035 ], [ 105.846855, 21.024062 ], [ 105.846899, 21.024078 ], [ 105.846953, 21.024083 ], [ 105.847004, 21.024081 ], [ 105.847048, 21.024062 ], [ 105.847097, 21.02403 ], [ 105.847121, 21.024012 ] ] } },
{ "type": "Feature", "properties": { "u": 8176641028, "v": 8176641057, "key": 0 }, "geometry": { "type": "LineString", "coordinates": [ [ 105.846823, 21.024035 ], [ 105.846795, 21.023953 ], [ 105.846637, 21.023494 ] ] } },
{ "type": "Feature", "properties": { "u": 8176641054, "v": 6651584908, "key": 0 }, "geometry": { "type": "LineString", "coordinates": [ [ 105.847121, 21.024012 ], [ 105.847146, 21.024051 ] ] } },
{ "type": "Feature", "properties": { "u": 8176641054, "v": 8176641060, "key": 0 }, "geometry": { "type": "LineString", "coordinates": [ [ 105.847121, 21.024012 ], [ 105.847242, 21.023917 ], [ 105.847304, 21.023869 ], [ 105.847718, 21.023545 ], [ 105.847756, 21.02354 ], [ 105.848012, 21.023336 ] ] } },
{ "type": "Feature", "properties": { "u": 8176641054, "v": 8176641028, "key": 0 }, "geometry": { "type": "LineString", "coordinates": [ [ 105.847121, 21.024012 ], [ 105.847097, 21.02403 ], [ 105.847048, 21.024062 ], [ 105.847004, 21.024081 ], [ 105.846953, 21.024083 ], [ 105.846899, 21.024078 ], [ 105.846855, 21.024062 ], [ 105.846823, 21.024035 ] ] } },
{ "type": "Feature", "properties": { "u": 8176641055, "v": 11112265412, "key": 0 }, "geometry": { "type": "LineString", "coordinates": [ [ 105.847289, 21.024327 ], [ 105.846882, 21.024449 ] ] } },
{ "type": "Feature", "properties": { "u": 8176641055, "v": 8176640979, "key": 0 }, "geometry": { "type": "LineString", "coordinates": [ [ 105.847289, 21.024327 ], [ 105.847603, 21.024229 ] ] } },
{ "type": "Feature", "properties": { "u": 8176641055, "v": 6651584909, "key": 0 }, "geometry": { "type": "LineString", "coordinates": [ [ 105.847289, 21.024327 ], [ 105.847274, 21.024282 ] ] } },
{ "type": "Feature", "properties": { "u": 8176641057, "v": 5704289441, "key": 0 }, "geometry": { "type": "LineString", "coordinates": [ [ 105.846637, 21.023494 ], [ 105.84673, 21.02343 ], [ 105.846828, 21.023371 ], [ 105.846891, 21.023333 ], [ 105.846915, 21.023316 ], [ 105.84708, 21.023196 ], [ 105.84714, 21.023145 ] ] } },
{ "type": "Feature", "properties": { "u": 8176641057, "v": 8176641028, "key": 0 }, "geometry": { "type": "LineString", "coordinates": [ [ 105.846637, 21.023494 ], [ 105.846795, 21.023953 ], [ 105.846823, 21.024035 ] ] } },
{ "type": "Feature", "properties": { "u": 8176641060, "v": 2367215370, "key": 0 }, "geometry": { "type": "LineString", "coordinates": [ [ 105.848012, 21.023336 ], [ 105.848025, 21.023351 ] ] } },
{ "type": "Feature", "properties": { "u": 8176641060, "v": 8176641054, "key": 0 }, "geometry": { "type": "LineString", "coordinates": [ [ 105.848012, 21.023336 ], [ 105.847756, 21.02354 ], [ 105.847718, 21.023545 ], [ 105.847304, 21.023869 ], [ 105.847242, 21.023917 ], [ 105.847121, 21.024012 ] ] } },
{ "type": "Feature", "properties": { "u": 8176641061, "v": 6651584902, "key": 0 }, "geometry": { "type": "LineString", "coordinates": [ [ 105.849204, 21.023493 ], [ 105.849134, 21.023514 ] ] } },
{ "type": "Feature", "properties": { "u": 8176641061, "v": 8173724250, "key": 0 }, "geometry": { "type": "LineString", "coordinates": [ [ 105.849204, 21.023493 ], [ 105.849245, 21.023605 ], [ 105.849297, 21.02364 ], [ 105.849332, 21.023629 ] ] } },
{ "type": "Feature", "properties": { "u": 8176641063, "v": 11224700071, "key": 0 }, "geometry": { "type": "LineString", "coordinates": [ [ 105.849036, 21.023799 ], [ 105.848698, 21.023901 ] ] } },
{ "type": "Feature", "properties": { "u": 8176641063, "v": 6651584903, "key": 0 }, "geometry": { "type": "LineString", "coordinates": [ [ 105.849036, 21.023799 ], [ 105.849018, 21.023742 ] ] } },
{ "type": "Feature", "properties": { "u": 8176641063, "v": 8176640985, "key": 0 }, "geometry": { "type": "LineString", "coordinates": [ [ 105.849036, 21.023799 ], [ 105.849073, 21.023787 ], [ 105.849111, 21.023781 ], [ 105.849145, 21.02379 ], [ 105.849172, 21.023825 ], [ 105.84918, 21.023847 ] ] } },
{ "type": "Feature", "properties": { "u": 8176641086, "v": 8176641087, "key": 0 }, "geometry": { "type": "LineString", "coordinates": [ [ 105.846727, 21.024062 ], [ 105.846783, 21.024047 ] ] } },
{ "type": "Feature", "properties": { "u": 8176641087, "v": 98012401, "key": 0 }, "geometry": { "type": "LineString", "coordinates": [ [ 105.846783, 21.024047 ], [ 105.846901, 21.024392 ] ] } },
{ "type": "Feature", "properties": { "u": 8176641087, "v": 8176641086, "key": 0 }, "geometry": { "type": "LineString", "coordinates": [ [ 105.846783, 21.024047 ], [ 105.846727, 21.024062 ] ] } },
{ "type": "Feature", "properties": { "u": 8176641087, "v": 8176641028, "key": 0 }, "geometry": { "type": "LineString", "coordinates": [ [ 105.846783, 21.024047 ], [ 105.846823, 21.024035 ] ] } },
{ "type": "Feature", "properties": { "u": 8176641138, "v": 6591425284, "key": 0 }, "geometry": { "type": "LineString", "coordinates": [ [ 105.851541, 21.025116 ], [ 105.851461, 21.025131 ] ] } },
{ "type": "Feature", "properties": { "u": 8176641138, "v": 8176640951, "key": 0 }, "geometry": { "type": "LineString", "coordinates": [ [ 105.851541, 21.025116 ], [ 105.851444, 21.024823 ] ] } },
{ "type": "Feature", "properties": { "u": 8176641138, "v": 8176640947, "key": 0 }, "geometry": { "type": "LineString", "coordinates": [ [ 105.851541, 21.025116 ], [ 105.851731, 21.025792 ] ] } },
{ "type": "Feature", "properties": { "u": 8176641138, "v": 6591434086, "key": 0 }, "geometry": { "type": "LineString", "coordinates": [ [ 105.851541, 21.025116 ], [ 105.851826, 21.025073 ], [ 105.851884, 21.025077 ], [ 105.851938, 21.025092 ], [ 105.852054, 21.025124 ], [ 105.85205, 21.025178 ], [ 105.852148, 21.025231 ] ] } },
{ "type": "Feature", "properties": { "u": 8178544834, "v": 8178544871, "key": 0 }, "geometry": { "type": "LineString", "coordinates": [ [ 105.846749, 21.02596 ], [ 105.846774, 21.026028 ] ] } },
{ "type": "Feature", "properties": { "u": 8178544834, "v": 8178544837, "key": 0 }, "geometry": { "type": "LineString", "coordinates": [ [ 105.846749, 21.02596 ], [ 105.846773, 21.025918 ], [ 105.846771, 21.025903 ] ] } },
{ "type": "Feature", "properties": { "u": 8178544837, "v": 8178544838, "key": 0 }, "geometry": { "type": "LineString", "coordinates": [ [ 105.846771, 21.025903 ], [ 105.846831, 21.025886 ] ] } },
{ "type": "Feature", "properties": { "u": 8178544837, "v": 8178544834, "key": 0 }, "geometry": { "type": "LineString", "coordinates": [ [ 105.846771, 21.025903 ], [ 105.846773, 21.025918 ], [ 105.846749, 21.02596 ] ] } },
{ "type": "Feature", "properties": { "u": 8178544838, "v": 317319368, "key": 0 }, "geometry": { "type": "LineString", "coordinates": [ [ 105.846831, 21.025886 ], [ 105.846869, 21.026001 ] ] } },
{ "type": "Feature", "properties": { "u": 8178544838, "v": 8178544837, "key": 0 }, "geometry": { "type": "LineString", "coordinates": [ [ 105.846831, 21.025886 ], [ 105.846771, 21.025903 ] ] } },
{ "type": "Feature", "properties": { "u": 8178544838, "v": 8176640959, "key": 0 }, "geometry": { "type": "LineString", "coordinates": [ [ 105.846831, 21.025886 ], [ 105.846888, 21.02587 ] ] } },
{ "type": "Feature", "properties": { "u": 8178544847, "v": 8178544863, "key": 0 }, "geometry": { "type": "LineString", "coordinates": [ [ 105.847265, 21.025984 ], [ 105.847241, 21.025909 ] ] } },
{ "type": "Feature", "properties": { "u": 8178544847, "v": 8178544851, "key": 0 }, "geometry": { "type": "LineString", "coordinates": [ [ 105.847265, 21.025984 ], [ 105.847329, 21.026 ], [ 105.847376, 21.026041 ], [ 105.8474, 21.026089 ] ] } },
{ "type": "Feature", "properties": { "u": 8178544847, "v": 8178544870, "key": 0 }, "geometry": { "type": "LineString", "coordinates": [ [ 105.847265, 21.025984 ], [ 105.847202, 21.025977 ], [ 105.846798, 21.026102 ] ] } },
{ "type": "Feature", "properties": { "u": 8178544851, "v": 8178544867, "key": 0 }, "geometry": { "type": "LineString", "coordinates": [ [ 105.8474, 21.026089 ], [ 105.847489, 21.026345 ] ] } },
{ "type": "Feature", "properties": { "u": 8178544851, "v": 8178544865, "key": 0 }, "geometry": { "type": "LineString", "coordinates": [ [ 105.8474, 21.026089 ], [ 105.847475, 21.026067 ] ] } },
{ "type": "Feature", "properties": { "u": 8178544851, "v": 8178544847, "key": 0 }, "geometry": { "type": "LineString", "coordinates": [ [ 105.8474, 21.026089 ], [ 105.847376, 21.026041 ], [ 105.847329, 21.026 ], [ 105.847265, 21.025984 ] ] } },
{ "type": "Feature", "properties": { "u": 8178544852, "v": 8178544867, "key": 0 }, "geometry": { "type": "LineString", "coordinates": [ [ 105.847691, 21.026923 ], [ 105.847489, 21.026345 ] ] } },
{ "type": "Feature", "properties": { "u": 8178544852, "v": 6646949992, "key": 0 }, "geometry": { "type": "LineString", "coordinates": [ [ 105.847691, 21.026923 ], [ 105.847747, 21.026906 ] ] } },
{ "type": "Feature", "properties": { "u": 8178544862, "v": 8176641010, "key": 0 }, "geometry": { "type": "LineString", "coordinates": [ [ 105.847216, 21.025826 ], [ 105.84751, 21.025742 ] ] } },
{ "type": "Feature", "properties": { "u": 8178544862, "v": 8178544863, "key": 0 }, "geometry": { "type": "LineString", "coordinates": [ [ 105.847216, 21.025826 ], [ 105.847241, 21.025909 ] ] } },
{ "type": "Feature", "properties": { "u": 8178544862, "v": 8176640959, "key": 0 }, "geometry": { "type": "LineString", "coordinates": [ [ 105.847216, 21.025826 ], [ 105.846993, 21.02589 ], [ 105.846948, 21.025896 ], [ 105.846914, 21.025891 ], [ 105.846888, 21.02587 ] ] } },
{ "type": "Feature", "properties": { "u": 8178544863, "v": 8178544862, "key": 0 }, "geometry": { "type": "LineString", "coordinates": [ [ 105.847241, 21.025909 ], [ 105.847216, 21.025826 ] ] } },
{ "type": "Feature", "properties": { "u": 8178544863, "v": 8178544847, "key": 0 }, "geometry": { "type": "LineString", "coordinates": [ [ 105.847241, 21.025909 ], [ 105.847265, 21.025984 ] ] } },
{ "type": "Feature", "properties": { "u": 8178544863, "v": 317319368, "key": 0 }, "geometry": { "type": "LineString", "coordinates": [ [ 105.847241, 21.025909 ], [ 105.846869, 21.026001 ] ] } },
{ "type": "Feature", "properties": { "u": 8178544863, "v": 98010039, "key": 0 }, "geometry": { "type": "LineString", "coordinates": [ [ 105.847241, 21.025909 ], [ 105.84741, 21.025873 ] ] } },
{ "type": "Feature", "properties": { "u": 8178544864, "v": 8178544865, "key": 0 }, "geometry": { "type": "LineString", "coordinates": [ [ 105.847539, 21.026049 ], [ 105.847475, 21.026067 ] ] } },
{ "type": "Feature", "properties": { "u": 8178544864, "v": 8176641004, "key": 0 }, "geometry": { "type": "LineString", "coordinates": [ [ 105.847539, 21.026049 ], [ 105.847655, 21.026422 ] ] } },
{ "type": "Feature", "properties": { "u": 8178544864, "v": 8176641003, "key": 0 }, "geometry": { "type": "LineString", "coordinates": [ [ 105.847539, 21.026049 ], [ 105.847527, 21.026013 ], [ 105.847521, 21.025973 ], [ 105.847528, 21.025952 ], [ 105.84756, 21.025918 ] ] } },
{ "type": "Feature", "properties": { "u": 8178544865, "v": 98010039, "key": 0 }, "geometry": { "type": "LineString", "coordinates": [ [ 105.847475, 21.026067 ], [ 105.84741, 21.025873 ] ] } },
{ "type": "Feature", "properties": { "u": 8178544865, "v": 5703662610, "key": 0 }, "geometry": { "type": "LineString", "coordinates": [ [ 105.847475, 21.026067 ], [ 105.847561, 21.026322 ] ] } },
{ "type": "Feature", "properties": { "u": 8178544865, "v": 8178544864, "key": 0 }, "geometry": { "type": "LineString", "coordinates": [ [ 105.847475, 21.026067 ], [ 105.847539, 21.026049 ] ] } },
{ "type": "Feature", "properties": { "u": 8178544865, "v": 8178544851, "key": 0 }, "geometry": { "type": "LineString", "coordinates": [ [ 105.847475, 21.026067 ], [ 105.8474, 21.026089 ] ] } },
{ "type": "Feature", "properties": { "u": 8178544866, "v": 8176641004, "key": 0 }, "geometry": { "type": "LineString", "coordinates": [ [ 105.847801, 21.02689 ], [ 105.847655, 21.026422 ] ] } },
{ "type": "Feature", "properties": { "u": 8178544866, "v": 6646949992, "key": 0 }, "geometry": { "type": "LineString", "coordinates": [ [ 105.847801, 21.02689 ], [ 105.847747, 21.026906 ] ] } },
{ "type": "Feature", "properties": { "u": 8178544866, "v": 8176641006, "key": 0 }, "geometry": { "type": "LineString", "coordinates": [ [ 105.847801, 21.02689 ], [ 105.847818, 21.026944 ], [ 105.847844, 21.02696 ], [ 105.847882, 21.026962 ], [ 105.849405, 21.026533 ] ] } },
{ "type": "Feature", "properties": { "u": 8178544867, "v": 5703662609, "key": 0 }, "geometry": { "type": "LineString", "coordinates": [ [ 105.847489, 21.026345 ], [ 105.846897, 21.026509 ] ] } },
{ "type": "Feature", "properties": { "u": 8178544867, "v": 5703662610, "key": 0 }, "geometry": { "type": "LineString", "coordinates": [ [ 105.847489, 21.026345 ], [ 105.847561, 21.026322 ] ] } },
{ "type": "Feature", "properties": { "u": 8178544867, "v": 8178544852, "key": 0 }, "geometry": { "type": "LineString", "coordinates": [ [ 105.847489, 21.026345 ], [ 105.847691, 21.026923 ] ] } },
{ "type": "Feature", "properties": { "u": 8178544867, "v": 8178544851, "key": 0 }, "geometry": { "type": "LineString", "coordinates": [ [ 105.847489, 21.026345 ], [ 105.8474, 21.026089 ] ] } },
{ "type": "Feature", "properties": { "u": 8178544870, "v": 8178544871, "key": 0 }, "geometry": { "type": "LineString", "coordinates": [ [ 105.846798, 21.026102 ], [ 105.846774, 21.026028 ] ] } },
{ "type": "Feature", "properties": { "u": 8178544870, "v": 8178544847, "key": 0 }, "geometry": { "type": "LineString", "coordinates": [ [ 105.846798, 21.026102 ], [ 105.847202, 21.025977 ], [ 105.847265, 21.025984 ] ] } },
{ "type": "Feature", "properties": { "u": 8178544871, "v": 317319368, "key": 0 }, "geometry": { "type": "LineString", "coordinates": [ [ 105.846774, 21.026028 ], [ 105.846869, 21.026001 ] ] } },
{ "type": "Feature", "properties": { "u": 8178544871, "v": 8178544870, "key": 0 }, "geometry": { "type": "LineString", "coordinates": [ [ 105.846774, 21.026028 ], [ 105.846798, 21.026102 ] ] } },
{ "type": "Feature", "properties": { "u": 8178544871, "v": 8178544834, "key": 0 }, "geometry": { "type": "LineString", "coordinates": [ [ 105.846774, 21.026028 ], [ 105.846749, 21.02596 ] ] } },
{ "type": "Feature", "properties": { "u": 8178544876, "v": 6646847594, "key": 0 }, "geometry": { "type": "LineString", "coordinates": [ [ 105.853266, 21.025311 ], [ 105.853189, 21.025329 ] ] } },
{ "type": "Feature", "properties": { "u": 8178544876, "v": 8178544878, "key": 0 }, "geometry": { "type": "LineString", "coordinates": [ [ 105.853266, 21.025311 ], [ 105.853285, 21.025334 ], [ 105.853314, 21.02535 ], [ 105.853347, 21.025357 ], [ 105.853397, 21.025346 ] ] } },
{ "type": "Feature", "properties": { "u": 8178544876, "v": 8178544890, "key": 0 }, "geometry": { "type": "LineString", "coordinates": [ [ 105.853266, 21.025311 ], [ 105.853247, 21.025238 ], [ 105.853054, 21.024385 ] ] } },
{ "type": "Feature", "properties": { "u": 8178544878, "v": 6646847595, "key": 0 }, "geometry": { "type": "LineString", "coordinates": [ [ 105.853397, 21.025346 ], [ 105.853413, 21.025405 ] ] } },
{ "type": "Feature", "properties": { "u": 8178544878, "v": 13976546169, "key": 0 }, "geometry": { "type": "LineString", "coordinates": [ [ 105.853397, 21.025346 ], [ 105.854095, 21.025139 ] ] } },
{ "type": "Feature", "properties": { "u": 8178544878, "v": 8178544876, "key": 0 }, "geometry": { "type": "LineString", "coordinates": [ [ 105.853397, 21.025346 ], [ 105.853347, 21.025357 ], [ 105.853314, 21.02535 ], [ 105.853285, 21.025334 ], [ 105.853266, 21.025311 ] ] } },
{ "type": "Feature", "properties": { "u": 8178544881, "v": 8184202960, "key": 0 }, "geometry": { "type": "LineString", "coordinates": [ [ 105.855015, 21.024798 ], [ 105.855106, 21.024774 ] ] } },
{ "type": "Feature", "properties": { "u": 8178544881, "v": 8178544883, "key": 0 }, "geometry": { "type": "LineString", "coordinates": [ [ 105.855015, 21.024798 ], [ 105.855007, 21.024748 ], [ 105.854714, 21.023884 ] ] } },
{ "type": "Feature", "properties": { "u": 8178544881, "v": 8184606184, "key": 0 }, "geometry": { "type": "LineString", "coordinates": [ [ 105.855015, 21.024798 ], [ 105.855012, 21.024833 ], [ 105.855002, 21.024866 ], [ 105.854981, 21.024887 ] ] } },
{ "type": "Feature", "properties": { "u": 8178544883, "v": 6684786556, "key": 0 }, "geometry": { "type": "LineString", "coordinates": [ [ 105.854714, 21.023884 ], [ 105.854809, 21.023859 ] ] } },
{ "type": "Feature", "properties": { "u": 8178544883, "v": 8178544886, "key": 0 }, "geometry": { "type": "LineString", "coordinates": [ [ 105.854714, 21.023884 ], [ 105.854699, 21.023857 ], [ 105.854674, 21.023828 ], [ 105.854643, 21.023822 ], [ 105.854592, 21.023828 ] ] } },
{ "type": "Feature", "properties": { "u": 8178544883, "v": 8178544881, "key": 0 }, "geometry": { "type": "LineString", "coordinates": [ [ 105.854714, 21.023884 ], [ 105.855007, 21.024748 ], [ 105.855015, 21.024798 ] ] } },
{ "type": "Feature", "properties": { "u": 8178544886, "v": 8347890322, "key": 0 }, "geometry": { "type": "LineString", "coordinates": [ [ 105.854592, 21.023828 ], [ 105.853558, 21.024146 ] ] } },
{ "type": "Feature", "properties": { "u": 8178544886, "v": 11379754649, "key": 0 }, "geometry": { "type": "LineString", "coordinates": [ [ 105.854592, 21.023828 ], [ 105.854577, 21.023767 ] ] } },
{ "type": "Feature", "properties": { "u": 8178544886, "v": 8178544883, "key": 0 }, "geometry": { "type": "LineString", "coordinates": [ [ 105.854592, 21.023828 ], [ 105.854643, 21.023822 ], [ 105.854674, 21.023828 ], [ 105.854699, 21.023857 ], [ 105.854714, 21.023884 ] ] } },
{ "type": "Feature", "properties": { "u": 8178544887, "v": 6689685037, "key": 0 }, "geometry": { "type": "LineString", "coordinates": [ [ 105.853104, 21.024275 ], [ 105.853081, 21.024205 ] ] } },
{ "type": "Feature", "properties": { "u": 8178544887, "v": 8178544890, "key": 0 }, "geometry": { "type": "LineString", "coordinates": [ [ 105.853104, 21.024275 ], [ 105.853073, 21.024296 ], [ 105.853053, 21.024317 ], [ 105.85305, 21.024361 ], [ 105.853054, 21.024385 ] ] } },
{ "type": "Feature", "properties": { "u": 8178544887, "v": 8347890322, "key": 0 }, "geometry": { "type": "LineString", "coordinates": [ [ 105.853104, 21.024275 ], [ 105.8534, 21.024194 ], [ 105.853558, 21.024146 ] ] } },
{ "type": "Feature", "properties": { "u": 8178544890, "v": 8178544891, "key": 0 }, "geometry": { "type": "LineString", "coordinates": [ [ 105.853054, 21.024385 ], [ 105.852969, 21.024401 ] ] } },
{ "type": "Feature", "properties": { "u": 8178544890, "v": 8178544876, "key": 0 }, "geometry": { "type": "LineString", "coordinates": [ [ 105.853054, 21.024385 ], [ 105.853247, 21.025238 ], [ 105.853266, 21.025311 ] ] } },
{ "type": "Feature", "properties": { "u": 8178544890, "v": 8178544887, "key": 0 }, "geometry": { "type": "LineString", "coordinates": [ [ 105.853054, 21.024385 ], [ 105.85305, 21.024361 ], [ 105.853053, 21.024317 ], [ 105.853073, 21.024296 ], [ 105.853104, 21.024275 ] ] } },
{ "type": "Feature", "properties": { "u": 8178544891, "v": 6646847594, "key": 0 }, "geometry": { "type": "LineString", "coordinates": [ [ 105.852969, 21.024401 ], [ 105.853189, 21.025329 ] ] } },
{ "type": "Feature", "properties": { "u": 8178544891, "v": 8178544890, "key": 0 }, "geometry": { "type": "LineString", "coordinates": [ [ 105.852969, 21.024401 ], [ 105.853054, 21.024385 ] ] } },
{ "type": "Feature", "properties": { "u": 8178544891, "v": 8176640939, "key": 0 }, "geometry": { "type": "LineString", "coordinates": [ [ 105.852969, 21.024401 ], [ 105.852885, 21.024417 ] ] } },
{ "type": "Feature", "properties": { "u": 8178544892, "v": 6646847594, "key": 0 }, "geometry": { "type": "LineString", "coordinates": [ [ 105.853112, 21.025346 ], [ 105.853189, 21.025329 ] ] } },
{ "type": "Feature", "properties": { "u": 8178544892, "v": 8176640945, "key": 0 }, "geometry": { "type": "LineString", "coordinates": [ [ 105.853112, 21.025346 ], [ 105.853118, 21.025374 ], [ 105.85311, 21.025398 ], [ 105.853086, 21.025455 ], [ 105.853064, 21.025471 ], [ 105.853025, 21.025483 ] ] } },
{ "type": "Feature", "properties": { "u": 8178544892, "v": 8176640939, "key": 0 }, "geometry": { "type": "LineString", "coordinates": [ [ 105.853112, 21.025346 ], [ 105.853108, 21.025324 ], [ 105.852885, 21.024417 ] ] } },
{ "type": "Feature", "properties": { "u": 8178544895, "v": 6689685038, "key": 0 }, "geometry": { "type": "LineString", "coordinates": [ [ 105.852961, 21.024061 ], [ 105.852896, 21.024085 ] ] } },
{ "type": "Feature", "properties": { "u": 8178544895, "v": 8178544913, "key": 0 }, "geometry": { "type": "LineString", "coordinates": [ [ 105.852961, 21.024061 ], [ 105.85297, 21.024084 ], [ 105.852998, 21.024108 ], [ 105.85303, 21.024114 ], [ 105.853056, 21.024111 ] ] } },
{ "type": "Feature", "properties": { "u": 8178544905, "v": 8184202934, "key": 0 }, "geometry": { "type": "LineString", "coordinates": [ [ 105.854602, 21.023611 ], [ 105.854708, 21.023583 ] ] } },
{ "type": "Feature", "properties": { "u": 8178544905, "v": 8178544907, "key": 0 }, "geometry": { "type": "LineString", "coordinates": [ [ 105.854602, 21.023611 ], [ 105.854606, 21.02364 ], [ 105.854592, 21.023673 ], [ 105.854558, 21.023692 ] ] } },
{ "type": "Feature", "properties": { "u": 8178544907, "v": 11379754649, "key": 0 }, "geometry": { "type": "LineString", "coordinates": [ [ 105.854558, 21.023692 ], [ 105.854577, 21.023767 ] ] } },
{ "type": "Feature", "properties": { "u": 8178544907, "v": 8178544913, "key": 0 }, "geometry": { "type": "LineString", "coordinates": [ [ 105.854558, 21.023692 ], [ 105.854504, 21.023709 ], [ 105.853102, 21.024099 ], [ 105.853056, 21.024111 ] ] } },
{ "type": "Feature", "properties": { "u": 8178544907, "v": 8178544905, "key": 0 }, "geometry": { "type": "LineString", "coordinates": [ [ 105.854558, 21.023692 ], [ 105.854592, 21.023673 ], [ 105.854606, 21.02364 ], [ 105.854602, 21.023611 ] ] } },
{ "type": "Feature", "properties": { "u": 8178544913, "v": 6689685037, "key": 0 }, "geometry": { "type": "LineString", "coordinates": [ [ 105.853056, 21.024111 ], [ 105.853081, 21.024205 ] ] } },
{ "type": "Feature", "properties": { "u": 8178544913, "v": 8178544895, "key": 0 }, "geometry": { "type": "LineString", "coordinates": [ [ 105.853056, 21.024111 ], [ 105.85303, 21.024114 ], [ 105.852998, 21.024108 ], [ 105.85297, 21.024084 ], [ 105.852961, 21.024061 ] ] } },
{ "type": "Feature", "properties": { "u": 8178544913, "v": 8178544907, "key": 0 }, "geometry": { "type": "LineString", "coordinates": [ [ 105.853056, 21.024111 ], [ 105.853102, 21.024099 ], [ 105.854504, 21.023709 ], [ 105.854558, 21.023692 ] ] } },
{ "type": "Feature", "properties": { "u": 8184202911, "v": 8184202924, "key": 0 }, "geometry": { "type": "LineString", "coordinates": [ [ 105.856437, 21.023153 ], [ 105.855429, 21.023449 ] ] } },
{ "type": "Feature", "properties": { "u": 8184202911, "v": 6662487549, "key": 0 }, "geometry": { "type": "LineString", "coordinates": [ [ 105.856437, 21.023153 ], [ 105.856457, 21.023206 ] ] } },
{ "type": "Feature", "properties": { "u": 8184202924, "v": 4022961194, "key": 0 }, "geometry": { "type": "LineString", "coordinates": [ [ 105.855429, 21.023449 ], [ 105.85545, 21.023511 ] ] } },
{ "type": "Feature", "properties": { "u": 8184202924, "v": 8184202911, "key": 0 }, "geometry": { "type": "LineString", "coordinates": [ [ 105.855429, 21.023449 ], [ 105.856437, 21.023153 ] ] } },
{ "type": "Feature", "properties": { "u": 8184202924, "v": 8184202959, "key": 0 }, "geometry": { "type": "LineString", "coordinates": [ [ 105.855429, 21.023449 ], [ 105.854921, 21.023601 ] ] } },
{ "type": "Feature", "properties": { "u": 8184202933, "v": 8184202934, "key": 0 }, "geometry": { "type": "LineString", "coordinates": [ [ 105.854807, 21.023556 ], [ 105.854708, 21.023583 ] ] } },
{ "type": "Feature", "properties": { "u": 8184202933, "v": 8184202959, "key": 0 }, "geometry": { "type": "LineString", "coordinates": [ [ 105.854807, 21.023556 ], [ 105.85481, 21.023561 ], [ 105.854845, 21.023587 ], [ 105.854881, 21.023601 ], [ 105.854921, 21.023601 ] ] } },
{ "type": "Feature", "properties": { "u": 8184202934, "v": 8184202933, "key": 0 }, "geometry": { "type": "LineString", "coordinates": [ [ 105.854708, 21.023583 ], [ 105.854807, 21.023556 ] ] } },
{ "type": "Feature", "properties": { "u": 8184202934, "v": 8178544905, "key": 0 }, "geometry": { "type": "LineString", "coordinates": [ [ 105.854708, 21.023583 ], [ 105.854602, 21.023611 ] ] } },
{ "type": "Feature", "properties": { "u": 8184202935, "v": 8184202954, "key": 0 }, "geometry": { "type": "LineString", "coordinates": [ [ 105.854966, 21.02373 ], [ 105.855471, 21.023575 ] ] } },
{ "type": "Feature", "properties": { "u": 8184202935, "v": 6684786558, "key": 0 }, "geometry": { "type": "LineString", "coordinates": [ [ 105.854966, 21.02373 ], [ 105.85494, 21.02366 ] ] } },
{ "type": "Feature", "properties": { "u": 8184202935, "v": 8184202950, "key": 0 }, "geometry": { "type": "LineString", "coordinates": [ [ 105.854966, 21.02373 ], [ 105.854928, 21.023742 ], [ 105.854902, 21.023759 ], [ 105.854893, 21.023795 ], [ 105.854895, 21.023837 ] ] } },
{ "type": "Feature", "properties": { "u": 8184202936, "v": 8184202954, "key": 0 }, "geometry": { "type": "LineString", "coordinates": [ [ 105.856479, 21.023267 ], [ 105.855471, 21.023575 ] ] } },
{ "type": "Feature", "properties": { "u": 8184202936, "v": 6662487549, "key": 0 }, "geometry": { "type": "LineString", "coordinates": [ [ 105.856479, 21.023267 ], [ 105.856457, 21.023206 ] ] } },
{ "type": "Feature", "properties": { "u": 8184202936, "v": 10142034223, "key": 0 }, "geometry": { "type": "LineString", "coordinates": [ [ 105.856479, 21.023267 ], [ 105.856531, 21.023265 ], [ 105.856556, 21.023278 ], [ 105.856576, 21.023304 ], [ 105.856591, 21.02334 ] ] } },
{ "type": "Feature", "properties": { "u": 8184202945, "v": 8184202955, "key": 0 }, "geometry": { "type": "LineString", "coordinates": [ [ 105.855273, 21.024824 ], [ 105.855838, 21.024666 ] ] } },
{ "type": "Feature", "properties": { "u": 8184202945, "v": 6646826311, "key": 0 }, "geometry": { "type": "LineString", "coordinates": [ [ 105.855273, 21.024824 ], [ 105.85529, 21.024881 ] ] } },
{ "type": "Feature", "properties": { "u": 8184202945, "v": 8184202949, "key": 0 }, "geometry": { "type": "LineString", "coordinates": [ [ 105.855273, 21.024824 ], [ 105.855255, 21.024825 ], [ 105.855226, 21.024816 ], [ 105.855198, 21.024791 ], [ 105.855183, 21.024756 ] ] } },
{ "type": "Feature", "properties": { "u": 8184202949, "v": 8184202950, "key": 0 }, "geometry": { "type": "LineString", "coordinates": [ [ 105.855183, 21.024756 ], [ 105.854895, 21.023837 ] ] } },
{ "type": "Feature", "properties": { "u": 8184202949, "v": 8184202960, "key": 0 }, "geometry": { "type": "LineString", "coordinates": [ [ 105.855183, 21.024756 ], [ 105.855106, 21.024774 ] ] } },
{ "type": "Feature", "properties": { "u": 8184202949, "v": 8184202945, "key": 0 }, "geometry": { "type": "LineString", "coordinates": [ [ 105.855183, 21.024756 ], [ 105.855198, 21.024791 ], [ 105.855226, 21.024816 ], [ 105.855255, 21.024825 ], [ 105.855273, 21.024824 ] ] } },
{ "type": "Feature", "properties": { "u": 8184202950, "v": 8184202949, "key": 0 }, "geometry": { "type": "LineString", "coordinates": [ [ 105.854895, 21.023837 ], [ 105.855183, 21.024756 ] ] } },
{ "type": "Feature", "properties": { "u": 8184202950, "v": 6684786556, "key": 0 }, "geometry": { "type": "LineString", "coordinates": [ [ 105.854895, 21.023837 ], [ 105.854809, 21.023859 ] ] } },
{ "type": "Feature", "properties": { "u": 8184202950, "v": 8184202935, "key": 0 }, "geometry": { "type": "LineString", "coordinates": [ [ 105.854895, 21.023837 ], [ 105.854893, 21.023795 ], [ 105.854902, 21.023759 ], [ 105.854928, 21.023742 ], [ 105.854966, 21.02373 ] ] } },
{ "type": "Feature", "properties": { "u": 8184202954, "v": 8716653468, "key": 0 }, "geometry": { "type": "LineString", "coordinates": [ [ 105.855471, 21.023575 ], [ 105.855542, 21.023784 ] ] } },
{ "type": "Feature", "properties": { "u": 8184202954, "v": 4022961194, "key": 0 }, "geometry": { "type": "LineString", "coordinates": [ [ 105.855471, 21.023575 ], [ 105.85545, 21.023511 ] ] } },
{ "type": "Feature", "properties": { "u": 8184202954, "v": 8184202936, "key": 0 }, "geometry": { "type": "LineString", "coordinates": [ [ 105.855471, 21.023575 ], [ 105.856479, 21.023267 ] ] } },
{ "type": "Feature", "properties": { "u": 8184202954, "v": 8184202935, "key": 0 }, "geometry": { "type": "LineString", "coordinates": [ [ 105.855471, 21.023575 ], [ 105.854966, 21.02373 ] ] } },
{ "type": "Feature", "properties": { "u": 8184202955, "v": 4022961195, "key": 0 }, "geometry": { "type": "LineString", "coordinates": [ [ 105.855838, 21.024666 ], [ 105.855857, 21.024722 ] ] } },
{ "type": "Feature", "properties": { "u": 8184202955, "v": 4022966514, "key": 0 }, "geometry": { "type": "LineString", "coordinates": [ [ 105.855838, 21.024666 ], [ 105.855689, 21.024223 ] ] } },
{ "type": "Feature", "properties": { "u": 8184202955, "v": 8184202945, "key": 0 }, "geometry": { "type": "LineString", "coordinates": [ [ 105.855838, 21.024666 ], [ 105.855273, 21.024824 ] ] } },
{ "type": "Feature", "properties": { "u": 8184202955, "v": 8184606234, "key": 0 }, "geometry": { "type": "LineString", "coordinates": [ [ 105.855838, 21.024666 ], [ 105.856679, 21.024424 ] ] } },
{ "type": "Feature", "properties": { "u": 8184202956, "v": 4022966515, "key": 0 }, "geometry": { "type": "LineString", "coordinates": [ [ 105.856785, 21.023907 ], [ 105.856869, 21.023885 ] ] } },
{ "type": "Feature", "properties": { "u": 8184202956, "v": 4022966514, "key": 0 }, "geometry": { "type": "LineString", "coordinates": [ [ 105.856785, 21.023907 ], [ 105.855689, 21.024223 ] ] } },
{ "type": "Feature", "properties": { "u": 8184202956, "v": 10142034221, "key": 0 }, "geometry": { "type": "LineString", "coordinates": [ [ 105.856785, 21.023907 ], [ 105.8568, 21.02395 ] ] } },
{ "type": "Feature", "properties": { "u": 8184202956, "v": 10142034223, "key": 0 }, "geometry": { "type": "LineString", "coordinates": [ [ 105.856785, 21.023907 ], [ 105.856591, 21.02334 ] ] } },
{ "type": "Feature", "properties": { "u": 8184202959, "v": 8184202924, "key": 0 }, "geometry": { "type": "LineString", "coordinates": [ [ 105.854921, 21.023601 ], [ 105.855429, 21.023449 ] ] } },
{ "type": "Feature", "properties": { "u": 8184202959, "v": 6684786558, "key": 0 }, "geometry": { "type": "LineString", "coordinates": [ [ 105.854921, 21.023601 ], [ 105.85494, 21.02366 ] ] } },
{ "type": "Feature", "properties": { "u": 8184202959, "v": 8184202933, "key": 0 }, "geometry": { "type": "LineString", "coordinates": [ [ 105.854921, 21.023601 ], [ 105.854881, 21.023601 ], [ 105.854845, 21.023587 ], [ 105.85481, 21.023561 ], [ 105.854807, 21.023556 ] ] } },
{ "type": "Feature", "properties": { "u": 8184202960, "v": 8184202949, "key": 0 }, "geometry": { "type": "LineString", "coordinates": [ [ 105.855106, 21.024774 ], [ 105.855183, 21.024756 ] ] } },
{ "type": "Feature", "properties": { "u": 8184202960, "v": 8178544881, "key": 0 }, "geometry": { "type": "LineString", "coordinates": [ [ 105.855106, 21.024774 ], [ 105.855015, 21.024798 ] ] } },
{ "type": "Feature", "properties": { "u": 8184202960, "v": 6684786556, "key": 0 }, "geometry": { "type": "LineString", "coordinates": [ [ 105.855106, 21.024774 ], [ 105.854991, 21.024407 ], [ 105.854897, 21.024107 ], [ 105.854809, 21.023859 ] ] } },
{ "type": "Feature", "properties": { "u": 8184606156, "v": 11307444360, "key": 0 }, "geometry": { "type": "LineString", "coordinates": [ [ 105.851892, 21.025963 ], [ 105.851942, 21.025948 ] ] } },
{ "type": "Feature", "properties": { "u": 8184606156, "v": 977640003, "key": 0 }, "geometry": { "type": "LineString", "coordinates": [ [ 105.851892, 21.025963 ], [ 105.851886, 21.025938 ], [ 105.851871, 21.025886 ] ] } },
{ "type": "Feature", "properties": { "u": 8184606156, "v": 11307611939, "key": 0 }, "geometry": { "type": "LineString", "coordinates": [ [ 105.851892, 21.025963 ], [ 105.851844, 21.025992 ], [ 105.851806, 21.026031 ], [ 105.851766, 21.02609 ], [ 105.851754, 21.026124 ] ] } },
{ "type": "Feature", "properties": { "u": 8184606159, "v": 6646847595, "key": 0 }, "geometry": { "type": "LineString", "coordinates": [ [ 105.853424, 21.025454 ], [ 105.853413, 21.025405 ] ] } },
{ "type": "Feature", "properties": { "u": 8184606159, "v": 8184606177, "key": 0 }, "geometry": { "type": "LineString", "coordinates": [ [ 105.853424, 21.025454 ], [ 105.85349, 21.025431 ], [ 105.854324, 21.025191 ] ] } },
{ "type": "Feature", "properties": { "u": 8184606159, "v": 5405026112, "key": 0 }, "geometry": { "type": "LineString", "coordinates": [ [ 105.853424, 21.025454 ], [ 105.853397, 21.02548 ], [ 105.853383, 21.025502 ], [ 105.853378, 21.025538 ], [ 105.853401, 21.025656 ] ] } },
{ "type": "Feature", "properties": { "u": 8184606165, "v": 8184606236, "key": 0 }, "geometry": { "type": "LineString", "coordinates": [ [ 105.8552, 21.025338 ], [ 105.85528, 21.025313 ] ] } },
{ "type": "Feature", "properties": { "u": 8184606165, "v": 8184606167, "key": 0 }, "geometry": { "type": "LineString", "coordinates": [ [ 105.8552, 21.025338 ], [ 105.855201, 21.025375 ], [ 105.855191, 21.025394 ], [ 105.855163, 21.025415 ] ] } },
{ "type": "Feature", "properties": { "u": 8184606165, "v": 11449233368, "key": 0 }, "geometry": { "type": "LineString", "coordinates": [ [ 105.8552, 21.025338 ], [ 105.855195, 21.025318 ], [ 105.855147, 21.025181 ] ] } },
{ "type": "Feature", "properties": { "u": 8184606167, "v": 8184606216, "key": 0 }, "geometry": { "type": "LineString", "coordinates": [ [ 105.855163, 21.025415 ], [ 105.855178, 21.025455 ] ] } },
{ "type": "Feature", "properties": { "u": 8184606167, "v": 10142026277, "key": 0 }, "geometry": { "type": "LineString", "coordinates": [ [ 105.855163, 21.025415 ], [ 105.854606, 21.025599 ], [ 105.854593, 21.0256 ], [ 105.85458, 21.025592 ], [ 105.854571, 21.025582 ], [ 105.85457, 21.025579 ] ] } },
{ "type": "Feature", "properties": { "u": 8184606167, "v": 8184606165, "key": 0 }, "geometry": { "type": "LineString", "coordinates": [ [ 105.855163, 21.025415 ], [ 105.855191, 21.025394 ], [ 105.855201, 21.025375 ], [ 105.8552, 21.025338 ] ] } },
{ "type": "Feature", "properties": { "u": 8184606170, "v": 10555858433, "key": 0 }, "geometry": { "type": "LineString", "coordinates": [ [ 105.853488, 21.025954 ], [ 105.853517, 21.026028 ] ] } },
{ "type": "Feature", "properties": { "u": 8184606170, "v": 5405026112, "key": 0 }, "geometry": { "type": "LineString", "coordinates": [ [ 105.853488, 21.025954 ], [ 105.853464, 21.025932 ], [ 105.853447, 21.025895 ], [ 105.853401, 21.025656 ] ] } },
{ "type": "Feature", "properties": { "u": 8184606170, "v": 10142026276, "key": 0 }, "geometry": { "type": "LineString", "coordinates": [ [ 105.853488, 21.025954 ], [ 105.853527, 21.025962 ], [ 105.853591, 21.02596 ], [ 105.854477, 21.025648 ], [ 105.85449, 21.025627 ], [ 105.854493, 21.025609 ], [ 105.854491, 21.025602 ] ] } },
{ "type": "Feature", "properties": { "u": 8184606177, "v": 8184606179, "key": 0 }, "geometry": { "type": "LineString", "coordinates": [ [ 105.854324, 21.025191 ], [ 105.854311, 21.025144 ] ] } },
{ "type": "Feature", "properties": { "u": 8184606177, "v": 8184606159, "key": 0 }, "geometry": { "type": "LineString", "coordinates": [ [ 105.854324, 21.025191 ], [ 105.85349, 21.025431 ], [ 105.853424, 21.025454 ] ] } },
{ "type": "Feature", "properties": { "u": 8184606177, "v": 10142026260, "key": 0 }, "geometry": { "type": "LineString", "coordinates": [ [ 105.854324, 21.025191 ], [ 105.85434, 21.025187 ], [ 105.854356, 21.025187 ], [ 105.854375, 21.025194 ], [ 105.854386, 21.025211 ] ] } },
{ "type": "Feature", "properties": { "u": 8184606178, "v": 13976546165, "key": 0 }, "geometry": { "type": "LineString", "coordinates": [ [ 105.854294, 21.025087 ], [ 105.854523, 21.02502 ] ] } },
{ "type": "Feature", "properties": { "u": 8184606178, "v": 8184606179, "key": 0 }, "geometry": { "type": "LineString", "coordinates": [ [ 105.854294, 21.025087 ], [ 105.854311, 21.025144 ] ] } },
{ "type": "Feature", "properties": { "u": 8184606178, "v": 13976546169, "key": 0 }, "geometry": { "type": "LineString", "coordinates": [ [ 105.854294, 21.025087 ], [ 105.854095, 21.025139 ] ] } },
{ "type": "Feature", "properties": { "u": 8184606179, "v": 317367071, "key": 0 }, "geometry": { "type": "LineString", "coordinates": [ [ 105.854311, 21.025144 ], [ 105.854401, 21.025119 ] ] } },
{ "type": "Feature", "properties": { "u": 8184606179, "v": 6646847595, "key": 0 }, "geometry": { "type": "LineString", "coordinates": [ [ 105.854311, 21.025144 ], [ 105.853413, 21.025405 ] ] } },
{ "type": "Feature", "properties": { "u": 8184606179, "v": 8184606178, "key": 0 }, "geometry": { "type": "LineString", "coordinates": [ [ 105.854311, 21.025144 ], [ 105.854294, 21.025087 ] ] } },
{ "type": "Feature", "properties": { "u": 8184606179, "v": 8184606177, "key": 0 }, "geometry": { "type": "LineString", "coordinates": [ [ 105.854311, 21.025144 ], [ 105.854324, 21.025191 ] ] } },
{ "type": "Feature", "properties": { "u": 8184606183, "v": 6646826309, "key": 0 }, "geometry": { "type": "LineString", "coordinates": [ [ 105.855024, 21.025008 ], [ 105.855005, 21.024953 ] ] } },
{ "type": "Feature", "properties": { "u": 8184606183, "v": 8184606232, "key": 0 }, "geometry": { "type": "LineString", "coordinates": [ [ 105.855024, 21.025008 ], [ 105.85505, 21.025007 ], [ 105.855071, 21.025017 ], [ 105.855086, 21.025027 ], [ 105.855098, 21.025046 ], [ 105.855109, 21.025075 ] ] } },
{ "type": "Feature", "properties": { "u": 8184606183, "v": 10142026270, "key": 0 }, "geometry": { "type": "LineString", "coordinates": [ [ 105.855024, 21.025008 ], [ 105.854488, 21.025153 ], [ 105.854471, 21.025159 ], [ 105.854461, 21.025175 ], [ 105.854462, 21.025188 ] ] } },
{ "type": "Feature", "properties": { "u": 8184606184, "v": 13976546165, "key": 0 }, "geometry": { "type": "LineString", "coordinates": [ [ 105.854981, 21.024887 ], [ 105.854523, 21.02502 ] ] } },
{ "type": "Feature", "properties": { "u": 8184606184, "v": 6646826309, "key": 0 }, "geometry": { "type": "LineString", "coordinates": [ [ 105.854981, 21.024887 ], [ 105.855005, 21.024953 ] ] } },
{ "type": "Feature", "properties": { "u": 8184606184, "v": 8178544881, "key": 0 }, "geometry": { "type": "LineString", "coordinates": [ [ 105.854981, 21.024887 ], [ 105.855002, 21.024866 ], [ 105.855012, 21.024833 ], [ 105.855015, 21.024798 ] ] } },
{ "type": "Feature", "properties": { "u": 8184606185, "v": 10555858433, "key": 0 }, "geometry": { "type": "LineString", "coordinates": [ [ 105.853351, 21.026081 ], [ 105.853517, 21.026028 ] ] } },
{ "type": "Feature", "properties": { "u": 8184606185, "v": 10555858431, "key": 0 }, "geometry": { "type": "LineString", "coordinates": [ [ 105.853351, 21.026081 ], [ 105.853454, 21.026677 ] ] } },
{ "type": "Feature", "properties": { "u": 8184606192, "v": 8184606216, "key": 0 }, "geometry": { "type": "LineString", "coordinates": [ [ 105.855194, 21.025496 ], [ 105.855178, 21.025455 ] ] } },
{ "type": "Feature", "properties": { "u": 8184606192, "v": 8184606195, "key": 0 }, "geometry": { "type": "LineString", "coordinates": [ [ 105.855194, 21.025496 ], [ 105.855213, 21.025492 ], [ 105.855229, 21.025494 ], [ 105.855244, 21.025505 ], [ 105.855248, 21.025516 ] ] } },
{ "type": "Feature", "properties": { "u": 8184606192, "v": 10555858432, "key": 0 }, "geometry": { "type": "LineString", "coordinates": [ [ 105.855194, 21.025496 ], [ 105.853576, 21.026061 ], [ 105.853536, 21.026076 ] ] } },
{ "type": "Feature", "properties": { "u": 8184606195, "v": 8184606239, "key": 0 }, "geometry": { "type": "LineString", "coordinates": [ [ 105.855248, 21.025516 ], [ 105.855442, 21.026079 ] ] } },
{ "type": "Feature", "properties": { "u": 8184606195, "v": 8184606238, "key": 0 }, "geometry": { "type": "LineString", "coordinates": [ [ 105.855248, 21.025516 ], [ 105.855338, 21.025491 ] ] } },
{ "type": "Feature", "properties": { "u": 8184606195, "v": 8184606192, "key": 0 }, "geometry": { "type": "LineString", "coordinates": [ [ 105.855248, 21.025516 ], [ 105.855244, 21.025505 ], [ 105.855229, 21.025494 ], [ 105.855213, 21.025492 ], [ 105.855194, 21.025496 ] ] } },
{ "type": "Feature", "properties": { "u": 8184606203, "v": 8184606210, "key": 0 }, "geometry": { "type": "LineString", "coordinates": [ [ 105.855638, 21.026993 ], [ 105.85478, 21.027115 ] ] } },
{ "type": "Feature", "properties": { "u": 8184606203, "v": 6644906347, "key": 0 }, "geometry": { "type": "LineString", "coordinates": [ [ 105.855638, 21.026993 ], [ 105.855645, 21.027038 ] ] } },
{ "type": "Feature", "properties": { "u": 8184606203, "v": 10146964677, "key": 0 }, "geometry": { "type": "LineString", "coordinates": [ [ 105.855638, 21.026993 ], [ 105.855683, 21.026979 ], [ 105.855711, 21.026957 ], [ 105.855713, 21.026928 ], [ 105.855705, 21.026895 ], [ 105.855661, 21.026765 ] ] } },
{ "type": "Feature", "properties": { "u": 8184606209, "v": 5703662588, "key": 0 }, "geometry": { "type": "LineString", "coordinates": [ [ 105.853619, 21.027044 ], [ 105.854421, 21.026937 ] ] } },
{ "type": "Feature", "properties": { "u": 8184606209, "v": 5703662589, "key": 0 }, "geometry": { "type": "LineString", "coordinates": [ [ 105.853619, 21.027044 ], [ 105.853518, 21.027059 ] ] } },
{ "type": "Feature", "properties": { "u": 8184606209, "v": 10555858430, "key": 0 }, "geometry": { "type": "LineString", "coordinates": [ [ 105.853619, 21.027044 ], [ 105.853557, 21.026663 ] ] } },
{ "type": "Feature", "properties": { "u": 8184606209, "v": 11217220362, "key": 0 }, "geometry": { "type": "LineString", "coordinates": [ [ 105.853619, 21.027044 ], [ 105.853645, 21.027219 ], [ 105.853649, 21.027246 ], [ 105.85366, 21.027267 ], [ 105.853682, 21.027275 ], [ 105.853717, 21.02727 ] ] } },
{ "type": "Feature", "properties": { "u": 8184606210, "v": 11217220362, "key": 0 }, "geometry": { "type": "LineString", "coordinates": [ [ 105.85478, 21.027115 ], [ 105.853717, 21.02727 ] ] } },
{ "type": "Feature", "properties": { "u": 8184606210, "v": 8184606203, "key": 0 }, "geometry": { "type": "LineString", "coordinates": [ [ 105.85478, 21.027115 ], [ 105.855638, 21.026993 ] ] } },
{ "type": "Feature", "properties": { "u": 8184606210, "v": 11974544807, "key": 0 }, "geometry": { "type": "LineString", "coordinates": [ [ 105.85478, 21.027115 ], [ 105.854776, 21.027096 ] ] } },
{ "type": "Feature", "properties": { "u": 8184606210, "v": 5703662587, "key": 0 }, "geometry": { "type": "LineString", "coordinates": [ [ 105.85478, 21.027115 ], [ 105.854789, 21.027158 ] ] } },
{ "type": "Feature", "properties": { "u": 8184606211, "v": 8184606301, "key": 0 }, "geometry": { "type": "LineString", "coordinates": [ [ 105.855527, 21.026346 ], [ 105.855605, 21.02659 ] ] } },
{ "type": "Feature", "properties": { "u": 8184606211, "v": 5703788565, "key": 0 }, "geometry": { "type": "LineString", "coordinates": [ [ 105.855527, 21.026346 ], [ 105.855606, 21.026323 ] ] } },
{ "type": "Feature", "properties": { "u": 8184606211, "v": 8184606239, "key": 0 }, "geometry": { "type": "LineString", "coordinates": [ [ 105.855527, 21.026346 ], [ 105.855504, 21.026272 ], [ 105.855442, 21.026079 ] ] } },
{ "type": "Feature", "properties": { "u": 8184606211, "v": 10146964677, "key": 0 }, "geometry": { "type": "LineString", "coordinates": [ [ 105.855527, 21.026346 ], [ 105.855439, 21.02637 ], [ 105.855401, 21.026449 ], [ 105.855399, 21.026525 ], [ 105.85542, 21.026627 ], [ 105.855471, 21.026726 ], [ 105.855501, 21.026755 ], [ 105.855549, 21.026772 ], [ 105.855612, 21.026765 ], [ 105.855661, 21.026765 ] ] } },
{ "type": "Feature", "properties": { "u": 8184606216, "v": 309597639, "key": 0 }, "geometry": { "type": "LineString", "coordinates": [ [ 105.855178, 21.025455 ], [ 105.855312, 21.025409 ] ] } },
{ "type": "Feature", "properties": { "u": 8184606216, "v": 309597640, "key": 0 }, "geometry": { "type": "LineString", "coordinates": [ [ 105.855178, 21.025455 ], [ 105.854557, 21.025672 ] ] } },
{ "type": "Feature", "properties": { "u": 8184606216, "v": 8184606167, "key": 0 }, "geometry": { "type": "LineString", "coordinates": [ [ 105.855178, 21.025455 ], [ 105.855163, 21.025415 ] ] } },
{ "type": "Feature", "properties": { "u": 8184606216, "v": 8184606192, "key": 0 }, "geometry": { "type": "LineString", "coordinates": [ [ 105.855178, 21.025455 ], [ 105.855194, 21.025496 ] ] } },
{ "type": "Feature", "properties": { "u": 8184606217, "v": 8184606235, "key": 0 }, "geometry": { "type": "LineString", "coordinates": [ [ 105.855271, 21.025024 ], [ 105.855362, 21.025291 ] ] } },
{ "type": "Feature", "properties": { "u": 8184606217, "v": 6646826310, "key": 0 }, "geometry": { "type": "LineString", "coordinates": [ [ 105.855271, 21.025024 ], [ 105.855192, 21.025048 ] ] } },
{ "type": "Feature", "properties": { "u": 8184606217, "v": 8184606220, "key": 0 }, "geometry": { "type": "LineString", "coordinates": [ [ 105.855271, 21.025024 ], [ 105.855265, 21.024994 ], [ 105.855271, 21.024966 ], [ 105.855287, 21.024951 ], [ 105.855308, 21.024938 ] ] } },
{ "type": "Feature", "properties": { "u": 8184606220, "v": 11449233335, "key": 0 }, "geometry": { "type": "LineString", "coordinates": [ [ 105.855308, 21.024938 ], [ 105.855966, 21.024747 ] ] } },
{ "type": "Feature", "properties": { "u": 8184606220, "v": 6646826311, "key": 0 }, "geometry": { "type": "LineString", "coordinates": [ [ 105.855308, 21.024938 ], [ 105.85529, 21.024881 ] ] } },
{ "type": "Feature", "properties": { "u": 8184606220, "v": 8184606217, "key": 0 }, "geometry": { "type": "LineString", "coordinates": [ [ 105.855308, 21.024938 ], [ 105.855287, 21.024951 ], [ 105.855271, 21.024966 ], [ 105.855265, 21.024994 ], [ 105.855271, 21.025024 ] ] } },
{ "type": "Feature", "properties": { "u": 8184606221, "v": 11449233335, "key": 0 }, "geometry": { "type": "LineString", "coordinates": [ [ 105.856708, 21.024532 ], [ 105.855966, 21.024747 ] ] } },
{ "type": "Feature", "properties": { "u": 8184606221, "v": 6662487543, "key": 0 }, "geometry": { "type": "LineString", "coordinates": [ [ 105.856708, 21.024532 ], [ 105.856695, 21.024482 ] ] } },
{ "type": "Feature", "properties": { "u": 8184606221, "v": 10142649473, "key": 0 }, "geometry": { "type": "LineString", "coordinates": [ [ 105.856708, 21.024532 ], [ 105.85675, 21.024533 ], [ 105.856776, 21.024543 ], [ 105.856797, 21.024566 ], [ 105.856805, 21.024589 ], [ 105.856786, 21.024659 ], [ 105.856779, 21.02468 ] ] } },
{ "type": "Feature", "properties": { "u": 8184606231, "v": 8184606237, "key": 0 }, "geometry": { "type": "LineString", "coordinates": [ [ 105.855605, 21.02603 ], [ 105.855419, 21.025467 ] ] } },
{ "type": "Feature", "properties": { "u": 8184606231, "v": 8184606240, "key": 0 }, "geometry": { "type": "LineString", "coordinates": [ [ 105.855605, 21.02603 ], [ 105.85552, 21.026056 ] ] } },
{ "type": "Feature", "properties": { "u": 8184606231, "v": 11443758455, "key": 0 }, "geometry": { "type": "LineString", "coordinates": [ [ 105.855605, 21.02603 ], [ 105.855618, 21.026052 ], [ 105.855646, 21.026065 ], [ 105.855684, 21.026065 ] ] } },
{ "type": "Feature", "properties": { "u": 8184606232, "v": 6646826310, "key": 0 }, "geometry": { "type": "LineString", "coordinates": [ [ 105.855109, 21.025075 ], [ 105.855192, 21.025048 ] ] } },
{ "type": "Feature", "properties": { "u": 8184606232, "v": 11449233368, "key": 0 }, "geometry": { "type": "LineString", "coordinates": [ [ 105.855109, 21.025075 ], [ 105.855147, 21.025181 ] ] } },
{ "type": "Feature", "properties": { "u": 8184606232, "v": 8184606183, "key": 0 }, "geometry": { "type": "LineString", "coordinates": [ [ 105.855109, 21.025075 ], [ 105.855098, 21.025046 ], [ 105.855086, 21.025027 ], [ 105.855071, 21.025017 ], [ 105.85505, 21.025007 ], [ 105.855024, 21.025008 ] ] } },
{ "type": "Feature", "properties": { "u": 8184606234, "v": 8184202955, "key": 0 }, "geometry": { "type": "LineString", "coordinates": [ [ 105.856679, 21.024424 ], [ 105.855838, 21.024666 ] ] } },
{ "type": "Feature", "properties": { "u": 8184606234, "v": 6662487543, "key": 0 }, "geometry": { "type": "LineString", "coordinates": [ [ 105.856679, 21.024424 ], [ 105.856695, 21.024482 ] ] } },
{ "type": "Feature", "properties": { "u": 8184606234, "v": 10142034221, "key": 0 }, "geometry": { "type": "LineString", "coordinates": [ [ 105.856679, 21.024424 ], [ 105.856745, 21.024404 ], [ 105.85681, 21.024384 ], [ 105.856853, 21.024361 ], [ 105.856879, 21.024339 ], [ 105.856901, 21.024305 ], [ 105.856908, 21.024283 ], [ 105.856904, 21.02425 ], [ 105.856882, 21.024187 ], [ 105.8568, 21.02395 ] ] } },
{ "type": "Feature", "properties": { "u": 8184606235, "v": 8184606217, "key": 0 }, "geometry": { "type": "LineString", "coordinates": [ [ 105.855362, 21.025291 ], [ 105.855271, 21.025024 ] ] } },
{ "type": "Feature", "properties": { "u": 8184606235, "v": 8184606237, "key": 0 }, "geometry": { "type": "LineString", "coordinates": [ [ 105.855362, 21.025291 ], [ 105.855419, 21.025467 ] ] } },
{ "type": "Feature", "properties": { "u": 8184606235, "v": 8184606236, "key": 0 }, "geometry": { "type": "LineString", "coordinates": [ [ 105.855362, 21.025291 ], [ 105.85528, 21.025313 ] ] } },
{ "type": "Feature", "properties": { "u": 8184606236, "v": 8184606235, "key": 0 }, "geometry": { "type": "LineString", "coordinates": [ [ 105.85528, 21.025313 ], [ 105.855362, 21.025291 ] ] } },
{ "type": "Feature", "properties": { "u": 8184606236, "v": 8184606165, "key": 0 }, "geometry": { "type": "LineString", "coordinates": [ [ 105.85528, 21.025313 ], [ 105.8552, 21.025338 ] ] } },
{ "type": "Feature", "properties": { "u": 8184606236, "v": 6646826310, "key": 0 }, "geometry": { "type": "LineString", "coordinates": [ [ 105.85528, 21.025313 ], [ 105.855192, 21.025048 ] ] } },
{ "type": "Feature", "properties": { "u": 8184606237, "v": 8184606235, "key": 0 }, "geometry": { "type": "LineString", "coordinates": [ [ 105.855419, 21.025467 ], [ 105.855362, 21.025291 ] ] } },
{ "type": "Feature", "properties": { "u": 8184606237, "v": 8184606231, "key": 0 }, "geometry": { "type": "LineString", "coordinates": [ [ 105.855419, 21.025467 ], [ 105.855605, 21.02603 ] ] } },
{ "type": "Feature", "properties": { "u": 8184606237, "v": 8184606238, "key": 0 }, "geometry": { "type": "LineString", "coordinates": [ [ 105.855419, 21.025467 ], [ 105.855338, 21.025491 ] ] } },
{ "type": "Feature", "properties": { "u": 8184606238, "v": 8184606237, "key": 0 }, "geometry": { "type": "LineString", "coordinates": [ [ 105.855338, 21.025491 ], [ 105.855419, 21.025467 ] ] } },
{ "type": "Feature", "properties": { "u": 8184606238, "v": 8184606195, "key": 0 }, "geometry": { "type": "LineString", "coordinates": [ [ 105.855338, 21.025491 ], [ 105.855248, 21.025516 ] ] } },
{ "type": "Feature", "properties": { "u": 8184606238, "v": 309597639, "key": 0 }, "geometry": { "type": "LineString", "coordinates": [ [ 105.855338, 21.025491 ], [ 105.855312, 21.025409 ] ] } },
{ "type": "Feature", "properties": { "u": 8184606239, "v": 8184606195, "key": 0 }, "geometry": { "type": "LineString", "coordinates": [ [ 105.855442, 21.026079 ], [ 105.855248, 21.025516 ] ] } },
{ "type": "Feature", "properties": { "u": 8184606239, "v": 8184606240, "key": 0 }, "geometry": { "type": "LineString", "coordinates": [ [ 105.855442, 21.026079 ], [ 105.85552, 21.026056 ] ] } },
{ "type": "Feature", "properties": { "u": 8184606239, "v": 8184606211, "key": 0 }, "geometry": { "type": "LineString", "coordinates": [ [ 105.855442, 21.026079 ], [ 105.855504, 21.026272 ], [ 105.855527, 21.026346 ] ] } },
{ "type": "Feature", "properties": { "u": 8184606240, "v": 8184606239, "key": 0 }, "geometry": { "type": "LineString", "coordinates": [ [ 105.85552, 21.026056 ], [ 105.855442, 21.026079 ] ] } },
{ "type": "Feature", "properties": { "u": 8184606240, "v": 8184606231, "key": 0 }, "geometry": { "type": "LineString", "coordinates": [ [ 105.85552, 21.026056 ], [ 105.855605, 21.02603 ] ] } },
{ "type": "Feature", "properties": { "u": 8184606240, "v": 8184606238, "key": 0 }, "geometry": { "type": "LineString", "coordinates": [ [ 105.85552, 21.026056 ], [ 105.855338, 21.025491 ] ] } },
{ "type": "Feature", "properties": { "u": 8184606301, "v": 10146964677, "key": 0 }, "geometry": { "type": "LineString", "coordinates": [ [ 105.855605, 21.02659 ], [ 105.855661, 21.026765 ] ] } },
{ "type": "Feature", "properties": { "u": 8184606301, "v": 8184606211, "key": 0 }, "geometry": { "type": "LineString", "coordinates": [ [ 105.855605, 21.02659 ], [ 105.855527, 21.026346 ] ] } },
{ "type": "Feature", "properties": { "u": 8184606301, "v": 6644906346, "key": 0 }, "geometry": { "type": "LineString", "coordinates": [ [ 105.855605, 21.02659 ], [ 105.855686, 21.026568 ] ] } },
{ "type": "Feature", "properties": { "u": 8184606303, "v": 11435116639, "key": 0 }, "geometry": { "type": "LineString", "coordinates": [ [ 105.855654, 21.027097 ], [ 105.855508, 21.027118 ] ] } },
{ "type": "Feature", "properties": { "u": 8184606303, "v": 6644906347, "key": 0 }, "geometry": { "type": "LineString", "coordinates": [ [ 105.855654, 21.027097 ], [ 105.855651, 21.02708 ], [ 105.855645, 21.027038 ] ] } },
{ "type": "Feature", "properties": { "u": 8184606303, "v": 11435098061, "key": 0 }, "geometry": { "type": "LineString", "coordinates": [ [ 105.855654, 21.027097 ], [ 105.855689, 21.027092 ], [ 105.855739, 21.027086 ], [ 105.855749, 21.027091 ], [ 105.855755, 21.027102 ], [ 105.855778, 21.027296 ] ] } },
{ "type": "Feature", "properties": { "u": 8324080738, "v": 6689598085, "key": 0 }, "geometry": { "type": "LineString", "coordinates": [ [ 105.857505, 21.024911 ], [ 105.857974, 21.025404 ] ] } },
{ "type": "Feature", "properties": { "u": 8324080738, "v": 10142649475, "key": 0 }, "geometry": { "type": "LineString", "coordinates": [ [ 105.857505, 21.024911 ], [ 105.857567, 21.024842 ] ] } },
{ "type": "Feature", "properties": { "u": 8324080738, "v": 10142649474, "key": 0 }, "geometry": { "type": "LineString", "coordinates": [ [ 105.857505, 21.024911 ], [ 105.857454, 21.024967 ] ] } },
{ "type": "Feature", "properties": { "u": 8324080738, "v": 81817652, "key": 0 }, "geometry": { "type": "LineString", "coordinates": [ [ 105.857505, 21.024911 ], [ 105.857272, 21.024651 ], [ 105.85717, 21.024518 ] ] } },
{ "type": "Feature", "properties": { "u": 8338760204, "v": 320410396, "key": 0 }, "geometry": { "type": "LineString", "coordinates": [ [ 105.858055, 21.029223 ], [ 105.857993, 21.029204 ], [ 105.8579, 21.029211 ] ] } },
{ "type": "Feature", "properties": { "u": 8347890322, "v": 8178544886, "key": 0 }, "geometry": { "type": "LineString", "coordinates": [ [ 105.853558, 21.024146 ], [ 105.854592, 21.023828 ] ] } },
{ "type": "Feature", "properties": { "u": 8347890322, "v": 11379754651, "key": 0 }, "geometry": { "type": "LineString", "coordinates": [ [ 105.853558, 21.024146 ], [ 105.853678, 21.024485 ] ] } },
{ "type": "Feature", "properties": { "u": 8347890322, "v": 11379754650, "key": 0 }, "geometry": { "type": "LineString", "coordinates": [ [ 105.853558, 21.024146 ], [ 105.853536, 21.024072 ] ] } },
{ "type": "Feature", "properties": { "u": 8347890322, "v": 8178544887, "key": 0 }, "geometry": { "type": "LineString", "coordinates": [ [ 105.853558, 21.024146 ], [ 105.8534, 21.024194 ], [ 105.853104, 21.024275 ] ] } },
{ "type": "Feature", "properties": { "u": 8716653467, "v": 8716653468, "key": 0 }, "geometry": { "type": "LineString", "coordinates": [ [ 105.855224, 21.023876 ], [ 105.855542, 21.023784 ] ] } },
{ "type": "Feature", "properties": { "u": 8716653468, "v": 4022966514, "key": 0 }, "geometry": { "type": "LineString", "coordinates": [ [ 105.855542, 21.023784 ], [ 105.855689, 21.024223 ] ] } },
{ "type": "Feature", "properties": { "u": 8716653468, "v": 8184202954, "key": 0 }, "geometry": { "type": "LineString", "coordinates": [ [ 105.855542, 21.023784 ], [ 105.855471, 21.023575 ] ] } },
{ "type": "Feature", "properties": { "u": 8716653468, "v": 8716653467, "key": 0 }, "geometry": { "type": "LineString", "coordinates": [ [ 105.855542, 21.023784 ], [ 105.855224, 21.023876 ] ] } },
{ "type": "Feature", "properties": { "u": 8773301650, "v": 11011526189, "key": 0 }, "geometry": { "type": "LineString", "coordinates": [ [ 105.858129, 21.02976 ], [ 105.858085, 21.029856 ], [ 105.85789, 21.030274 ] ] } },
{ "type": "Feature", "properties": { "u": 8773386831, "v": 8773386832, "key": 0 }, "geometry": { "type": "LineString", "coordinates": [ [ 105.857888, 21.030495 ], [ 105.857803, 21.03046 ] ] } },
{ "type": "Feature", "properties": { "u": 8773386832, "v": 8775053595, "key": 0 }, "geometry": { "type": "LineString", "coordinates": [ [ 105.857803, 21.03046 ], [ 105.85764, 21.030795 ] ] } },
{ "type": "Feature", "properties": { "u": 8773386832, "v": 11011526189, "key": 0 }, "geometry": { "type": "LineString", "coordinates": [ [ 105.857803, 21.03046 ], [ 105.85789, 21.030274 ] ] } },
{ "type": "Feature", "properties": { "u": 8773386832, "v": 8773386831, "key": 0 }, "geometry": { "type": "LineString", "coordinates": [ [ 105.857803, 21.03046 ], [ 105.857888, 21.030495 ] ] } },
{ "type": "Feature", "properties": { "u": 8775053594, "v": 13116127515, "key": 0 }, "geometry": { "type": "LineString", "coordinates": [ [ 105.857244, 21.031112 ], [ 105.85742, 21.030765 ], [ 105.857448, 21.030711 ] ] } },
{ "type": "Feature", "properties": { "u": 8775053595, "v": 8773386832, "key": 0 }, "geometry": { "type": "LineString", "coordinates": [ [ 105.85764, 21.030795 ], [ 105.857803, 21.03046 ] ] } },
{ "type": "Feature", "properties": { "u": 8775053595, "v": 13116127515, "key": 0 }, "geometry": { "type": "LineString", "coordinates": [ [ 105.85764, 21.030795 ], [ 105.857448, 21.030711 ] ] } },
{ "type": "Feature", "properties": { "u": 8775053595, "v": 8775472016, "key": 0 }, "geometry": { "type": "LineString", "coordinates": [ [ 105.85764, 21.030795 ], [ 105.857615, 21.030844 ], [ 105.857423, 21.031256 ] ] } },
{ "type": "Feature", "properties": { "u": 8775472015, "v": 8775472016, "key": 0 }, "geometry": { "type": "LineString", "coordinates": [ [ 105.857643, 21.031341 ], [ 105.85751, 21.031287 ], [ 105.857423, 21.031256 ] ] } },
{ "type": "Feature", "properties": { "u": 8775472016, "v": 1497603082, "key": 0 }, "geometry": { "type": "LineString", "coordinates": [ [ 105.857423, 21.031256 ], [ 105.857269, 21.031573 ], [ 105.85726, 21.031592 ] ] } },
{ "type": "Feature", "properties": { "u": 8775472016, "v": 8775053595, "key": 0 }, "geometry": { "type": "LineString", "coordinates": [ [ 105.857423, 21.031256 ], [ 105.857615, 21.030844 ], [ 105.85764, 21.030795 ] ] } },
{ "type": "Feature", "properties": { "u": 8775472016, "v": 8775472015, "key": 0 }, "geometry": { "type": "LineString", "coordinates": [ [ 105.857423, 21.031256 ], [ 105.85751, 21.031287 ], [ 105.857643, 21.031341 ] ] } },
{ "type": "Feature", "properties": { "u": 8830844250, "v": 8909952773, "key": 0 }, "geometry": { "type": "LineString", "coordinates": [ [ 105.847272, 21.02939 ], [ 105.846775, 21.029487 ] ] } },
{ "type": "Feature", "properties": { "u": 8830844250, "v": 8909958026, "key": 0 }, "geometry": { "type": "LineString", "coordinates": [ [ 105.847272, 21.02939 ], [ 105.847216, 21.029099 ], [ 105.847126, 21.028687 ] ] } },
{ "type": "Feature", "properties": { "u": 8830844250, "v": 13886629298, "key": 0 }, "geometry": { "type": "LineString", "coordinates": [ [ 105.847272, 21.02939 ], [ 105.847294, 21.029649 ], [ 105.847669, 21.029818 ], [ 105.847769, 21.029863 ] ] } },
{ "type": "Feature", "properties": { "u": 8830844254, "v": 8909952797, "key": 0 }, "geometry": { "type": "LineString", "coordinates": [ [ 105.846959, 21.027977 ], [ 105.846973, 21.028033 ] ] } },
{ "type": "Feature", "properties": { "u": 8830844254, "v": 2218033249, "key": 0 }, "geometry": { "type": "LineString", "coordinates": [ [ 105.846959, 21.027977 ], [ 105.847766, 21.027802 ], [ 105.84781, 21.027793 ] ] } },
{ "type": "Feature", "properties": { "u": 8909952773, "v": 8830844250, "key": 0 }, "geometry": { "type": "LineString", "coordinates": [ [ 105.846775, 21.029487 ], [ 105.847272, 21.02939 ] ] } },
{ "type": "Feature", "properties": { "u": 8909952773, "v": 2218033253, "key": 0 }, "geometry": { "type": "LineString", "coordinates": [ [ 105.846775, 21.029487 ], [ 105.846653, 21.028945 ] ] } },
{ "type": "Feature", "properties": { "u": 8909952787, "v": 322505394, "key": 0 }, "geometry": { "type": "LineString", "coordinates": [ [ 105.847808, 21.027864 ], [ 105.847791, 21.02812 ] ] } },
{ "type": "Feature", "properties": { "u": 8909952787, "v": 8909952797, "key": 0 }, "geometry": { "type": "LineString", "coordinates": [ [ 105.847808, 21.027864 ], [ 105.847734, 21.027867 ], [ 105.846973, 21.028033 ] ] } },
{ "type": "Feature", "properties": { "u": 8909952797, "v": 8909958026, "key": 0 }, "geometry": { "type": "LineString", "coordinates": [ [ 105.846973, 21.028033 ], [ 105.847126, 21.028687 ] ] } },
{ "type": "Feature", "properties": { "u": 8909952797, "v": 8830844254, "key": 0 }, "geometry": { "type": "LineString", "coordinates": [ [ 105.846973, 21.028033 ], [ 105.846959, 21.027977 ] ] } },
{ "type": "Feature", "properties": { "u": 8909952797, "v": 8909952787, "key": 0 }, "geometry": { "type": "LineString", "coordinates": [ [ 105.846973, 21.028033 ], [ 105.847734, 21.027867 ], [ 105.847808, 21.027864 ] ] } },
{ "type": "Feature", "properties": { "u": 8909958026, "v": 8909952797, "key": 0 }, "geometry": { "type": "LineString", "coordinates": [ [ 105.847126, 21.028687 ], [ 105.846973, 21.028033 ] ] } },
{ "type": "Feature", "properties": { "u": 8909958026, "v": 2218033254, "key": 0 }, "geometry": { "type": "LineString", "coordinates": [ [ 105.847126, 21.028687 ], [ 105.84662, 21.028793 ] ] } },
{ "type": "Feature", "properties": { "u": 8909958026, "v": 8830844250, "key": 0 }, "geometry": { "type": "LineString", "coordinates": [ [ 105.847126, 21.028687 ], [ 105.847216, 21.029099 ], [ 105.847272, 21.02939 ] ] } },
{ "type": "Feature", "properties": { "u": 9903217936, "v": 8176641011, "key": 0 }, "geometry": { "type": "LineString", "coordinates": [ [ 105.847802, 21.02575 ], [ 105.847536, 21.025832 ] ] } },
{ "type": "Feature", "properties": { "u": 9903217936, "v": 11455539093, "key": 0 }, "geometry": { "type": "LineString", "coordinates": [ [ 105.847802, 21.02575 ], [ 105.847953, 21.025706 ] ] } },
{ "type": "Feature", "properties": { "u": 9903217936, "v": 9903217942, "key": 0 }, "geometry": { "type": "LineString", "coordinates": [ [ 105.847802, 21.02575 ], [ 105.847771, 21.025657 ] ] } },
{ "type": "Feature", "properties": { "u": 9903217937, "v": 9975258447, "key": 0 }, "geometry": { "type": "LineString", "coordinates": [ [ 105.847548, 21.025008 ], [ 105.847261, 21.025091 ] ] } },
{ "type": "Feature", "properties": { "u": 9903217937, "v": 11112265410, "key": 0 }, "geometry": { "type": "LineString", "coordinates": [ [ 105.847548, 21.025008 ], [ 105.847433, 21.024671 ] ] } },
{ "type": "Feature", "properties": { "u": 9903217937, "v": 9975258337, "key": 0 }, "geometry": { "type": "LineString", "coordinates": [ [ 105.847548, 21.025008 ], [ 105.847584, 21.025114 ] ] } },
{ "type": "Feature", "properties": { "u": 9903217938, "v": 9975258440, "key": 0 }, "geometry": { "type": "LineString", "coordinates": [ [ 105.846725, 21.025246 ], [ 105.846923, 21.025189 ] ] } },
{ "type": "Feature", "properties": { "u": 9903217938, "v": 9975258320, "key": 0 }, "geometry": { "type": "LineString", "coordinates": [ [ 105.846725, 21.025246 ], [ 105.846762, 21.025353 ] ] } },
{ "type": "Feature", "properties": { "u": 9903217941, "v": 11169867121, "key": 0 }, "geometry": { "type": "LineString", "coordinates": [ [ 105.847746, 21.025581 ], [ 105.847641, 21.025278 ] ] } },
{ "type": "Feature", "properties": { "u": 9903217941, "v": 9975258320, "key": 0 }, "geometry": { "type": "LineString", "coordinates": [ [ 105.847746, 21.025581 ], [ 105.846991, 21.025801 ], [ 105.846897, 21.025746 ], [ 105.846762, 21.025353 ] ] } },
{ "type": "Feature", "properties": { "u": 9903217941, "v": 9903217942, "key": 0 }, "geometry": { "type": "LineString", "coordinates": [ [ 105.847746, 21.025581 ], [ 105.847759, 21.02562 ], [ 105.847771, 21.025657 ] ] } },
{ "type": "Feature", "properties": { "u": 9903217942, "v": 11455539092, "key": 0 }, "geometry": { "type": "LineString", "coordinates": [ [ 105.847771, 21.025657 ], [ 105.847924, 21.02561 ] ] } },
{ "type": "Feature", "properties": { "u": 9903217942, "v": 8176641010, "key": 0 }, "geometry": { "type": "LineString", "coordinates": [ [ 105.847771, 21.025657 ], [ 105.84751, 21.025742 ] ] } },
{ "type": "Feature", "properties": { "u": 9903217942, "v": 9903217936, "key": 0 }, "geometry": { "type": "LineString", "coordinates": [ [ 105.847771, 21.025657 ], [ 105.847802, 21.02575 ] ] } },
{ "type": "Feature", "properties": { "u": 9903217942, "v": 9903217941, "key": 0 }, "geometry": { "type": "LineString", "coordinates": [ [ 105.847771, 21.025657 ], [ 105.847759, 21.02562 ], [ 105.847746, 21.025581 ] ] } },
{ "type": "Feature", "properties": { "u": 9966237336, "v": 6644360681, "key": 0 }, "geometry": { "type": "LineString", "coordinates": [ [ 105.853864, 21.028705 ], [ 105.853777, 21.02872 ] ] } },
{ "type": "Feature", "properties": { "u": 9966237336, "v": 10584029034, "key": 0 }, "geometry": { "type": "LineString", "coordinates": [ [ 105.853864, 21.028705 ], [ 105.853865, 21.028709 ], [ 105.853874, 21.028731 ], [ 105.853892, 21.028747 ], [ 105.853904, 21.028749 ] ] } },
{ "type": "Feature", "properties": { "u": 9966237336, "v": 9966237370, "key": 0 }, "geometry": { "type": "LineString", "coordinates": [ [ 105.853864, 21.028705 ], [ 105.853857, 21.028656 ], [ 105.853833, 21.028507 ] ] } },
{ "type": "Feature", "properties": { "u": 9966237344, "v": 6644906351, "key": 0 }, "geometry": { "type": "LineString", "coordinates": [ [ 105.855763, 21.027734 ], [ 105.855823, 21.027751 ] ] } },
{ "type": "Feature", "properties": { "u": 9966237344, "v": 9966237346, "key": 0 }, "geometry": { "type": "LineString", "coordinates": [ [ 105.855763, 21.027734 ], [ 105.855783, 21.027669 ], [ 105.855784, 21.027657 ] ] } },
{ "type": "Feature", "properties": { "u": 9966237344, "v": 10584029029, "key": 0 }, "geometry": { "type": "LineString", "coordinates": [ [ 105.855763, 21.027734 ], [ 105.855441, 21.028738 ], [ 105.855407, 21.028829 ] ] } },
{ "type": "Feature", "properties": { "u": 9966237346, "v": 6644906350, "key": 0 }, "geometry": { "type": "LineString", "coordinates": [ [ 105.855784, 21.027657 ], [ 105.855779, 21.027606 ] ] } },
{ "type": "Feature", "properties": { "u": 9966237346, "v": 9966237380, "key": 0 }, "geometry": { "type": "LineString", "coordinates": [ [ 105.855784, 21.027657 ], [ 105.855771, 21.027647 ], [ 105.855756, 21.027645 ], [ 105.855732, 21.027646 ], [ 105.854288, 21.027847 ] ] } },
{ "type": "Feature", "properties": { "u": 9966237346, "v": 9966237344, "key": 0 }, "geometry": { "type": "LineString", "coordinates": [ [ 105.855784, 21.027657 ], [ 105.855783, 21.027669 ], [ 105.855763, 21.027734 ] ] } },
{ "type": "Feature", "properties": { "u": 9966237349, "v": 9966237380, "key": 0 }, "geometry": { "type": "LineString", "coordinates": [ [ 105.853818, 21.027912 ], [ 105.854288, 21.027847 ] ] } },
{ "type": "Feature", "properties": { "u": 9966237349, "v": 11217220367, "key": 0 }, "geometry": { "type": "LineString", "coordinates": [ [ 105.853818, 21.027912 ], [ 105.853811, 21.027868 ] ] } },
{ "type": "Feature", "properties": { "u": 9966237349, "v": 9966237369, "key": 0 }, "geometry": { "type": "LineString", "coordinates": [ [ 105.853818, 21.027912 ], [ 105.853774, 21.027918 ], [ 105.853753, 21.027932 ], [ 105.853744, 21.027948 ], [ 105.853744, 21.027966 ], [ 105.853788, 21.028237 ] ] } },
{ "type": "Feature", "properties": { "u": 9966237354, "v": 11435116365, "key": 0 }, "geometry": { "type": "LineString", "coordinates": [ [ 105.853803, 21.027817 ], [ 105.854432, 21.027732 ] ] } },
{ "type": "Feature", "properties": { "u": 9966237354, "v": 11217220367, "key": 0 }, "geometry": { "type": "LineString", "coordinates": [ [ 105.853803, 21.027817 ], [ 105.853806, 21.027836 ], [ 105.853811, 21.027868 ] ] } },
{ "type": "Feature", "properties": { "u": 9966237354, "v": 11435116387, "key": 0 }, "geometry": { "type": "LineString", "coordinates": [ [ 105.853803, 21.027817 ], [ 105.853767, 21.027822 ], [ 105.853752, 21.027819 ], [ 105.853743, 21.027809 ], [ 105.85374, 21.027791 ], [ 105.853728, 21.027708 ] ] } },
{ "type": "Feature", "properties": { "u": 9966237354, "v": 11435116388, "key": 0 }, "geometry": { "type": "LineString", "coordinates": [ [ 105.853803, 21.027817 ], [ 105.853851, 21.02774 ], [ 105.853843, 21.027692 ] ] } },
{ "type": "Feature", "properties": { "u": 9966237357, "v": 11348293010, "key": 0 }, "geometry": { "type": "LineString", "coordinates": [ [ 105.855333, 21.028883 ], [ 105.855326, 21.02894 ] ] } },
{ "type": "Feature", "properties": { "u": 9966237357, "v": 10584029029, "key": 0 }, "geometry": { "type": "LineString", "coordinates": [ [ 105.855333, 21.028883 ], [ 105.855389, 21.028856 ], [ 105.855399, 21.028844 ], [ 105.855407, 21.028829 ] ] } },
{ "type": "Feature", "properties": { "u": 9966237357, "v": 10584029034, "key": 0 }, "geometry": { "type": "LineString", "coordinates": [ [ 105.855333, 21.028883 ], [ 105.853926, 21.028754 ], [ 105.853904, 21.028749 ] ] } },
{ "type": "Feature", "properties": { "u": 9966237358, "v": 9966237368, "key": 0 }, "geometry": { "type": "LineString", "coordinates": [ [ 105.8537, 21.028249 ], [ 105.853742, 21.028521 ] ] } },
{ "type": "Feature", "properties": { "u": 9966237358, "v": 9966237369, "key": 0 }, "geometry": { "type": "LineString", "coordinates": [ [ 105.8537, 21.028249 ], [ 105.853788, 21.028237 ] ] } },
{ "type": "Feature", "properties": { "u": 9966237368, "v": 6644360681, "key": 0 }, "geometry": { "type": "LineString", "coordinates": [ [ 105.853742, 21.028521 ], [ 105.853777, 21.02872 ] ] } },
{ "type": "Feature", "properties": { "u": 9966237368, "v": 9966237370, "key": 0 }, "geometry": { "type": "LineString", "coordinates": [ [ 105.853742, 21.028521 ], [ 105.853833, 21.028507 ] ] } },
{ "type": "Feature", "properties": { "u": 9966237369, "v": 9966237370, "key": 0 }, "geometry": { "type": "LineString", "coordinates": [ [ 105.853788, 21.028237 ], [ 105.853833, 21.028507 ] ] } },
{ "type": "Feature", "properties": { "u": 9966237369, "v": 9966237358, "key": 0 }, "geometry": { "type": "LineString", "coordinates": [ [ 105.853788, 21.028237 ], [ 105.8537, 21.028249 ] ] } },
{ "type": "Feature", "properties": { "u": 9966237369, "v": 9966237349, "key": 0 }, "geometry": { "type": "LineString", "coordinates": [ [ 105.853788, 21.028237 ], [ 105.853744, 21.027966 ], [ 105.853744, 21.027948 ], [ 105.853753, 21.027932 ], [ 105.853774, 21.027918 ], [ 105.853818, 21.027912 ] ] } },
{ "type": "Feature", "properties": { "u": 9966237369, "v": 9966237374, "key": 0 }, "geometry": { "type": "LineString", "coordinates": [ [ 105.853788, 21.028237 ], [ 105.853824, 21.028231 ], [ 105.853933, 21.028213 ] ] } },
{ "type": "Feature", "properties": { "u": 9966237370, "v": 9966237369, "key": 0 }, "geometry": { "type": "LineString", "coordinates": [ [ 105.853833, 21.028507 ], [ 105.853788, 21.028237 ] ] } },
{ "type": "Feature", "properties": { "u": 9966237370, "v": 9966237368, "key": 0 }, "geometry": { "type": "LineString", "coordinates": [ [ 105.853833, 21.028507 ], [ 105.853742, 21.028521 ] ] } },
{ "type": "Feature", "properties": { "u": 9966237370, "v": 9966237336, "key": 0 }, "geometry": { "type": "LineString", "coordinates": [ [ 105.853833, 21.028507 ], [ 105.853857, 21.028656 ], [ 105.853864, 21.028705 ] ] } },
{ "type": "Feature", "properties": { "u": 9966237370, "v": 9966237373, "key": 0 }, "geometry": { "type": "LineString", "coordinates": [ [ 105.853833, 21.028507 ], [ 105.853873, 21.028502 ], [ 105.853978, 21.028485 ] ] } },
{ "type": "Feature", "properties": { "u": 9966237373, "v": 9966237374, "key": 0 }, "geometry": { "type": "LineString", "coordinates": [ [ 105.853978, 21.028485 ], [ 105.853933, 21.028213 ] ] } },
{ "type": "Feature", "properties": { "u": 9966237373, "v": 9966237374, "key": 1 }, "geometry": { "type": "LineString", "coordinates": [ [ 105.853978, 21.028485 ], [ 105.854062, 21.028472 ], [ 105.854096, 21.02845 ], [ 105.854111, 21.028418 ], [ 105.854112, 21.028385 ], [ 105.854094, 21.028267 ], [ 105.854084, 21.028243 ], [ 105.854066, 21.02822 ], [ 105.854038, 21.028202 ], [ 105.854, 21.028202 ], [ 105.853933, 21.028213 ] ] } },
{ "type": "Feature", "properties": { "u": 9966237373, "v": 9966237370, "key": 0 }, "geometry": { "type": "LineString", "coordinates": [ [ 105.853978, 21.028485 ], [ 105.853873, 21.028502 ], [ 105.853833, 21.028507 ] ] } },
{ "type": "Feature", "properties": { "u": 9966237374, "v": 9966237373, "key": 0 }, "geometry": { "type": "LineString", "coordinates": [ [ 105.853933, 21.028213 ], [ 105.853978, 21.028485 ] ] } },
{ "type": "Feature", "properties": { "u": 9966237374, "v": 9966237373, "key": 1 }, "geometry": { "type": "LineString", "coordinates": [ [ 105.853933, 21.028213 ], [ 105.854, 21.028202 ], [ 105.854038, 21.028202 ], [ 105.854066, 21.02822 ], [ 105.854084, 21.028243 ], [ 105.854094, 21.028267 ], [ 105.854112, 21.028385 ], [ 105.854111, 21.028418 ], [ 105.854096, 21.02845 ], [ 105.854062, 21.028472 ], [ 105.853978, 21.028485 ] ] } },
{ "type": "Feature", "properties": { "u": 9966237374, "v": 9966237369, "key": 0 }, "geometry": { "type": "LineString", "coordinates": [ [ 105.853933, 21.028213 ], [ 105.853824, 21.028231 ], [ 105.853788, 21.028237 ] ] } },
{ "type": "Feature", "properties": { "u": 9966237375, "v": 6644906350, "key": 0 }, "geometry": { "type": "LineString", "coordinates": [ [ 105.854282, 21.027805 ], [ 105.855779, 21.027606 ] ] } },
{ "type": "Feature", "properties": { "u": 9966237375, "v": 9966237380, "key": 0 }, "geometry": { "type": "LineString", "coordinates": [ [ 105.854282, 21.027805 ], [ 105.854288, 21.027847 ] ] } },
{ "type": "Feature", "properties": { "u": 9966237377, "v": 9966237380, "key": 0 }, "geometry": { "type": "LineString", "coordinates": [ [ 105.854879, 21.028043 ], [ 105.854333, 21.028115 ], [ 105.854294, 21.02788 ], [ 105.854288, 21.027847 ] ] } },
{ "type": "Feature", "properties": { "u": 9966237380, "v": 9966237349, "key": 0 }, "geometry": { "type": "LineString", "coordinates": [ [ 105.854288, 21.027847 ], [ 105.853818, 21.027912 ] ] } },
{ "type": "Feature", "properties": { "u": 9966237380, "v": 9966237375, "key": 0 }, "geometry": { "type": "LineString", "coordinates": [ [ 105.854288, 21.027847 ], [ 105.854282, 21.027805 ] ] } },
{ "type": "Feature", "properties": { "u": 9966237380, "v": 9966237346, "key": 0 }, "geometry": { "type": "LineString", "coordinates": [ [ 105.854288, 21.027847 ], [ 105.855732, 21.027646 ], [ 105.855756, 21.027645 ], [ 105.855771, 21.027647 ], [ 105.855784, 21.027657 ] ] } },
{ "type": "Feature", "properties": { "u": 9966237380, "v": 9966237377, "key": 0 }, "geometry": { "type": "LineString", "coordinates": [ [ 105.854288, 21.027847 ], [ 105.854294, 21.02788 ], [ 105.854333, 21.028115 ], [ 105.854879, 21.028043 ] ] } },
{ "type": "Feature", "properties": { "u": 9975258320, "v": 9903217938, "key": 0 }, "geometry": { "type": "LineString", "coordinates": [ [ 105.846762, 21.025353 ], [ 105.846725, 21.025246 ] ] } },
{ "type": "Feature", "properties": { "u": 9975258320, "v": 9975258323, "key": 0 }, "geometry": { "type": "LineString", "coordinates": [ [ 105.846762, 21.025353 ], [ 105.846914, 21.025307 ], [ 105.846926, 21.02534 ], [ 105.846969, 21.025327 ] ] } },
{ "type": "Feature", "properties": { "u": 9975258320, "v": 9903217941, "key": 0 }, "geometry": { "type": "LineString", "coordinates": [ [ 105.846762, 21.025353 ], [ 105.846897, 21.025746 ], [ 105.846991, 21.025801 ], [ 105.847746, 21.025581 ] ] } },
{ "type": "Feature", "properties": { "u": 9975258323, "v": 9975258439, "key": 0 }, "geometry": { "type": "LineString", "coordinates": [ [ 105.846969, 21.025327 ], [ 105.846979, 21.025357 ] ] } },
{ "type": "Feature", "properties": { "u": 9975258323, "v": 9975258443, "key": 0 }, "geometry": { "type": "LineString", "coordinates": [ [ 105.846969, 21.025327 ], [ 105.846956, 21.025291 ] ] } },
{ "type": "Feature", "properties": { "u": 9975258323, "v": 9975258320, "key": 0 }, "geometry": { "type": "LineString", "coordinates": [ [ 105.846969, 21.025327 ], [ 105.846926, 21.02534 ], [ 105.846914, 21.025307 ], [ 105.846762, 21.025353 ] ] } },
{ "type": "Feature", "properties": { "u": 9975258330, "v": 9975258409, "key": 0 }, "geometry": { "type": "LineString", "coordinates": [ [ 105.847267, 21.025369 ], [ 105.847269, 21.025356 ] ] } },
{ "type": "Feature", "properties": { "u": 9975258330, "v": 9975258337, "key": 0 }, "geometry": { "type": "LineString", "coordinates": [ [ 105.847267, 21.025369 ], [ 105.847299, 21.025381 ], [ 105.847325, 21.025399 ], [ 105.847404, 21.025377 ], [ 105.847349, 21.025209 ], [ 105.847403, 21.025193 ], [ 105.847395, 21.025168 ], [ 105.847584, 21.025114 ] ] } },
{ "type": "Feature", "properties": { "u": 9975258330, "v": 9975258358, "key": 0 }, "geometry": { "type": "LineString", "coordinates": [ [ 105.847267, 21.025369 ], [ 105.847232, 21.025366 ], [ 105.847201, 21.025375 ] ] } },
{ "type": "Feature", "properties": { "u": 9975258337, "v": 9903217937, "key": 0 }, "geometry": { "type": "LineString", "coordinates": [ [ 105.847584, 21.025114 ], [ 105.847548, 21.025008 ] ] } },
{ "type": "Feature", "properties": { "u": 9975258337, "v": 11169867121, "key": 0 }, "geometry": { "type": "LineString", "coordinates": [ [ 105.847584, 21.025114 ], [ 105.847641, 21.025278 ] ] } },
{ "type": "Feature", "properties": { "u": 9975258337, "v": 9975258330, "key": 0 }, "geometry": { "type": "LineString", "coordinates": [ [ 105.847584, 21.025114 ], [ 105.847395, 21.025168 ], [ 105.847403, 21.025193 ], [ 105.847349, 21.025209 ], [ 105.847404, 21.025377 ], [ 105.847325, 21.025399 ], [ 105.847299, 21.025381 ], [ 105.847267, 21.025369 ] ] } },
{ "type": "Feature", "properties": { "u": 9975258338, "v": 9975258436, "key": 0 }, "geometry": { "type": "LineString", "coordinates": [ [ 105.847164, 21.025257 ], [ 105.847154, 21.025229 ] ] } },
{ "type": "Feature", "properties": { "u": 9975258338, "v": 9975258343, "key": 0 }, "geometry": { "type": "LineString", "coordinates": [ [ 105.847164, 21.025257 ], [ 105.847177, 21.025256 ], [ 105.847189, 21.02526 ], [ 105.8472, 21.025267 ], [ 105.847207, 21.025277 ], [ 105.84721, 21.025289 ], [ 105.847209, 21.025301 ], [ 105.847204, 21.025312 ], [ 105.847195, 21.025321 ], [ 105.847184, 21.025326 ] ] } },
{ "type": "Feature", "properties": { "u": 9975258338, "v": 9975258343, "key": 1 }, "geometry": { "type": "LineString", "coordinates": [ [ 105.847164, 21.025257 ], [ 105.847152, 21.025261 ], [ 105.847143, 21.025269 ], [ 105.847136, 21.025279 ], [ 105.847133, 21.02529 ], [ 105.847135, 21.025302 ], [ 105.84714, 21.025312 ], [ 105.847149, 21.025321 ], [ 105.84716, 21.025326 ], [ 105.847172, 21.025328 ], [ 105.847184, 21.025326 ] ] } },
{ "type": "Feature", "properties": { "u": 9975258343, "v": 9975258449, "key": 0 }, "geometry": { "type": "LineString", "coordinates": [ [ 105.847184, 21.025326 ], [ 105.847193, 21.025351 ] ] } },
{ "type": "Feature", "properties": { "u": 9975258343, "v": 9975258338, "key": 0 }, "geometry": { "type": "LineString", "coordinates": [ [ 105.847184, 21.025326 ], [ 105.847172, 21.025328 ], [ 105.84716, 21.025326 ], [ 105.847149, 21.025321 ], [ 105.84714, 21.025312 ], [ 105.847135, 21.025302 ], [ 105.847133, 21.02529 ], [ 105.847136, 21.025279 ], [ 105.847143, 21.025269 ], [ 105.847152, 21.025261 ], [ 105.847164, 21.025257 ] ] } },
{ "type": "Feature", "properties": { "u": 9975258343, "v": 9975258338, "key": 1 }, "geometry": { "type": "LineString", "coordinates": [ [ 105.847184, 21.025326 ], [ 105.847195, 21.025321 ], [ 105.847204, 21.025312 ], [ 105.847209, 21.025301 ], [ 105.84721, 21.025289 ], [ 105.847207, 21.025277 ], [ 105.8472, 21.025267 ], [ 105.847189, 21.02526 ], [ 105.847177, 21.025256 ], [ 105.847164, 21.025257 ] ] } },
{ "type": "Feature", "properties": { "u": 9975258357, "v": 9975258442, "key": 0 }, "geometry": { "type": "LineString", "coordinates": [ [ 105.847121, 21.025132 ], [ 105.846978, 21.025173 ] ] } },
{ "type": "Feature", "properties": { "u": 9975258357, "v": 9975258447, "key": 0 }, "geometry": { "type": "LineString", "coordinates": [ [ 105.847121, 21.025132 ], [ 105.847261, 21.025091 ] ] } },
{ "type": "Feature", "properties": { "u": 9975258357, "v": 9975258436, "key": 0 }, "geometry": { "type": "LineString", "coordinates": [ [ 105.847121, 21.025132 ], [ 105.847154, 21.025229 ] ] } },
{ "type": "Feature", "properties": { "u": 9975258358, "v": 9975258449, "key": 0 }, "geometry": { "type": "LineString", "coordinates": [ [ 105.847201, 21.025375 ], [ 105.847193, 21.025351 ] ] } },
{ "type": "Feature", "properties": { "u": 9975258358, "v": 9975258330, "key": 0 }, "geometry": { "type": "LineString", "coordinates": [ [ 105.847201, 21.025375 ], [ 105.847232, 21.025366 ], [ 105.847267, 21.025369 ] ] } },
{ "type": "Feature", "properties": { "u": 9975258358, "v": 9975258448, "key": 0 }, "geometry": { "type": "LineString", "coordinates": [ [ 105.847201, 21.025375 ], [ 105.847172, 21.025384 ], [ 105.847151, 21.025406 ] ] } },
{ "type": "Feature", "properties": { "u": 9975258359, "v": 9975258436, "key": 0 }, "geometry": { "type": "LineString", "coordinates": [ [ 105.847105, 21.025243 ], [ 105.847154, 21.025229 ] ] } },
{ "type": "Feature", "properties": { "u": 9975258359, "v": 9975258370, "key": 0 }, "geometry": { "type": "LineString", "coordinates": [ [ 105.847105, 21.025243 ], [ 105.847106, 21.025255 ], [ 105.847103, 21.025265 ], [ 105.847097, 21.025275 ], [ 105.847087, 21.025282 ], [ 105.847076, 21.025285 ], [ 105.847064, 21.025285 ] ] } },
{ "type": "Feature", "properties": { "u": 9975258359, "v": 9975258370, "key": 1 }, "geometry": { "type": "LineString", "coordinates": [ [ 105.847105, 21.025243 ], [ 105.8471, 21.025234 ], [ 105.847092, 21.025226 ], [ 105.847082, 21.025222 ], [ 105.847071, 21.02522 ], [ 105.84706, 21.025222 ], [ 105.84705, 21.025226 ], [ 105.847042, 21.025234 ], [ 105.847037, 21.025244 ], [ 105.847036, 21.025254 ], [ 105.847038, 21.025264 ], [ 105.847044, 21.025273 ], [ 105.847053, 21.025281 ], [ 105.847064, 21.025285 ] ] } },
{ "type": "Feature", "properties": { "u": 9975258370, "v": 9975258437, "key": 0 }, "geometry": { "type": "LineString", "coordinates": [ [ 105.847064, 21.025285 ], [ 105.847059, 21.025333 ] ] } },
{ "type": "Feature", "properties": { "u": 9975258370, "v": 9975258359, "key": 0 }, "geometry": { "type": "LineString", "coordinates": [ [ 105.847064, 21.025285 ], [ 105.847053, 21.025281 ], [ 105.847044, 21.025273 ], [ 105.847038, 21.025264 ], [ 105.847036, 21.025254 ], [ 105.847037, 21.025244 ], [ 105.847042, 21.025234 ], [ 105.84705, 21.025226 ], [ 105.84706, 21.025222 ], [ 105.847071, 21.02522 ], [ 105.847082, 21.025222 ], [ 105.847092, 21.025226 ], [ 105.8471, 21.025234 ], [ 105.847105, 21.025243 ] ] } },
{ "type": "Feature", "properties": { "u": 9975258370, "v": 9975258359, "key": 1 }, "geometry": { "type": "LineString", "coordinates": [ [ 105.847064, 21.025285 ], [ 105.847076, 21.025285 ], [ 105.847087, 21.025282 ], [ 105.847097, 21.025275 ], [ 105.847103, 21.025265 ], [ 105.847106, 21.025255 ], [ 105.847105, 21.025243 ] ] } },
{ "type": "Feature", "properties": { "u": 9975258387, "v": 9975258445, "key": 0 }, "geometry": { "type": "LineString", "coordinates": [ [ 105.847261, 21.02523 ], [ 105.847293, 21.02526 ] ] } },
{ "type": "Feature", "properties": { "u": 9975258387, "v": 9975258435, "key": 0 }, "geometry": { "type": "LineString", "coordinates": [ [ 105.847261, 21.02523 ], [ 105.84725, 21.025236 ], [ 105.847239, 21.025239 ], [ 105.847227, 21.025239 ], [ 105.847216, 21.025235 ], [ 105.847207, 21.025227 ], [ 105.847201, 21.025218 ], [ 105.847201, 21.025215 ] ] } },
{ "type": "Feature", "properties": { "u": 9975258387, "v": 9975258435, "key": 1 }, "geometry": { "type": "LineString", "coordinates": [ [ 105.847261, 21.02523 ], [ 105.847266, 21.025219 ], [ 105.847269, 21.025209 ], [ 105.847268, 21.025198 ], [ 105.847263, 21.025188 ], [ 105.847255, 21.025181 ], [ 105.847245, 21.025176 ], [ 105.847234, 21.025174 ], [ 105.847223, 21.025176 ], [ 105.847213, 21.025181 ], [ 105.847205, 21.025188 ], [ 105.8472, 21.025198 ], [ 105.847199, 21.025208 ], [ 105.847201, 21.025215 ] ] } },
{ "type": "Feature", "properties": { "u": 9975258409, "v": 9975258330, "key": 0 }, "geometry": { "type": "LineString", "coordinates": [ [ 105.847269, 21.025356 ], [ 105.847267, 21.025369 ] ] } },
{ "type": "Feature", "properties": { "u": 9975258409, "v": 9975258412, "key": 0 }, "geometry": { "type": "LineString", "coordinates": [ [ 105.847269, 21.025356 ], [ 105.847258, 21.025352 ], [ 105.847249, 21.025345 ], [ 105.847243, 21.025336 ] ] } },
{ "type": "Feature", "properties": { "u": 9975258409, "v": 6651584910, "key": 0 }, "geometry": { "type": "LineString", "coordinates": [ [ 105.847269, 21.025356 ], [ 105.84728, 21.025356 ], [ 105.847291, 21.025353 ], [ 105.847301, 21.025347 ], [ 105.847307, 21.025338 ], [ 105.847311, 21.025328 ], [ 105.84731, 21.025317 ], [ 105.847306, 21.025307 ], [ 105.847299, 21.025299 ], [ 105.847289, 21.025294 ], [ 105.847278, 21.025291 ] ] } },
{ "type": "Feature", "properties": { "u": 9975258412, "v": 9975258449, "key": 0 }, "geometry": { "type": "LineString", "coordinates": [ [ 105.847243, 21.025336 ], [ 105.847193, 21.025351 ] ] } },
{ "type": "Feature", "properties": { "u": 9975258412, "v": 6651584910, "key": 0 }, "geometry": { "type": "LineString", "coordinates": [ [ 105.847243, 21.025336 ], [ 105.847241, 21.025325 ], [ 105.847242, 21.025314 ], [ 105.847247, 21.025305 ], [ 105.847256, 21.025297 ], [ 105.847266, 21.025292 ], [ 105.847278, 21.025291 ] ] } },
{ "type": "Feature", "properties": { "u": 9975258412, "v": 9975258409, "key": 0 }, "geometry": { "type": "LineString", "coordinates": [ [ 105.847243, 21.025336 ], [ 105.847249, 21.025345 ], [ 105.847258, 21.025352 ], [ 105.847269, 21.025356 ] ] } },
{ "type": "Feature", "properties": { "u": 9975258422, "v": 9975258449, "key": 0 }, "geometry": { "type": "LineString", "coordinates": [ [ 105.847147, 21.025365 ], [ 105.847193, 21.025351 ] ] } },
{ "type": "Feature", "properties": { "u": 9975258422, "v": 9975258425, "key": 0 }, "geometry": { "type": "LineString", "coordinates": [ [ 105.847147, 21.025365 ], [ 105.847148, 21.025376 ], [ 105.847146, 21.025387 ], [ 105.847139, 21.025396 ] ] } },
{ "type": "Feature", "properties": { "u": 9975258422, "v": 9975258438, "key": 0 }, "geometry": { "type": "LineString", "coordinates": [ [ 105.847147, 21.025365 ], [ 105.847142, 21.025355 ], [ 105.847134, 21.025348 ], [ 105.847124, 21.025343 ], [ 105.847113, 21.025341 ], [ 105.847102, 21.025343 ], [ 105.847092, 21.025348 ], [ 105.847088, 21.025352 ] ] } },
{ "type": "Feature", "properties": { "u": 9975258425, "v": 9975258448, "key": 0 }, "geometry": { "type": "LineString", "coordinates": [ [ 105.847139, 21.025396 ], [ 105.847151, 21.025406 ] ] } },
{ "type": "Feature", "properties": { "u": 9975258425, "v": 9975258438, "key": 0 }, "geometry": { "type": "LineString", "coordinates": [ [ 105.847139, 21.025396 ], [ 105.84713, 21.025403 ], [ 105.847118, 21.025406 ], [ 105.847106, 21.025406 ], [ 105.847095, 21.025402 ], [ 105.847086, 21.025395 ], [ 105.847081, 21.025386 ], [ 105.847078, 21.025375 ], [ 105.84708, 21.025365 ], [ 105.847084, 21.025355 ], [ 105.847088, 21.025352 ] ] } },
{ "type": "Feature", "properties": { "u": 9975258425, "v": 9975258422, "key": 0 }, "geometry": { "type": "LineString", "coordinates": [ [ 105.847139, 21.025396 ], [ 105.847146, 21.025387 ], [ 105.847148, 21.025376 ], [ 105.847147, 21.025365 ] ] } },
{ "type": "Feature", "properties": { "u": 9975258435, "v": 9975258436, "key": 0 }, "geometry": { "type": "LineString", "coordinates": [ [ 105.847201, 21.025215 ], [ 105.847154, 21.025229 ] ] } },
{ "type": "Feature", "properties": { "u": 9975258435, "v": 9975258387, "key": 0 }, "geometry": { "type": "LineString", "coordinates": [ [ 105.847201, 21.025215 ], [ 105.847199, 21.025208 ], [ 105.8472, 21.025198 ], [ 105.847205, 21.025188 ], [ 105.847213, 21.025181 ], [ 105.847223, 21.025176 ], [ 105.847234, 21.025174 ], [ 105.847245, 21.025176 ], [ 105.847255, 21.025181 ], [ 105.847263, 21.025188 ], [ 105.847268, 21.025198 ], [ 105.847269, 21.025209 ], [ 105.847266, 21.025219 ], [ 105.847261, 21.02523 ] ] } },
{ "type": "Feature", "properties": { "u": 9975258435, "v": 9975258387, "key": 1 }, "geometry": { "type": "LineString", "coordinates": [ [ 105.847201, 21.025215 ], [ 105.847201, 21.025218 ], [ 105.847207, 21.025227 ], [ 105.847216, 21.025235 ], [ 105.847227, 21.025239 ], [ 105.847239, 21.025239 ], [ 105.84725, 21.025236 ], [ 105.847261, 21.02523 ] ] } },
{ "type": "Feature", "properties": { "u": 9975258436, "v": 9975258357, "key": 0 }, "geometry": { "type": "LineString", "coordinates": [ [ 105.847154, 21.025229 ], [ 105.847121, 21.025132 ] ] } },
{ "type": "Feature", "properties": { "u": 9975258436, "v": 9975258338, "key": 0 }, "geometry": { "type": "LineString", "coordinates": [ [ 105.847154, 21.025229 ], [ 105.847164, 21.025257 ] ] } },
{ "type": "Feature", "properties": { "u": 9975258436, "v": 9975258435, "key": 0 }, "geometry": { "type": "LineString", "coordinates": [ [ 105.847154, 21.025229 ], [ 105.847201, 21.025215 ] ] } },
{ "type": "Feature", "properties": { "u": 9975258436, "v": 9975258359, "key": 0 }, "geometry": { "type": "LineString", "coordinates": [ [ 105.847154, 21.025229 ], [ 105.847105, 21.025243 ] ] } },
{ "type": "Feature", "properties": { "u": 9975258437, "v": 9975258438, "key": 0 }, "geometry": { "type": "LineString", "coordinates": [ [ 105.847059, 21.025333 ], [ 105.847088, 21.025352 ] ] } },
{ "type": "Feature", "properties": { "u": 9975258437, "v": 9975258370, "key": 0 }, "geometry": { "type": "LineString", "coordinates": [ [ 105.847059, 21.025333 ], [ 105.847064, 21.025285 ] ] } },
{ "type": "Feature", "properties": { "u": 9975258437, "v": 9975258441, "key": 0 }, "geometry": { "type": "LineString", "coordinates": [ [ 105.847059, 21.025333 ], [ 105.847034, 21.02534 ] ] } },
{ "type": "Feature", "properties": { "u": 9975258438, "v": 9975258437, "key": 0 }, "geometry": { "type": "LineString", "coordinates": [ [ 105.847088, 21.025352 ], [ 105.847059, 21.025333 ] ] } },
{ "type": "Feature", "properties": { "u": 9975258438, "v": 9975258422, "key": 0 }, "geometry": { "type": "LineString", "coordinates": [ [ 105.847088, 21.025352 ], [ 105.847092, 21.025348 ], [ 105.847102, 21.025343 ], [ 105.847113, 21.025341 ], [ 105.847124, 21.025343 ], [ 105.847134, 21.025348 ], [ 105.847142, 21.025355 ], [ 105.847147, 21.025365 ] ] } },
{ "type": "Feature", "properties": { "u": 9975258438, "v": 9975258425, "key": 0 }, "geometry": { "type": "LineString", "coordinates": [ [ 105.847088, 21.025352 ], [ 105.847084, 21.025355 ], [ 105.84708, 21.025365 ], [ 105.847078, 21.025375 ], [ 105.847081, 21.025386 ], [ 105.847086, 21.025395 ], [ 105.847095, 21.025402 ], [ 105.847106, 21.025406 ], [ 105.847118, 21.025406 ], [ 105.84713, 21.025403 ], [ 105.847139, 21.025396 ] ] } },
{ "type": "Feature", "properties": { "u": 9975258439, "v": 9975258323, "key": 0 }, "geometry": { "type": "LineString", "coordinates": [ [ 105.846979, 21.025357 ], [ 105.846969, 21.025327 ] ] } },
{ "type": "Feature", "properties": { "u": 9975258439, "v": 9975258441, "key": 0 }, "geometry": { "type": "LineString", "coordinates": [ [ 105.846979, 21.025357 ], [ 105.847034, 21.02534 ] ] } },
{ "type": "Feature", "properties": { "u": 9975258439, "v": 9975258448, "key": 0 }, "geometry": { "type": "LineString", "coordinates": [ [ 105.846979, 21.025357 ], [ 105.847025, 21.02549 ], [ 105.847111, 21.025465 ], [ 105.847125, 21.025438 ], [ 105.847148, 21.025409 ], [ 105.847151, 21.025406 ] ] } },
{ "type": "Feature", "properties": { "u": 9975258440, "v": 9903217938, "key": 0 }, "geometry": { "type": "LineString", "coordinates": [ [ 105.846923, 21.025189 ], [ 105.846725, 21.025246 ] ] } },
{ "type": "Feature", "properties": { "u": 9975258440, "v": 9975258442, "key": 0 }, "geometry": { "type": "LineString", "coordinates": [ [ 105.846923, 21.025189 ], [ 105.846978, 21.025173 ] ] } },
{ "type": "Feature", "properties": { "u": 9975258440, "v": 9975258443, "key": 0 }, "geometry": { "type": "LineString", "coordinates": [ [ 105.846923, 21.025189 ], [ 105.846956, 21.025291 ] ] } },
{ "type": "Feature", "properties": { "u": 9975258441, "v": 9975258439, "key": 0 }, "geometry": { "type": "LineString", "coordinates": [ [ 105.847034, 21.02534 ], [ 105.846979, 21.025357 ] ] } },
{ "type": "Feature", "properties": { "u": 9975258441, "v": 9975258437, "key": 0 }, "geometry": { "type": "LineString", "coordinates": [ [ 105.847034, 21.02534 ], [ 105.847059, 21.025333 ] ] } },
{ "type": "Feature", "properties": { "u": 9975258441, "v": 9975258444, "key": 0 }, "geometry": { "type": "LineString", "coordinates": [ [ 105.847034, 21.02534 ], [ 105.847012, 21.025274 ] ] } },
{ "type": "Feature", "properties": { "u": 9975258442, "v": 9975258440, "key": 0 }, "geometry": { "type": "LineString", "coordinates": [ [ 105.846978, 21.025173 ], [ 105.846923, 21.025189 ] ] } },
{ "type": "Feature", "properties": { "u": 9975258442, "v": 9975258357, "key": 0 }, "geometry": { "type": "LineString", "coordinates": [ [ 105.846978, 21.025173 ], [ 105.847121, 21.025132 ] ] } },
{ "type": "Feature", "properties": { "u": 9975258442, "v": 9975258444, "key": 0 }, "geometry": { "type": "LineString", "coordinates": [ [ 105.846978, 21.025173 ], [ 105.847012, 21.025274 ] ] } },
{ "type": "Feature", "properties": { "u": 9975258443, "v": 9975258440, "key": 0 }, "geometry": { "type": "LineString", "coordinates": [ [ 105.846956, 21.025291 ], [ 105.846923, 21.025189 ] ] } },
{ "type": "Feature", "properties": { "u": 9975258443, "v": 9975258323, "key": 0 }, "geometry": { "type": "LineString", "coordinates": [ [ 105.846956, 21.025291 ], [ 105.846969, 21.025327 ] ] } },
{ "type": "Feature", "properties": { "u": 9975258443, "v": 9975258444, "key": 0 }, "geometry": { "type": "LineString", "coordinates": [ [ 105.846956, 21.025291 ], [ 105.847012, 21.025274 ] ] } },
{ "type": "Feature", "properties": { "u": 9975258444, "v": 9975258442, "key": 0 }, "geometry": { "type": "LineString", "coordinates": [ [ 105.847012, 21.025274 ], [ 105.846978, 21.025173 ] ] } },
{ "type": "Feature", "properties": { "u": 9975258444, "v": 9975258441, "key": 0 }, "geometry": { "type": "LineString", "coordinates": [ [ 105.847012, 21.025274 ], [ 105.847034, 21.02534 ] ] } },
{ "type": "Feature", "properties": { "u": 9975258444, "v": 9975258443, "key": 0 }, "geometry": { "type": "LineString", "coordinates": [ [ 105.847012, 21.025274 ], [ 105.846956, 21.025291 ] ] } },
{ "type": "Feature", "properties": { "u": 9975258445, "v": 9975258387, "key": 0 }, "geometry": { "type": "LineString", "coordinates": [ [ 105.847293, 21.02526 ], [ 105.847261, 21.02523 ] ] } },
{ "type": "Feature", "properties": { "u": 9975258445, "v": 6651584910, "key": 0 }, "geometry": { "type": "LineString", "coordinates": [ [ 105.847293, 21.02526 ], [ 105.847278, 21.025291 ] ] } },
{ "type": "Feature", "properties": { "u": 9975258445, "v": 9975258447, "key": 0 }, "geometry": { "type": "LineString", "coordinates": [ [ 105.847293, 21.02526 ], [ 105.847314, 21.025254 ], [ 105.847261, 21.025091 ] ] } },
{ "type": "Feature", "properties": { "u": 9975258447, "v": 9975258357, "key": 0 }, "geometry": { "type": "LineString", "coordinates": [ [ 105.847261, 21.025091 ], [ 105.847121, 21.025132 ] ] } },
{ "type": "Feature", "properties": { "u": 9975258447, "v": 9903217937, "key": 0 }, "geometry": { "type": "LineString", "coordinates": [ [ 105.847261, 21.025091 ], [ 105.847548, 21.025008 ] ] } },
{ "type": "Feature", "properties": { "u": 9975258447, "v": 9975258445, "key": 0 }, "geometry": { "type": "LineString", "coordinates": [ [ 105.847261, 21.025091 ], [ 105.847314, 21.025254 ], [ 105.847293, 21.02526 ] ] } },
{ "type": "Feature", "properties": { "u": 9975258448, "v": 9975258425, "key": 0 }, "geometry": { "type": "LineString", "coordinates": [ [ 105.847151, 21.025406 ], [ 105.847139, 21.025396 ] ] } },
{ "type": "Feature", "properties": { "u": 9975258448, "v": 9975258358, "key": 0 }, "geometry": { "type": "LineString", "coordinates": [ [ 105.847151, 21.025406 ], [ 105.847172, 21.025384 ], [ 105.847201, 21.025375 ] ] } },
{ "type": "Feature", "properties": { "u": 9975258448, "v": 9975258439, "key": 0 }, "geometry": { "type": "LineString", "coordinates": [ [ 105.847151, 21.025406 ], [ 105.847148, 21.025409 ], [ 105.847125, 21.025438 ], [ 105.847111, 21.025465 ], [ 105.847025, 21.02549 ], [ 105.846979, 21.025357 ] ] } },
{ "type": "Feature", "properties": { "u": 9975258449, "v": 9975258358, "key": 0 }, "geometry": { "type": "LineString", "coordinates": [ [ 105.847193, 21.025351 ], [ 105.847201, 21.025375 ] ] } },
{ "type": "Feature", "properties": { "u": 9975258449, "v": 9975258343, "key": 0 }, "geometry": { "type": "LineString", "coordinates": [ [ 105.847193, 21.025351 ], [ 105.847184, 21.025326 ] ] } },
{ "type": "Feature", "properties": { "u": 9975258449, "v": 9975258412, "key": 0 }, "geometry": { "type": "LineString", "coordinates": [ [ 105.847193, 21.025351 ], [ 105.847243, 21.025336 ] ] } },
{ "type": "Feature", "properties": { "u": 9975258449, "v": 9975258422, "key": 0 }, "geometry": { "type": "LineString", "coordinates": [ [ 105.847193, 21.025351 ], [ 105.847147, 21.025365 ] ] } },
{ "type": "Feature", "properties": { "u": 10113458789, "v": 7543674097, "key": 0 }, "geometry": { "type": "LineString", "coordinates": [ [ 105.856844, 21.03248 ], [ 105.856766, 21.032652 ] ] } },
{ "type": "Feature", "properties": { "u": 10113458789, "v": 5701112184, "key": 0 }, "geometry": { "type": "LineString", "coordinates": [ [ 105.856844, 21.03248 ], [ 105.856948, 21.032263 ] ] } },
{ "type": "Feature", "properties": { "u": 10113458789, "v": 6600777421, "key": 0 }, "geometry": { "type": "LineString", "coordinates": [ [ 105.856844, 21.03248 ], [ 105.856796, 21.032459 ], [ 105.856675, 21.03241 ], [ 105.856414, 21.032317 ] ] } },
{ "type": "Feature", "properties": { "u": 10142026260, "v": 10142026276, "key": 0 }, "geometry": { "type": "LineString", "coordinates": [ [ 105.854386, 21.025211 ], [ 105.854491, 21.025602 ] ] } },
{ "type": "Feature", "properties": { "u": 10142026260, "v": 10142026275, "key": 0 }, "geometry": { "type": "LineString", "coordinates": [ [ 105.854386, 21.025211 ], [ 105.854423, 21.025199 ] ] } },
{ "type": "Feature", "properties": { "u": 10142026260, "v": 8184606177, "key": 0 }, "geometry": { "type": "LineString", "coordinates": [ [ 105.854386, 21.025211 ], [ 105.854375, 21.025194 ], [ 105.854356, 21.025187 ], [ 105.85434, 21.025187 ], [ 105.854324, 21.025191 ] ] } },
{ "type": "Feature", "properties": { "u": 10142026270, "v": 10142026275, "key": 0 }, "geometry": { "type": "LineString", "coordinates": [ [ 105.854462, 21.025188 ], [ 105.854423, 21.025199 ] ] } },
{ "type": "Feature", "properties": { "u": 10142026270, "v": 8184606183, "key": 0 }, "geometry": { "type": "LineString", "coordinates": [ [ 105.854462, 21.025188 ], [ 105.854461, 21.025175 ], [ 105.854471, 21.025159 ], [ 105.854488, 21.025153 ], [ 105.855024, 21.025008 ] ] } },
{ "type": "Feature", "properties": { "u": 10142026270, "v": 10142026277, "key": 0 }, "geometry": { "type": "LineString", "coordinates": [ [ 105.854462, 21.025188 ], [ 105.854564, 21.025559 ], [ 105.85457, 21.025579 ] ] } },
{ "type": "Feature", "properties": { "u": 10142026275, "v": 317367071, "key": 0 }, "geometry": { "type": "LineString", "coordinates": [ [ 105.854423, 21.025199 ], [ 105.854401, 21.025119 ] ] } },
{ "type": "Feature", "properties": { "u": 10142026275, "v": 10142026278, "key": 0 }, "geometry": { "type": "LineString", "coordinates": [ [ 105.854423, 21.025199 ], [ 105.854534, 21.025589 ] ] } },
{ "type": "Feature", "properties": { "u": 10142026275, "v": 10142026270, "key": 0 }, "geometry": { "type": "LineString", "coordinates": [ [ 105.854423, 21.025199 ], [ 105.854462, 21.025188 ] ] } },
{ "type": "Feature", "properties": { "u": 10142026275, "v": 10142026260, "key": 0 }, "geometry": { "type": "LineString", "coordinates": [ [ 105.854423, 21.025199 ], [ 105.854386, 21.025211 ] ] } },
{ "type": "Feature", "properties": { "u": 10142026276, "v": 10142026260, "key": 0 }, "geometry": { "type": "LineString", "coordinates": [ [ 105.854491, 21.025602 ], [ 105.854386, 21.025211 ] ] } },
{ "type": "Feature", "properties": { "u": 10142026276, "v": 10142026278, "key": 0 }, "geometry": { "type": "LineString", "coordinates": [ [ 105.854491, 21.025602 ], [ 105.854534, 21.025589 ] ] } },
{ "type": "Feature", "properties": { "u": 10142026276, "v": 8184606170, "key": 0 }, "geometry": { "type": "LineString", "coordinates": [ [ 105.854491, 21.025602 ], [ 105.854493, 21.025609 ], [ 105.85449, 21.025627 ], [ 105.854477, 21.025648 ], [ 105.853591, 21.02596 ], [ 105.853527, 21.025962 ], [ 105.853488, 21.025954 ] ] } },
{ "type": "Feature", "properties": { "u": 10142026277, "v": 10142026278, "key": 0 }, "geometry": { "type": "LineString", "coordinates": [ [ 105.85457, 21.025579 ], [ 105.854534, 21.025589 ] ] } },
{ "type": "Feature", "properties": { "u": 10142026277, "v": 10142026270, "key": 0 }, "geometry": { "type": "LineString", "coordinates": [ [ 105.85457, 21.025579 ], [ 105.854564, 21.025559 ], [ 105.854462, 21.025188 ] ] } },
{ "type": "Feature", "properties": { "u": 10142026277, "v": 8184606167, "key": 0 }, "geometry": { "type": "LineString", "coordinates": [ [ 105.85457, 21.025579 ], [ 105.854571, 21.025582 ], [ 105.85458, 21.025592 ], [ 105.854593, 21.0256 ], [ 105.854606, 21.025599 ], [ 105.855163, 21.025415 ] ] } },
{ "type": "Feature", "properties": { "u": 10142026278, "v": 10142026275, "key": 0 }, "geometry": { "type": "LineString", "coordinates": [ [ 105.854534, 21.025589 ], [ 105.854423, 21.025199 ] ] } },
{ "type": "Feature", "properties": { "u": 10142026278, "v": 309597640, "key": 0 }, "geometry": { "type": "LineString", "coordinates": [ [ 105.854534, 21.025589 ], [ 105.854557, 21.025672 ] ] } },
{ "type": "Feature", "properties": { "u": 10142026278, "v": 10142026277, "key": 0 }, "geometry": { "type": "LineString", "coordinates": [ [ 105.854534, 21.025589 ], [ 105.85457, 21.025579 ] ] } },
{ "type": "Feature", "properties": { "u": 10142026278, "v": 10142026276, "key": 0 }, "geometry": { "type": "LineString", "coordinates": [ [ 105.854534, 21.025589 ], [ 105.854491, 21.025602 ] ] } },
{ "type": "Feature", "properties": { "u": 10142034221, "v": 8184202956, "key": 0 }, "geometry": { "type": "LineString", "coordinates": [ [ 105.8568, 21.02395 ], [ 105.856785, 21.023907 ] ] } },
{ "type": "Feature", "properties": { "u": 10142034221, "v": 6662487544, "key": 0 }, "geometry": { "type": "LineString", "coordinates": [ [ 105.8568, 21.02395 ], [ 105.856885, 21.023925 ] ] } },
{ "type": "Feature", "properties": { "u": 10142034221, "v": 8184606234, "key": 0 }, "geometry": { "type": "LineString", "coordinates": [ [ 105.8568, 21.02395 ], [ 105.856882, 21.024187 ], [ 105.856904, 21.02425 ], [ 105.856908, 21.024283 ], [ 105.856901, 21.024305 ], [ 105.856879, 21.024339 ], [ 105.856853, 21.024361 ], [ 105.85681, 21.024384 ], [ 105.856745, 21.024404 ], [ 105.856679, 21.024424 ] ] } },
{ "type": "Feature", "properties": { "u": 10142034222, "v": 11455538972, "key": 0 }, "geometry": { "type": "LineString", "coordinates": [ [ 105.856992, 21.023887 ], [ 105.85695, 21.023773 ] ] } },
{ "type": "Feature", "properties": { "u": 10142034222, "v": 6662487544, "key": 0 }, "geometry": { "type": "LineString", "coordinates": [ [ 105.856992, 21.023887 ], [ 105.856968, 21.023895 ], [ 105.856885, 21.023925 ] ] } },
{ "type": "Feature", "properties": { "u": 10142034222, "v": 11455538973, "key": 0 }, "geometry": { "type": "LineString", "coordinates": [ [ 105.856992, 21.023887 ], [ 105.857, 21.023906 ], [ 105.857012, 21.023921 ], [ 105.857028, 21.023926 ], [ 105.857042, 21.023925 ], [ 105.857056, 21.023919 ], [ 105.857068, 21.023899 ], [ 105.857102, 21.023778 ] ] } },
{ "type": "Feature", "properties": { "u": 10142034223, "v": 8184202956, "key": 0 }, "geometry": { "type": "LineString", "coordinates": [ [ 105.856591, 21.02334 ], [ 105.856785, 21.023907 ] ] } },
{ "type": "Feature", "properties": { "u": 10142034223, "v": 6662487548, "key": 0 }, "geometry": { "type": "LineString", "coordinates": [ [ 105.856591, 21.02334 ], [ 105.856673, 21.023318 ] ] } },
{ "type": "Feature", "properties": { "u": 10142034223, "v": 8184202936, "key": 0 }, "geometry": { "type": "LineString", "coordinates": [ [ 105.856591, 21.02334 ], [ 105.856576, 21.023304 ], [ 105.856556, 21.023278 ], [ 105.856531, 21.023265 ], [ 105.856479, 21.023267 ] ] } },
{ "type": "Feature", "properties": { "u": 10142034224, "v": 11455531158, "key": 0 }, "geometry": { "type": "LineString", "coordinates": [ [ 105.856778, 21.02329 ], [ 105.856823, 21.023421 ] ] } },
{ "type": "Feature", "properties": { "u": 10142034224, "v": 6662487548, "key": 0 }, "geometry": { "type": "LineString", "coordinates": [ [ 105.856778, 21.02329 ], [ 105.856745, 21.023298 ], [ 105.856673, 21.023318 ] ] } },
{ "type": "Feature", "properties": { "u": 10142034224, "v": 10142034225, "key": 0 }, "geometry": { "type": "LineString", "coordinates": [ [ 105.856778, 21.02329 ], [ 105.856767, 21.023258 ], [ 105.856763, 21.023243 ], [ 105.856764, 21.023224 ], [ 105.856778, 21.02321 ], [ 105.856799, 21.023203 ] ] } },
{ "type": "Feature", "properties": { "u": 10142034225, "v": 11455539118, "key": 0 }, "geometry": { "type": "LineString", "coordinates": [ [ 105.856799, 21.023203 ], [ 105.856963, 21.023151 ] ] } },
{ "type": "Feature", "properties": { "u": 10142034225, "v": 6662487547, "key": 0 }, "geometry": { "type": "LineString", "coordinates": [ [ 105.856799, 21.023203 ], [ 105.856791, 21.02318 ], [ 105.856765, 21.023109 ] ] } },
{ "type": "Feature", "properties": { "u": 10142034225, "v": 10142034224, "key": 0 }, "geometry": { "type": "LineString", "coordinates": [ [ 105.856799, 21.023203 ], [ 105.856778, 21.02321 ], [ 105.856764, 21.023224 ], [ 105.856763, 21.023243 ], [ 105.856767, 21.023258 ], [ 105.856778, 21.02329 ] ] } },
{ "type": "Feature", "properties": { "u": 10142034258, "v": 10142034259, "key": 0 }, "geometry": { "type": "LineString", "coordinates": [ [ 105.857288, 21.023761 ], [ 105.857376, 21.024084 ] ] } },
{ "type": "Feature", "properties": { "u": 10142034258, "v": 5704382355, "key": 0 }, "geometry": { "type": "LineString", "coordinates": [ [ 105.857288, 21.023761 ], [ 105.857204, 21.023785 ] ] } },
{ "type": "Feature", "properties": { "u": 10142034259, "v": 4902374735, "key": 0 }, "geometry": { "type": "LineString", "coordinates": [ [ 105.857376, 21.024084 ], [ 105.857189, 21.024125 ] ] } },
{ "type": "Feature", "properties": { "u": 10142034259, "v": 10142034258, "key": 0 }, "geometry": { "type": "LineString", "coordinates": [ [ 105.857376, 21.024084 ], [ 105.857288, 21.023761 ] ] } },
{ "type": "Feature", "properties": { "u": 10142034259, "v": 10142649437, "key": 0 }, "geometry": { "type": "LineString", "coordinates": [ [ 105.857376, 21.024084 ], [ 105.857459, 21.024395 ], [ 105.857475, 21.024451 ], [ 105.857497, 21.024483 ] ] } },
{ "type": "Feature", "properties": { "u": 10142649437, "v": 2302089248, "key": 0 }, "geometry": { "type": "LineString", "coordinates": [ [ 105.857497, 21.024483 ], [ 105.85742, 21.024498 ] ] } },
{ "type": "Feature", "properties": { "u": 10142649437, "v": 10142649477, "key": 0 }, "geometry": { "type": "LineString", "coordinates": [ [ 105.857497, 21.024483 ], [ 105.857556, 21.024498 ], [ 105.857645, 21.024518 ] ] } },
{ "type": "Feature", "properties": { "u": 10142649437, "v": 10142034259, "key": 0 }, "geometry": { "type": "LineString", "coordinates": [ [ 105.857497, 21.024483 ], [ 105.857475, 21.024451 ], [ 105.857459, 21.024395 ], [ 105.857376, 21.024084 ] ] } },
{ "type": "Feature", "properties": { "u": 10142649450, "v": 10586739286, "key": 0 }, "geometry": { "type": "LineString", "coordinates": [ [ 105.857616, 21.024633 ], [ 105.857931, 21.024702 ] ] } },
{ "type": "Feature", "properties": { "u": 10142649450, "v": 10142649479, "key": 0 }, "geometry": { "type": "LineString", "coordinates": [ [ 105.857616, 21.024633 ], [ 105.857624, 21.024602 ] ] } },
{ "type": "Feature", "properties": { "u": 10142649450, "v": 10142649475, "key": 0 }, "geometry": { "type": "LineString", "coordinates": [ [ 105.857616, 21.024633 ], [ 105.857579, 21.024641 ], [ 105.857554, 21.024663 ], [ 105.857536, 21.024695 ], [ 105.857528, 21.02473 ], [ 105.857533, 21.02478 ], [ 105.857553, 21.024824 ], [ 105.857567, 21.024842 ] ] } },
{ "type": "Feature", "properties": { "u": 10142649469, "v": 10586767714, "key": 0 }, "geometry": { "type": "LineString", "coordinates": [ [ 105.856836, 21.025154 ], [ 105.856819, 21.025197 ] ] } },
{ "type": "Feature", "properties": { "u": 10142649469, "v": 10142649472, "key": 0 }, "geometry": { "type": "LineString", "coordinates": [ [ 105.856836, 21.025154 ], [ 105.856811, 21.025148 ], [ 105.856793, 21.025136 ], [ 105.856784, 21.025116 ], [ 105.856789, 21.025093 ], [ 105.856908, 21.024757 ] ] } },
{ "type": "Feature", "properties": { "u": 10142649469, "v": 10142649474, "key": 0 }, "geometry": { "type": "LineString", "coordinates": [ [ 105.856836, 21.025154 ], [ 105.857647, 21.025368 ], [ 105.85771, 21.025378 ], [ 105.857745, 21.025363 ], [ 105.85777, 21.025338 ], [ 105.857782, 21.025308 ], [ 105.85776, 21.025274 ], [ 105.857477, 21.024991 ], [ 105.857454, 21.024967 ] ] } },
{ "type": "Feature", "properties": { "u": 10142649472, "v": 4902374741, "key": 0 }, "geometry": { "type": "LineString", "coordinates": [ [ 105.856908, 21.024757 ], [ 105.856841, 21.024718 ] ] } },
{ "type": "Feature", "properties": { "u": 10142649472, "v": 10142649474, "key": 0 }, "geometry": { "type": "LineString", "coordinates": [ [ 105.856908, 21.024757 ], [ 105.856914, 21.02474 ], [ 105.856946, 21.024691 ], [ 105.856975, 21.024665 ], [ 105.857039, 21.02464 ], [ 105.857118, 21.024638 ], [ 105.85715, 21.024656 ], [ 105.857234, 21.024745 ], [ 105.857454, 21.024967 ] ] } },
{ "type": "Feature", "properties": { "u": 10142649472, "v": 10142649469, "key": 0 }, "geometry": { "type": "LineString", "coordinates": [ [ 105.856908, 21.024757 ], [ 105.856789, 21.025093 ], [ 105.856784, 21.025116 ], [ 105.856793, 21.025136 ], [ 105.856811, 21.025148 ], [ 105.856836, 21.025154 ] ] } },
{ "type": "Feature", "properties": { "u": 10142649473, "v": 12617804992, "key": 0 }, "geometry": { "type": "LineString", "coordinates": [ [ 105.856779, 21.02468 ], [ 105.85653, 21.025449 ] ] } },
{ "type": "Feature", "properties": { "u": 10142649473, "v": 4902374741, "key": 0 }, "geometry": { "type": "LineString", "coordinates": [ [ 105.856779, 21.02468 ], [ 105.856841, 21.024718 ] ] } },
{ "type": "Feature", "properties": { "u": 10142649473, "v": 8184606221, "key": 0 }, "geometry": { "type": "LineString", "coordinates": [ [ 105.856779, 21.02468 ], [ 105.856786, 21.024659 ], [ 105.856805, 21.024589 ], [ 105.856797, 21.024566 ], [ 105.856776, 21.024543 ], [ 105.85675, 21.024533 ], [ 105.856708, 21.024532 ] ] } },
{ "type": "Feature", "properties": { "u": 10142649474, "v": 8324080738, "key": 0 }, "geometry": { "type": "LineString", "coordinates": [ [ 105.857454, 21.024967 ], [ 105.857505, 21.024911 ] ] } },
{ "type": "Feature", "properties": { "u": 10142649474, "v": 10142649469, "key": 0 }, "geometry": { "type": "LineString", "coordinates": [ [ 105.857454, 21.024967 ], [ 105.857477, 21.024991 ], [ 105.85776, 21.025274 ], [ 105.857782, 21.025308 ], [ 105.85777, 21.025338 ], [ 105.857745, 21.025363 ], [ 105.85771, 21.025378 ], [ 105.857647, 21.025368 ], [ 105.856836, 21.025154 ] ] } },
{ "type": "Feature", "properties": { "u": 10142649474, "v": 10142649472, "key": 0 }, "geometry": { "type": "LineString", "coordinates": [ [ 105.857454, 21.024967 ], [ 105.857234, 21.024745 ], [ 105.85715, 21.024656 ], [ 105.857118, 21.024638 ], [ 105.857039, 21.02464 ], [ 105.856975, 21.024665 ], [ 105.856946, 21.024691 ], [ 105.856914, 21.02474 ], [ 105.856908, 21.024757 ] ] } },
{ "type": "Feature", "properties": { "u": 10142649475, "v": 8324080738, "key": 0 }, "geometry": { "type": "LineString", "coordinates": [ [ 105.857567, 21.024842 ], [ 105.857505, 21.024911 ] ] } },
{ "type": "Feature", "properties": { "u": 10142649475, "v": 10586739279, "key": 0 }, "geometry": { "type": "LineString", "coordinates": [ [ 105.857567, 21.024842 ], [ 105.857574, 21.024851 ], [ 105.857744, 21.025032 ] ] } },
{ "type": "Feature", "properties": { "u": 10142649475, "v": 10142649450, "key": 0 }, "geometry": { "type": "LineString", "coordinates": [ [ 105.857567, 21.024842 ], [ 105.857553, 21.024824 ], [ 105.857533, 21.02478 ], [ 105.857528, 21.02473 ], [ 105.857536, 21.024695 ], [ 105.857554, 21.024663 ], [ 105.857579, 21.024641 ], [ 105.857616, 21.024633 ] ] } },
{ "type": "Feature", "properties": { "u": 10142649477, "v": 10142649478, "key": 0 }, "geometry": { "type": "LineString", "coordinates": [ [ 105.857645, 21.024518 ], [ 105.857637, 21.024551 ] ] } },
{ "type": "Feature", "properties": { "u": 10142649477, "v": 10142649437, "key": 0 }, "geometry": { "type": "LineString", "coordinates": [ [ 105.857645, 21.024518 ], [ 105.857556, 21.024498 ], [ 105.857497, 21.024483 ] ] } },
{ "type": "Feature", "properties": { "u": 10142649478, "v": 10142649477, "key": 0 }, "geometry": { "type": "LineString", "coordinates": [ [ 105.857637, 21.024551 ], [ 105.857645, 21.024518 ] ] } },
{ "type": "Feature", "properties": { "u": 10142649478, "v": 10142649479, "key": 0 }, "geometry": { "type": "LineString", "coordinates": [ [ 105.857637, 21.024551 ], [ 105.857624, 21.024602 ] ] } },
{ "type": "Feature", "properties": { "u": 10142649479, "v": 10142649478, "key": 0 }, "geometry": { "type": "LineString", "coordinates": [ [ 105.857624, 21.024602 ], [ 105.857637, 21.024551 ] ] } },
{ "type": "Feature", "properties": { "u": 10142649479, "v": 10142649450, "key": 0 }, "geometry": { "type": "LineString", "coordinates": [ [ 105.857624, 21.024602 ], [ 105.857616, 21.024633 ] ] } },
{ "type": "Feature", "properties": { "u": 10142649479, "v": 6648055354, "key": 0 }, "geometry": { "type": "LineString", "coordinates": [ [ 105.857624, 21.024602 ], [ 105.85754, 21.024584 ], [ 105.857331, 21.024516 ], [ 105.857245, 21.024476 ] ] } },
{ "type": "Feature", "properties": { "u": 10146964676, "v": 10146964677, "key": 0 }, "geometry": { "type": "LineString", "coordinates": [ [ 105.855748, 21.026759 ], [ 105.855661, 21.026765 ] ] } },
{ "type": "Feature", "properties": { "u": 10146964676, "v": 6644906346, "key": 0 }, "geometry": { "type": "LineString", "coordinates": [ [ 105.855748, 21.026759 ], [ 105.855686, 21.026568 ] ] } },
{ "type": "Feature", "properties": { "u": 10146964677, "v": 8184606301, "key": 0 }, "geometry": { "type": "LineString", "coordinates": [ [ 105.855661, 21.026765 ], [ 105.855605, 21.02659 ] ] } },
{ "type": "Feature", "properties": { "u": 10146964677, "v": 10146964676, "key": 0 }, "geometry": { "type": "LineString", "coordinates": [ [ 105.855661, 21.026765 ], [ 105.855748, 21.026759 ] ] } },
{ "type": "Feature", "properties": { "u": 10146964677, "v": 8184606203, "key": 0 }, "geometry": { "type": "LineString", "coordinates": [ [ 105.855661, 21.026765 ], [ 105.855705, 21.026895 ], [ 105.855713, 21.026928 ], [ 105.855711, 21.026957 ], [ 105.855683, 21.026979 ], [ 105.855638, 21.026993 ] ] } },
{ "type": "Feature", "properties": { "u": 10146964677, "v": 8184606211, "key": 0 }, "geometry": { "type": "LineString", "coordinates": [ [ 105.855661, 21.026765 ], [ 105.855612, 21.026765 ], [ 105.855549, 21.026772 ], [ 105.855501, 21.026755 ], [ 105.855471, 21.026726 ], [ 105.85542, 21.026627 ], [ 105.855399, 21.026525 ], [ 105.855401, 21.026449 ], [ 105.855439, 21.02637 ], [ 105.855527, 21.026346 ] ] } },
{ "type": "Feature", "properties": { "u": 10555858429, "v": 11304265667, "key": 0 }, "geometry": { "type": "LineString", "coordinates": [ [ 105.853352, 21.02669 ], [ 105.853344, 21.026653 ] ] } },
{ "type": "Feature", "properties": { "u": 10555858429, "v": 11323279195, "key": 0 }, "geometry": { "type": "LineString", "coordinates": [ [ 105.853352, 21.02669 ], [ 105.853381, 21.026864 ] ] } },
{ "type": "Feature", "properties": { "u": 10555858429, "v": 10555858431, "key": 0 }, "geometry": { "type": "LineString", "coordinates": [ [ 105.853352, 21.02669 ], [ 105.853391, 21.026685 ], [ 105.853454, 21.026677 ] ] } },
{ "type": "Feature", "properties": { "u": 10555858430, "v": 8184606209, "key": 0 }, "geometry": { "type": "LineString", "coordinates": [ [ 105.853557, 21.026663 ], [ 105.853619, 21.027044 ] ] } },
{ "type": "Feature", "properties": { "u": 10555858430, "v": 10555858431, "key": 0 }, "geometry": { "type": "LineString", "coordinates": [ [ 105.853557, 21.026663 ], [ 105.853454, 21.026677 ] ] } },
{ "type": "Feature", "properties": { "u": 10555858430, "v": 10555858432, "key": 0 }, "geometry": { "type": "LineString", "coordinates": [ [ 105.853557, 21.026663 ], [ 105.853477, 21.026184 ], [ 105.853476, 21.026155 ], [ 105.853486, 21.026114 ], [ 105.853508, 21.026096 ], [ 105.853536, 21.026076 ] ] } },
{ "type": "Feature", "properties": { "u": 10555858431, "v": 5703662589, "key": 0 }, "geometry": { "type": "LineString", "coordinates": [ [ 105.853454, 21.026677 ], [ 105.853518, 21.027059 ] ] } },
{ "type": "Feature", "properties": { "u": 10555858431, "v": 10555858430, "key": 0 }, "geometry": { "type": "LineString", "coordinates": [ [ 105.853454, 21.026677 ], [ 105.853557, 21.026663 ] ] } },
{ "type": "Feature", "properties": { "u": 10555858431, "v": 10555858429, "key": 0 }, "geometry": { "type": "LineString", "coordinates": [ [ 105.853454, 21.026677 ], [ 105.853391, 21.026685 ], [ 105.853352, 21.02669 ] ] } },
{ "type": "Feature", "properties": { "u": 10555858432, "v": 10555858433, "key": 0 }, "geometry": { "type": "LineString", "coordinates": [ [ 105.853536, 21.026076 ], [ 105.853517, 21.026028 ] ] } },
{ "type": "Feature", "properties": { "u": 10555858432, "v": 8184606192, "key": 0 }, "geometry": { "type": "LineString", "coordinates": [ [ 105.853536, 21.026076 ], [ 105.853576, 21.026061 ], [ 105.855194, 21.025496 ] ] } },
{ "type": "Feature", "properties": { "u": 10555858432, "v": 10555858430, "key": 0 }, "geometry": { "type": "LineString", "coordinates": [ [ 105.853536, 21.026076 ], [ 105.853508, 21.026096 ], [ 105.853486, 21.026114 ], [ 105.853476, 21.026155 ], [ 105.853477, 21.026184 ], [ 105.853557, 21.026663 ] ] } },
{ "type": "Feature", "properties": { "u": 10555858433, "v": 309597640, "key": 0 }, "geometry": { "type": "LineString", "coordinates": [ [ 105.853517, 21.026028 ], [ 105.854557, 21.025672 ] ] } },
{ "type": "Feature", "properties": { "u": 10555858433, "v": 8184606185, "key": 0 }, "geometry": { "type": "LineString", "coordinates": [ [ 105.853517, 21.026028 ], [ 105.853351, 21.026081 ] ] } },
{ "type": "Feature", "properties": { "u": 10555858433, "v": 10555858432, "key": 0 }, "geometry": { "type": "LineString", "coordinates": [ [ 105.853517, 21.026028 ], [ 105.853536, 21.026076 ] ] } },
{ "type": "Feature", "properties": { "u": 10555858433, "v": 8184606170, "key": 0 }, "geometry": { "type": "LineString", "coordinates": [ [ 105.853517, 21.026028 ], [ 105.853488, 21.025954 ] ] } },
{ "type": "Feature", "properties": { "u": 10583987365, "v": 11453135238, "key": 0 }, "geometry": { "type": "LineString", "coordinates": [ [ 105.856426, 21.028909 ], [ 105.856195, 21.028233 ] ] } },
{ "type": "Feature", "properties": { "u": 10583987365, "v": 6662423008, "key": 0 }, "geometry": { "type": "LineString", "coordinates": [ [ 105.856426, 21.028909 ], [ 105.856494, 21.028894 ] ] } },
{ "type": "Feature", "properties": { "u": 10583987365, "v": 10584029030, "key": 0 }, "geometry": { "type": "LineString", "coordinates": [ [ 105.856426, 21.028909 ], [ 105.856421, 21.028973 ], [ 105.856409, 21.028983 ], [ 105.856385, 21.028987 ], [ 105.855596, 21.028912 ], [ 105.855572, 21.028898 ], [ 105.855557, 21.028885 ], [ 105.855549, 21.028862 ] ] } },
{ "type": "Feature", "properties": { "u": 10583987374, "v": 6644906351, "key": 0 }, "geometry": { "type": "LineString", "coordinates": [ [ 105.855896, 21.027774 ], [ 105.855823, 21.027751 ] ] } },
{ "type": "Feature", "properties": { "u": 10583987374, "v": 11453135240, "key": 0 }, "geometry": { "type": "LineString", "coordinates": [ [ 105.855896, 21.027774 ], [ 105.855798, 21.028063 ], [ 105.855742, 21.028247 ] ] } },
{ "type": "Feature", "properties": { "u": 10583987374, "v": 10586767825, "key": 0 }, "geometry": { "type": "LineString", "coordinates": [ [ 105.855896, 21.027774 ], [ 105.855928, 21.02771 ], [ 105.855947, 21.027695 ], [ 105.85597, 21.027685 ], [ 105.855993, 21.027691 ], [ 105.856008, 21.027707 ], [ 105.856066, 21.027862 ] ] } },
{ "type": "Feature", "properties": { "u": 10583987377, "v": 11348293011, "key": 0 }, "geometry": { "type": "LineString", "coordinates": [ [ 105.853915, 21.028876 ], [ 105.853909, 21.028809 ] ] } },
{ "type": "Feature", "properties": { "u": 10583987377, "v": 10583987403, "key": 0 }, "geometry": { "type": "LineString", "coordinates": [ [ 105.853915, 21.028876 ], [ 105.853901, 21.02889 ], [ 105.853897, 21.028905 ], [ 105.85393, 21.029745 ], [ 105.85395, 21.030396 ], [ 105.853959, 21.03079 ], [ 105.853959, 21.030795 ] ] } },
{ "type": "Feature", "properties": { "u": 10583987377, "v": 10584029031, "key": 0 }, "geometry": { "type": "LineString", "coordinates": [ [ 105.853915, 21.028876 ], [ 105.853933, 21.028871 ], [ 105.853954, 21.028872 ], [ 105.854545, 21.028924 ], [ 105.85531, 21.028994 ], [ 105.855319, 21.028997 ] ] } },
{ "type": "Feature", "properties": { "u": 10583987400, "v": 10584029104, "key": 0 }, "geometry": { "type": "LineString", "coordinates": [ [ 105.853934, 21.031276 ], [ 105.853987, 21.031278 ] ] } },
{ "type": "Feature", "properties": { "u": 10583987400, "v": 13724436491, "key": 0 }, "geometry": { "type": "LineString", "coordinates": [ [ 105.853934, 21.031276 ], [ 105.853889, 21.031275 ] ] } },
{ "type": "Feature", "properties": { "u": 10583987400, "v": 104769393, "key": 0 }, "geometry": { "type": "LineString", "coordinates": [ [ 105.853934, 21.031276 ], [ 105.853909, 21.031399 ] ] } },
{ "type": "Feature", "properties": { "u": 10583987403, "v": 10584029104, "key": 0 }, "geometry": { "type": "LineString", "coordinates": [ [ 105.853959, 21.030795 ], [ 105.853987, 21.031278 ] ] } },
{ "type": "Feature", "properties": { "u": 10583987403, "v": 6644360680, "key": 0 }, "geometry": { "type": "LineString", "coordinates": [ [ 105.853959, 21.030795 ], [ 105.853917, 21.030797 ] ] } },
{ "type": "Feature", "properties": { "u": 10583987403, "v": 10583987377, "key": 0 }, "geometry": { "type": "LineString", "coordinates": [ [ 105.853959, 21.030795 ], [ 105.853959, 21.03079 ], [ 105.85395, 21.030396 ], [ 105.85393, 21.029745 ], [ 105.853897, 21.028905 ], [ 105.853901, 21.02889 ], [ 105.853915, 21.028876 ] ] } },
{ "type": "Feature", "properties": { "u": 10584029006, "v": 13724436493, "key": 0 }, "geometry": { "type": "LineString", "coordinates": [ [ 105.853707, 21.030815 ], [ 105.853595, 21.030965 ] ] } },
{ "type": "Feature", "properties": { "u": 10584029006, "v": 5405026116, "key": 0 }, "geometry": { "type": "LineString", "coordinates": [ [ 105.853707, 21.030815 ], [ 105.853686, 21.030803 ], [ 105.853627, 21.03077 ] ] } },
{ "type": "Feature", "properties": { "u": 10584029006, "v": 13724464208, "key": 0 }, "geometry": { "type": "LineString", "coordinates": [ [ 105.853707, 21.030815 ], [ 105.853722, 21.030789 ], [ 105.853739, 21.03078 ], [ 105.853765, 21.030786 ], [ 105.853809, 21.030796 ] ] } },
{ "type": "Feature", "properties": { "u": 10584029011, "v": 6644360680, "key": 0 }, "geometry": { "type": "LineString", "coordinates": [ [ 105.853875, 21.030814 ], [ 105.853892, 21.030807 ], [ 105.853917, 21.030797 ] ] } },
{ "type": "Feature", "properties": { "u": 10584029011, "v": 13724464201, "key": 0 }, "geometry": { "type": "LineString", "coordinates": [ [ 105.853875, 21.030814 ], [ 105.853883, 21.03082 ], [ 105.853885, 21.030846 ], [ 105.853888, 21.031047 ] ] } },
{ "type": "Feature", "properties": { "u": 10584029011, "v": 13724464208, "key": 0 }, "geometry": { "type": "LineString", "coordinates": [ [ 105.853875, 21.030814 ], [ 105.853867, 21.030809 ], [ 105.853809, 21.030796 ] ] } },
{ "type": "Feature", "properties": { "u": 10584029023, "v": 10584029028, "key": 0 }, "geometry": { "type": "LineString", "coordinates": [ [ 105.853751, 21.031028 ], [ 105.853757, 21.031008 ] ] } },
{ "type": "Feature", "properties": { "u": 10584029028, "v": 13724464208, "key": 0 }, "geometry": { "type": "LineString", "coordinates": [ [ 105.853757, 21.031008 ], [ 105.853809, 21.030796 ] ] } },
{ "type": "Feature", "properties": { "u": 10584029028, "v": 10584029023, "key": 0 }, "geometry": { "type": "LineString", "coordinates": [ [ 105.853757, 21.031008 ], [ 105.853751, 21.031028 ] ] } },
{ "type": "Feature", "properties": { "u": 10584029028, "v": 13724464201, "key": 0 }, "geometry": { "type": "LineString", "coordinates": [ [ 105.853757, 21.031008 ], [ 105.853888, 21.031047 ] ] } },
{ "type": "Feature", "properties": { "u": 10584029028, "v": 13724436493, "key": 0 }, "geometry": { "type": "LineString", "coordinates": [ [ 105.853757, 21.031008 ], [ 105.853595, 21.030965 ] ] } },
{ "type": "Feature", "properties": { "u": 10584029029, "v": 6644282408, "key": 0 }, "geometry": { "type": "LineString", "coordinates": [ [ 105.855407, 21.028829 ], [ 105.855481, 21.028846 ] ] } },
{ "type": "Feature", "properties": { "u": 10584029029, "v": 9966237344, "key": 0 }, "geometry": { "type": "LineString", "coordinates": [ [ 105.855407, 21.028829 ], [ 105.855441, 21.028738 ], [ 105.855763, 21.027734 ] ] } },
{ "type": "Feature", "properties": { "u": 10584029029, "v": 9966237357, "key": 0 }, "geometry": { "type": "LineString", "coordinates": [ [ 105.855407, 21.028829 ], [ 105.855399, 21.028844 ], [ 105.855389, 21.028856 ], [ 105.855333, 21.028883 ] ] } },
{ "type": "Feature", "properties": { "u": 10584029030, "v": 6644282408, "key": 0 }, "geometry": { "type": "LineString", "coordinates": [ [ 105.855549, 21.028862 ], [ 105.855481, 21.028846 ] ] } },
{ "type": "Feature", "properties": { "u": 10584029030, "v": 10583987365, "key": 0 }, "geometry": { "type": "LineString", "coordinates": [ [ 105.855549, 21.028862 ], [ 105.855557, 21.028885 ], [ 105.855572, 21.028898 ], [ 105.855596, 21.028912 ], [ 105.856385, 21.028987 ], [ 105.856409, 21.028983 ], [ 105.856421, 21.028973 ], [ 105.856426, 21.028909 ] ] } },
{ "type": "Feature", "properties": { "u": 10584029030, "v": 11453135240, "key": 0 }, "geometry": { "type": "LineString", "coordinates": [ [ 105.855549, 21.028862 ], [ 105.855556, 21.028845 ], [ 105.855742, 21.028247 ] ] } },
{ "type": "Feature", "properties": { "u": 10584029031, "v": 11348293010, "key": 0 }, "geometry": { "type": "LineString", "coordinates": [ [ 105.855319, 21.028997 ], [ 105.855326, 21.02894 ] ] } },
{ "type": "Feature", "properties": { "u": 10584029031, "v": 10583987377, "key": 0 }, "geometry": { "type": "LineString", "coordinates": [ [ 105.855319, 21.028997 ], [ 105.85531, 21.028994 ], [ 105.854545, 21.028924 ], [ 105.853954, 21.028872 ], [ 105.853933, 21.028871 ], [ 105.853915, 21.028876 ] ] } },
{ "type": "Feature", "properties": { "u": 10584029031, "v": 11335293280, "key": 0 }, "geometry": { "type": "LineString", "coordinates": [ [ 105.855319, 21.028997 ], [ 105.855327, 21.029 ], [ 105.855336, 21.029016 ], [ 105.855334, 21.029034 ], [ 105.855328, 21.029053 ], [ 105.855133, 21.029564 ], [ 105.854995, 21.029958 ], [ 105.85489, 21.030285 ] ] } },
{ "type": "Feature", "properties": { "u": 10584029034, "v": 11348293011, "key": 0 }, "geometry": { "type": "LineString", "coordinates": [ [ 105.853904, 21.028749 ], [ 105.853909, 21.028809 ] ] } },
{ "type": "Feature", "properties": { "u": 10584029034, "v": 9966237357, "key": 0 }, "geometry": { "type": "LineString", "coordinates": [ [ 105.853904, 21.028749 ], [ 105.853926, 21.028754 ], [ 105.855333, 21.028883 ] ] } },
{ "type": "Feature", "properties": { "u": 10584029034, "v": 9966237336, "key": 0 }, "geometry": { "type": "LineString", "coordinates": [ [ 105.853904, 21.028749 ], [ 105.853892, 21.028747 ], [ 105.853874, 21.028731 ], [ 105.853865, 21.028709 ], [ 105.853864, 21.028705 ] ] } },
{ "type": "Feature", "properties": { "u": 10584029044, "v": 6644368696, "key": 0 }, "geometry": { "type": "LineString", "coordinates": [ [ 105.853421, 21.031348 ], [ 105.853429, 21.031322 ] ] } },
{ "type": "Feature", "properties": { "u": 10584029044, "v": 10584029102, "key": 0 }, "geometry": { "type": "LineString", "coordinates": [ [ 105.853421, 21.031348 ], [ 105.853446, 21.031346 ], [ 105.853479, 21.031349 ], [ 105.853714, 21.031379 ], [ 105.853804, 21.031394 ], [ 105.853822, 21.031403 ] ] } },
{ "type": "Feature", "properties": { "u": 10584029044, "v": 10584029053, "key": 0 }, "geometry": { "type": "LineString", "coordinates": [ [ 105.853421, 21.031348 ], [ 105.853404, 21.031355 ], [ 105.85338, 21.031366 ], [ 105.853359, 21.031382 ], [ 105.853337, 21.031409 ], [ 105.853324, 21.031439 ], [ 105.853213, 21.031706 ], [ 105.853193, 21.031782 ], [ 105.85319, 21.031834 ] ] } },
{ "type": "Feature", "properties": { "u": 10584029053, "v": 10584029100, "key": 0 }, "geometry": { "type": "LineString", "coordinates": [ [ 105.85319, 21.031834 ], [ 105.853202, 21.032065 ] ] } },
{ "type": "Feature", "properties": { "u": 10584029053, "v": 6644368695, "key": 0 }, "geometry": { "type": "LineString", "coordinates": [ [ 105.85319, 21.031834 ], [ 105.853147, 21.031838 ] ] } },
{ "type": "Feature", "properties": { "u": 10584029053, "v": 10584029044, "key": 0 }, "geometry": { "type": "LineString", "coordinates": [ [ 105.85319, 21.031834 ], [ 105.853193, 21.031782 ], [ 105.853213, 21.031706 ], [ 105.853324, 21.031439 ], [ 105.853337, 21.031409 ], [ 105.853359, 21.031382 ], [ 105.85338, 21.031366 ], [ 105.853404, 21.031355 ], [ 105.853421, 21.031348 ] ] } },
{ "type": "Feature", "properties": { "u": 10584029068, "v": 6644368695, "key": 0 }, "geometry": { "type": "LineString", "coordinates": [ [ 105.853107, 21.031841 ], [ 105.853147, 21.031838 ] ] } },
{ "type": "Feature", "properties": { "u": 10584029095, "v": 11331266723, "key": 0 }, "geometry": { "type": "LineString", "coordinates": [ [ 105.852469, 21.031644 ], [ 105.85254, 21.031635 ] ] } },
{ "type": "Feature", "properties": { "u": 10584029095, "v": 11304581255, "key": 0 }, "geometry": { "type": "LineString", "coordinates": [ [ 105.852469, 21.031644 ], [ 105.852298, 21.031664 ] ] } },
{ "type": "Feature", "properties": { "u": 10584029095, "v": 10584029097, "key": 0 }, "geometry": { "type": "LineString", "coordinates": [ [ 105.852469, 21.031644 ], [ 105.852472, 21.031667 ], [ 105.852478, 21.031718 ] ] } },
{ "type": "Feature", "properties": { "u": 10584029097, "v": 6644554183, "key": 0 }, "geometry": { "type": "LineString", "coordinates": [ [ 105.852478, 21.031718 ], [ 105.852199, 21.031753 ], [ 105.852056, 21.031778 ], [ 105.851984, 21.03179 ], [ 105.851943, 21.031802 ] ] } },
{ "type": "Feature", "properties": { "u": 10584029097, "v": 13131093754, "key": 0 }, "geometry": { "type": "LineString", "coordinates": [ [ 105.852478, 21.031718 ], [ 105.852483, 21.031764 ], [ 105.852486, 21.031792 ], [ 105.852489, 21.031813 ] ] } },
{ "type": "Feature", "properties": { "u": 10584029097, "v": 10584029095, "key": 0 }, "geometry": { "type": "LineString", "coordinates": [ [ 105.852478, 21.031718 ], [ 105.852472, 21.031667 ], [ 105.852469, 21.031644 ] ] } },
{ "type": "Feature", "properties": { "u": 10584029099, "v": 10584029101, "key": 0 }, "geometry": { "type": "LineString", "coordinates": [ [ 105.853117, 21.032069 ], [ 105.853157, 21.032067 ] ] } },
{ "type": "Feature", "properties": { "u": 10584029100, "v": 10584029053, "key": 0 }, "geometry": { "type": "LineString", "coordinates": [ [ 105.853202, 21.032065 ], [ 105.85319, 21.031834 ] ] } },
{ "type": "Feature", "properties": { "u": 10584029100, "v": 10584029101, "key": 0 }, "geometry": { "type": "LineString", "coordinates": [ [ 105.853202, 21.032065 ], [ 105.853157, 21.032067 ] ] } },
{ "type": "Feature", "properties": { "u": 10584029100, "v": 10584029102, "key": 0 }, "geometry": { "type": "LineString", "coordinates": [ [ 105.853202, 21.032065 ], [ 105.853206, 21.032143 ], [ 105.853209, 21.032159 ], [ 105.853217, 21.032169 ], [ 105.853234, 21.032177 ], [ 105.853251, 21.032177 ], [ 105.853788, 21.03216 ], [ 105.853799, 21.032156 ], [ 105.853807, 21.032151 ], [ 105.853813, 21.032137 ], [ 105.853815, 21.032118 ], [ 105.853878, 21.031497 ], [ 105.853876, 21.031472 ], [ 105.853871, 21.031453 ], [ 105.853856, 21.031429 ], [ 105.853828, 21.031406 ], [ 105.853822, 21.031403 ] ] } },
{ "type": "Feature", "properties": { "u": 10584029101, "v": 10584029100, "key": 0 }, "geometry": { "type": "LineString", "coordinates": [ [ 105.853157, 21.032067 ], [ 105.853202, 21.032065 ] ] } },
{ "type": "Feature", "properties": { "u": 10584029101, "v": 10584029099, "key": 0 }, "geometry": { "type": "LineString", "coordinates": [ [ 105.853157, 21.032067 ], [ 105.853117, 21.032069 ] ] } },
{ "type": "Feature", "properties": { "u": 10584029101, "v": 6644368695, "key": 0 }, "geometry": { "type": "LineString", "coordinates": [ [ 105.853157, 21.032067 ], [ 105.853147, 21.031838 ] ] } },
{ "type": "Feature", "properties": { "u": 10584029101, "v": 309674297, "key": 0 }, "geometry": { "type": "LineString", "coordinates": [ [ 105.853157, 21.032067 ], [ 105.853163, 21.032215 ] ] } },
{ "type": "Feature", "properties": { "u": 10584029102, "v": 6403391495, "key": 0 }, "geometry": { "type": "LineString", "coordinates": [ [ 105.853822, 21.031403 ], [ 105.853825, 21.031385 ] ] } },
{ "type": "Feature", "properties": { "u": 10584029102, "v": 10584029100, "key": 0 }, "geometry": { "type": "LineString", "coordinates": [ [ 105.853822, 21.031403 ], [ 105.853828, 21.031406 ], [ 105.853856, 21.031429 ], [ 105.853871, 21.031453 ], [ 105.853876, 21.031472 ], [ 105.853878, 21.031497 ], [ 105.853815, 21.032118 ], [ 105.853813, 21.032137 ], [ 105.853807, 21.032151 ], [ 105.853799, 21.032156 ], [ 105.853788, 21.03216 ], [ 105.853251, 21.032177 ], [ 105.853234, 21.032177 ], [ 105.853217, 21.032169 ], [ 105.853209, 21.032159 ], [ 105.853206, 21.032143 ], [ 105.853202, 21.032065 ] ] } },
{ "type": "Feature", "properties": { "u": 10584029102, "v": 10584029044, "key": 0 }, "geometry": { "type": "LineString", "coordinates": [ [ 105.853822, 21.031403 ], [ 105.853804, 21.031394 ], [ 105.853714, 21.031379 ], [ 105.853479, 21.031349 ], [ 105.853446, 21.031346 ], [ 105.853421, 21.031348 ] ] } },
{ "type": "Feature", "properties": { "u": 10584029104, "v": 10583987403, "key": 0 }, "geometry": { "type": "LineString", "coordinates": [ [ 105.853987, 21.031278 ], [ 105.853959, 21.030795 ] ] } },
{ "type": "Feature", "properties": { "u": 10584029104, "v": 10583987400, "key": 0 }, "geometry": { "type": "LineString", "coordinates": [ [ 105.853987, 21.031278 ], [ 105.853934, 21.031276 ] ] } },
{ "type": "Feature", "properties": { "u": 10584029104, "v": 11335293280, "key": 0 }, "geometry": { "type": "LineString", "coordinates": [ [ 105.853987, 21.031278 ], [ 105.853988, 21.031312 ], [ 105.853993, 21.03133 ], [ 105.854004, 21.031344 ], [ 105.854021, 21.031351 ], [ 105.854505, 21.031392 ], [ 105.854524, 21.031389 ], [ 105.854536, 21.031377 ], [ 105.854545, 21.031357 ], [ 105.854627, 21.031108 ], [ 105.854739, 21.030752 ], [ 105.85489, 21.030285 ] ] } },
{ "type": "Feature", "properties": { "u": 10586739248, "v": 6689598085, "key": 0 }, "geometry": { "type": "LineString", "coordinates": [ [ 105.858013, 21.025273 ], [ 105.857974, 21.025404 ] ] } },
{ "type": "Feature", "properties": { "u": 10586739248, "v": 10586739284, "key": 0 }, "geometry": { "type": "LineString", "coordinates": [ [ 105.858013, 21.025273 ], [ 105.858035, 21.025273 ], [ 105.858059, 21.025265 ], [ 105.858076, 21.025248 ], [ 105.858087, 21.025206 ] ] } },
{ "type": "Feature", "properties": { "u": 10586739248, "v": 10586739283, "key": 0 }, "geometry": { "type": "LineString", "coordinates": [ [ 105.858013, 21.025273 ], [ 105.857991, 21.025273 ], [ 105.857953, 21.025255 ], [ 105.857843, 21.025138 ] ] } },
{ "type": "Feature", "properties": { "u": 10586739249, "v": 10586767717, "key": 0 }, "geometry": { "type": "LineString", "coordinates": [ [ 105.856568, 21.025833 ], [ 105.856486, 21.025813 ] ] } },
{ "type": "Feature", "properties": { "u": 10586739249, "v": 10586739253, "key": 0 }, "geometry": { "type": "LineString", "coordinates": [ [ 105.856568, 21.025833 ], [ 105.856564, 21.025821 ], [ 105.856564, 21.025803 ], [ 105.856733, 21.025261 ], [ 105.856742, 21.025249 ], [ 105.856758, 21.025238 ], [ 105.856776, 21.025234 ], [ 105.856804, 21.025237 ] ] } },
{ "type": "Feature", "properties": { "u": 10586739249, "v": 10586739266, "key": 0 }, "geometry": { "type": "LineString", "coordinates": [ [ 105.856568, 21.025833 ], [ 105.856585, 21.02585 ], [ 105.856599, 21.025856 ] ] } },
{ "type": "Feature", "properties": { "u": 10586739253, "v": 10586739255, "key": 0 }, "geometry": { "type": "LineString", "coordinates": [ [ 105.856804, 21.025237 ], [ 105.857941, 21.025519 ] ] } },
{ "type": "Feature", "properties": { "u": 10586739253, "v": 10586767714, "key": 0 }, "geometry": { "type": "LineString", "coordinates": [ [ 105.856804, 21.025237 ], [ 105.856819, 21.025197 ] ] } },
{ "type": "Feature", "properties": { "u": 10586739253, "v": 10586739249, "key": 0 }, "geometry": { "type": "LineString", "coordinates": [ [ 105.856804, 21.025237 ], [ 105.856776, 21.025234 ], [ 105.856758, 21.025238 ], [ 105.856742, 21.025249 ], [ 105.856733, 21.025261 ], [ 105.856564, 21.025803 ], [ 105.856564, 21.025821 ], [ 105.856568, 21.025833 ] ] } },
{ "type": "Feature", "properties": { "u": 10586739255, "v": 6689598086, "key": 0 }, "geometry": { "type": "LineString", "coordinates": [ [ 105.857941, 21.025519 ], [ 105.85795, 21.025487 ] ] } },
{ "type": "Feature", "properties": { "u": 10586739255, "v": 10586739253, "key": 0 }, "geometry": { "type": "LineString", "coordinates": [ [ 105.857941, 21.025519 ], [ 105.856804, 21.025237 ] ] } },
{ "type": "Feature", "properties": { "u": 10586739255, "v": 10586739302, "key": 0 }, "geometry": { "type": "LineString", "coordinates": [ [ 105.857941, 21.025519 ], [ 105.857953, 21.025523 ], [ 105.857962, 21.02553 ], [ 105.857963, 21.025543 ], [ 105.857954, 21.025575 ], [ 105.857848, 21.025894 ], [ 105.857794, 21.026057 ] ] } },
{ "type": "Feature", "properties": { "u": 10586739266, "v": 6662423011, "key": 0 }, "geometry": { "type": "LineString", "coordinates": [ [ 105.856599, 21.025856 ], [ 105.856585, 21.025903 ] ] } },
{ "type": "Feature", "properties": { "u": 10586739266, "v": 10586739249, "key": 0 }, "geometry": { "type": "LineString", "coordinates": [ [ 105.856599, 21.025856 ], [ 105.856585, 21.02585 ], [ 105.856568, 21.025833 ] ] } },
{ "type": "Feature", "properties": { "u": 10586739266, "v": 10586767754, "key": 0 }, "geometry": { "type": "LineString", "coordinates": [ [ 105.856599, 21.025856 ], [ 105.857695, 21.026101 ], [ 105.857715, 21.026103 ] ] } },
{ "type": "Feature", "properties": { "u": 10586739272, "v": 10586739278, "key": 0 }, "geometry": { "type": "LineString", "coordinates": [ [ 105.858146, 21.025 ], [ 105.858162, 21.024945 ] ] } },
{ "type": "Feature", "properties": { "u": 10586739272, "v": 10586739284, "key": 0 }, "geometry": { "type": "LineString", "coordinates": [ [ 105.858146, 21.025 ], [ 105.858087, 21.025206 ] ] } },
{ "type": "Feature", "properties": { "u": 10586739272, "v": 10586739281, "key": 0 }, "geometry": { "type": "LineString", "coordinates": [ [ 105.858146, 21.025 ], [ 105.857944, 21.024903 ] ] } },
{ "type": "Feature", "properties": { "u": 10586739278, "v": 10586739272, "key": 0 }, "geometry": { "type": "LineString", "coordinates": [ [ 105.858162, 21.024945 ], [ 105.858146, 21.025 ] ] } },
{ "type": "Feature", "properties": { "u": 10586739278, "v": 10586739285, "key": 0 }, "geometry": { "type": "LineString", "coordinates": [ [ 105.858162, 21.024945 ], [ 105.857947, 21.024846 ] ] } },
{ "type": "Feature", "properties": { "u": 10586739279, "v": 10586739283, "key": 0 }, "geometry": { "type": "LineString", "coordinates": [ [ 105.857744, 21.025032 ], [ 105.857843, 21.025138 ] ] } },
{ "type": "Feature", "properties": { "u": 10586739279, "v": 10586739280, "key": 0 }, "geometry": { "type": "LineString", "coordinates": [ [ 105.857744, 21.025032 ], [ 105.857919, 21.024891 ] ] } },
{ "type": "Feature", "properties": { "u": 10586739279, "v": 10142649475, "key": 0 }, "geometry": { "type": "LineString", "coordinates": [ [ 105.857744, 21.025032 ], [ 105.857574, 21.024851 ], [ 105.857567, 21.024842 ] ] } },
{ "type": "Feature", "properties": { "u": 10586739280, "v": 10586739281, "key": 0 }, "geometry": { "type": "LineString", "coordinates": [ [ 105.857919, 21.024891 ], [ 105.857944, 21.024903 ] ] } },
{ "type": "Feature", "properties": { "u": 10586739280, "v": 10586739279, "key": 0 }, "geometry": { "type": "LineString", "coordinates": [ [ 105.857919, 21.024891 ], [ 105.857744, 21.025032 ] ] } },
{ "type": "Feature", "properties": { "u": 10586739280, "v": 10586739285, "key": 0 }, "geometry": { "type": "LineString", "coordinates": [ [ 105.857919, 21.024891 ], [ 105.857682, 21.024777 ], [ 105.857673, 21.024765 ], [ 105.857675, 21.024748 ], [ 105.857684, 21.024735 ], [ 105.857696, 21.024733 ], [ 105.857707, 21.024735 ], [ 105.857947, 21.024846 ] ] } },
{ "type": "Feature", "properties": { "u": 10586739281, "v": 10586739272, "key": 0 }, "geometry": { "type": "LineString", "coordinates": [ [ 105.857944, 21.024903 ], [ 105.858146, 21.025 ] ] } },
{ "type": "Feature", "properties": { "u": 10586739281, "v": 10586739280, "key": 0 }, "geometry": { "type": "LineString", "coordinates": [ [ 105.857944, 21.024903 ], [ 105.857919, 21.024891 ] ] } },
{ "type": "Feature", "properties": { "u": 10586739281, "v": 10586739282, "key": 0 }, "geometry": { "type": "LineString", "coordinates": [ [ 105.857944, 21.024903 ], [ 105.857948, 21.025034 ] ] } },
{ "type": "Feature", "properties": { "u": 10586739282, "v": 10586739281, "key": 0 }, "geometry": { "type": "LineString", "coordinates": [ [ 105.857948, 21.025034 ], [ 105.857944, 21.024903 ] ] } },
{ "type": "Feature", "properties": { "u": 10586739282, "v": 10586739283, "key": 0 }, "geometry": { "type": "LineString", "coordinates": [ [ 105.857948, 21.025034 ], [ 105.857843, 21.025138 ] ] } },
{ "type": "Feature", "properties": { "u": 10586739282, "v": 10586739284, "key": 0 }, "geometry": { "type": "LineString", "coordinates": [ [ 105.857948, 21.025034 ], [ 105.858087, 21.025206 ] ] } },
{ "type": "Feature", "properties": { "u": 10586739283, "v": 10586739279, "key": 0 }, "geometry": { "type": "LineString", "coordinates": [ [ 105.857843, 21.025138 ], [ 105.857744, 21.025032 ] ] } },
{ "type": "Feature", "properties": { "u": 10586739283, "v": 10586739282, "key": 0 }, "geometry": { "type": "LineString", "coordinates": [ [ 105.857843, 21.025138 ], [ 105.857948, 21.025034 ] ] } },
{ "type": "Feature", "properties": { "u": 10586739283, "v": 10586739248, "key": 0 }, "geometry": { "type": "LineString", "coordinates": [ [ 105.857843, 21.025138 ], [ 105.857953, 21.025255 ], [ 105.857991, 21.025273 ], [ 105.858013, 21.025273 ] ] } },
{ "type": "Feature", "properties": { "u": 10586739284, "v": 10586739272, "key": 0 }, "geometry": { "type": "LineString", "coordinates": [ [ 105.858087, 21.025206 ], [ 105.858146, 21.025 ] ] } },
{ "type": "Feature", "properties": { "u": 10586739284, "v": 10586739282, "key": 0 }, "geometry": { "type": "LineString", "coordinates": [ [ 105.858087, 21.025206 ], [ 105.857948, 21.025034 ] ] } },
{ "type": "Feature", "properties": { "u": 10586739284, "v": 10586739248, "key": 0 }, "geometry": { "type": "LineString", "coordinates": [ [ 105.858087, 21.025206 ], [ 105.858076, 21.025248 ], [ 105.858059, 21.025265 ], [ 105.858035, 21.025273 ], [ 105.858013, 21.025273 ] ] } },
{ "type": "Feature", "properties": { "u": 10586739285, "v": 10586739278, "key": 0 }, "geometry": { "type": "LineString", "coordinates": [ [ 105.857947, 21.024846 ], [ 105.858162, 21.024945 ] ] } },
{ "type": "Feature", "properties": { "u": 10586739285, "v": 10586739286, "key": 0 }, "geometry": { "type": "LineString", "coordinates": [ [ 105.857947, 21.024846 ], [ 105.857931, 21.024702 ] ] } },
{ "type": "Feature", "properties": { "u": 10586739285, "v": 10586739280, "key": 0 }, "geometry": { "type": "LineString", "coordinates": [ [ 105.857947, 21.024846 ], [ 105.857707, 21.024735 ], [ 105.857696, 21.024733 ], [ 105.857684, 21.024735 ], [ 105.857675, 21.024748 ], [ 105.857673, 21.024765 ], [ 105.857682, 21.024777 ], [ 105.857919, 21.024891 ] ] } },
{ "type": "Feature", "properties": { "u": 10586739286, "v": 10142649450, "key": 0 }, "geometry": { "type": "LineString", "coordinates": [ [ 105.857931, 21.024702 ], [ 105.857616, 21.024633 ] ] } },
{ "type": "Feature", "properties": { "u": 10586739286, "v": 10586739285, "key": 0 }, "geometry": { "type": "LineString", "coordinates": [ [ 105.857931, 21.024702 ], [ 105.857947, 21.024846 ] ] } },
{ "type": "Feature", "properties": { "u": 10586739292, "v": 6689595582, "key": 0 }, "geometry": { "type": "LineString", "coordinates": [ [ 105.857886, 21.026081 ], [ 105.857843, 21.02607 ] ] } },
{ "type": "Feature", "properties": { "u": 10586739292, "v": 10586739301, "key": 0 }, "geometry": { "type": "LineString", "coordinates": [ [ 105.857886, 21.026081 ], [ 105.857889, 21.026061 ], [ 105.858142, 21.025235 ] ] } },
{ "type": "Feature", "properties": { "u": 10586739292, "v": 10586767789, "key": 0 }, "geometry": { "type": "LineString", "coordinates": [ [ 105.857886, 21.026081 ], [ 105.85789, 21.026105 ], [ 105.8579, 21.026118 ], [ 105.85792, 21.026131 ], [ 105.857928, 21.026133 ] ] } },
{ "type": "Feature", "properties": { "u": 10586739301, "v": 5704382340, "key": 0 }, "geometry": { "type": "LineString", "coordinates": [ [ 105.858142, 21.025235 ], [ 105.858111, 21.025227 ] ] } },
{ "type": "Feature", "properties": { "u": 10586739301, "v": 10586739292, "key": 0 }, "geometry": { "type": "LineString", "coordinates": [ [ 105.858142, 21.025235 ], [ 105.857889, 21.026061 ], [ 105.857886, 21.026081 ] ] } },
{ "type": "Feature", "properties": { "u": 10586739302, "v": 6689595582, "key": 0 }, "geometry": { "type": "LineString", "coordinates": [ [ 105.857794, 21.026057 ], [ 105.857843, 21.02607 ] ] } },
{ "type": "Feature", "properties": { "u": 10586739302, "v": 10586767754, "key": 0 }, "geometry": { "type": "LineString", "coordinates": [ [ 105.857794, 21.026057 ], [ 105.857789, 21.02607 ], [ 105.857775, 21.026087 ], [ 105.857754, 21.026098 ], [ 105.857728, 21.026103 ], [ 105.857715, 21.026103 ] ] } },
{ "type": "Feature", "properties": { "u": 10586739302, "v": 10586739255, "key": 0 }, "geometry": { "type": "LineString", "coordinates": [ [ 105.857794, 21.026057 ], [ 105.857848, 21.025894 ], [ 105.857954, 21.025575 ], [ 105.857963, 21.025543 ], [ 105.857962, 21.02553 ], [ 105.857953, 21.025523 ], [ 105.857941, 21.025519 ] ] } },
{ "type": "Feature", "properties": { "u": 10586767714, "v": 319490478, "key": 0 }, "geometry": { "type": "LineString", "coordinates": [ [ 105.856819, 21.025197 ], [ 105.856691, 21.025167 ] ] } },
{ "type": "Feature", "properties": { "u": 10586767714, "v": 10142649469, "key": 0 }, "geometry": { "type": "LineString", "coordinates": [ [ 105.856819, 21.025197 ], [ 105.856836, 21.025154 ] ] } },
{ "type": "Feature", "properties": { "u": 10586767714, "v": 10586739253, "key": 0 }, "geometry": { "type": "LineString", "coordinates": [ [ 105.856819, 21.025197 ], [ 105.856804, 21.025237 ] ] } },
{ "type": "Feature", "properties": { "u": 10586767716, "v": 12617804999, "key": 0 }, "geometry": { "type": "LineString", "coordinates": [ [ 105.856417, 21.025797 ], [ 105.856495, 21.025558 ] ] } },
{ "type": "Feature", "properties": { "u": 10586767716, "v": 10586767717, "key": 0 }, "geometry": { "type": "LineString", "coordinates": [ [ 105.856417, 21.025797 ], [ 105.856486, 21.025813 ] ] } },
{ "type": "Feature", "properties": { "u": 10586767716, "v": 11443758457, "key": 0 }, "geometry": { "type": "LineString", "coordinates": [ [ 105.856417, 21.025797 ], [ 105.856394, 21.025849 ], [ 105.85638, 21.025862 ] ] } },
{ "type": "Feature", "properties": { "u": 10586767717, "v": 10586767716, "key": 0 }, "geometry": { "type": "LineString", "coordinates": [ [ 105.856486, 21.025813 ], [ 105.856417, 21.025797 ] ] } },
{ "type": "Feature", "properties": { "u": 10586767717, "v": 10586739249, "key": 0 }, "geometry": { "type": "LineString", "coordinates": [ [ 105.856486, 21.025813 ], [ 105.856568, 21.025833 ] ] } },
{ "type": "Feature", "properties": { "u": 10586767717, "v": 309597692, "key": 0 }, "geometry": { "type": "LineString", "coordinates": [ [ 105.856486, 21.025813 ], [ 105.856463, 21.025904 ] ] } },
{ "type": "Feature", "properties": { "u": 10586767724, "v": 6689695902, "key": 0 }, "geometry": { "type": "LineString", "coordinates": [ [ 105.857328, 21.027602 ], [ 105.857367, 21.027611 ] ] } },
{ "type": "Feature", "properties": { "u": 10586767724, "v": 11449663848, "key": 0 }, "geometry": { "type": "LineString", "coordinates": [ [ 105.857328, 21.027602 ], [ 105.857552, 21.026909 ], [ 105.857585, 21.026797 ] ] } },
{ "type": "Feature", "properties": { "u": 10586767724, "v": 10586767728, "key": 0 }, "geometry": { "type": "LineString", "coordinates": [ [ 105.857328, 21.027602 ], [ 105.857309, 21.027656 ], [ 105.857292, 21.027678 ], [ 105.857268, 21.027689 ], [ 105.857237, 21.027688 ] ] } },
{ "type": "Feature", "properties": { "u": 10586767728, "v": 10586767823, "key": 0 }, "geometry": { "type": "LineString", "coordinates": [ [ 105.857237, 21.027688 ], [ 105.85629, 21.027585 ] ] } },
{ "type": "Feature", "properties": { "u": 10586767728, "v": 6689695903, "key": 0 }, "geometry": { "type": "LineString", "coordinates": [ [ 105.857237, 21.027688 ], [ 105.857228, 21.027736 ] ] } },
{ "type": "Feature", "properties": { "u": 10586767728, "v": 10586767724, "key": 0 }, "geometry": { "type": "LineString", "coordinates": [ [ 105.857237, 21.027688 ], [ 105.857268, 21.027689 ], [ 105.857292, 21.027678 ], [ 105.857309, 21.027656 ], [ 105.857328, 21.027602 ] ] } },
{ "type": "Feature", "properties": { "u": 10586767738, "v": 11443758450, "key": 0 }, "geometry": { "type": "LineString", "coordinates": [ [ 105.856461, 21.02609 ], [ 105.856238, 21.026772 ] ] } },
{ "type": "Feature", "properties": { "u": 10586767738, "v": 6662423009, "key": 0 }, "geometry": { "type": "LineString", "coordinates": [ [ 105.856461, 21.02609 ], [ 105.856409, 21.026076 ] ] } },
{ "type": "Feature", "properties": { "u": 10586767738, "v": 10586767743, "key": 0 }, "geometry": { "type": "LineString", "coordinates": [ [ 105.856461, 21.02609 ], [ 105.856494, 21.025989 ], [ 105.856506, 21.025969 ], [ 105.856525, 21.025952 ], [ 105.856549, 21.025951 ], [ 105.85657, 21.025954 ] ] } },
{ "type": "Feature", "properties": { "u": 10586767743, "v": 11449677570, "key": 0 }, "geometry": { "type": "LineString", "coordinates": [ [ 105.85657, 21.025954 ], [ 105.856934, 21.026035 ] ] } },
{ "type": "Feature", "properties": { "u": 10586767743, "v": 6662423011, "key": 0 }, "geometry": { "type": "LineString", "coordinates": [ [ 105.85657, 21.025954 ], [ 105.856585, 21.025903 ] ] } },
{ "type": "Feature", "properties": { "u": 10586767743, "v": 10586767738, "key": 0 }, "geometry": { "type": "LineString", "coordinates": [ [ 105.85657, 21.025954 ], [ 105.856549, 21.025951 ], [ 105.856525, 21.025952 ], [ 105.856506, 21.025969 ], [ 105.856494, 21.025989 ], [ 105.856461, 21.02609 ] ] } },
{ "type": "Feature", "properties": { "u": 10586767753, "v": 6689595581, "key": 0 }, "geometry": { "type": "LineString", "coordinates": [ [ 105.857687, 21.026204 ], [ 105.857701, 21.026153 ] ] } },
{ "type": "Feature", "properties": { "u": 10586767753, "v": 11449677570, "key": 0 }, "geometry": { "type": "LineString", "coordinates": [ [ 105.857687, 21.026204 ], [ 105.857454, 21.026152 ], [ 105.856934, 21.026035 ] ] } },
{ "type": "Feature", "properties": { "u": 10586767753, "v": 10586767790, "key": 0 }, "geometry": { "type": "LineString", "coordinates": [ [ 105.857687, 21.026204 ], [ 105.857699, 21.026206 ], [ 105.857725, 21.026221 ], [ 105.857735, 21.026236 ], [ 105.857736, 21.026245 ] ] } },
{ "type": "Feature", "properties": { "u": 10586767754, "v": 6689595581, "key": 0 }, "geometry": { "type": "LineString", "coordinates": [ [ 105.857715, 21.026103 ], [ 105.857701, 21.026153 ] ] } },
{ "type": "Feature", "properties": { "u": 10586767754, "v": 10586739266, "key": 0 }, "geometry": { "type": "LineString", "coordinates": [ [ 105.857715, 21.026103 ], [ 105.857695, 21.026101 ], [ 105.856599, 21.025856 ] ] } },
{ "type": "Feature", "properties": { "u": 10586767754, "v": 10586739302, "key": 0 }, "geometry": { "type": "LineString", "coordinates": [ [ 105.857715, 21.026103 ], [ 105.857728, 21.026103 ], [ 105.857754, 21.026098 ], [ 105.857775, 21.026087 ], [ 105.857789, 21.02607 ], [ 105.857794, 21.026057 ] ] } },
{ "type": "Feature", "properties": { "u": 10586767757, "v": 11438626846, "key": 0 }, "geometry": { "type": "LineString", "coordinates": [ [ 105.8562, 21.027278 ], [ 105.856192, 21.027412 ] ] } },
{ "type": "Feature", "properties": { "u": 10586767757, "v": 11438626847, "key": 0 }, "geometry": { "type": "LineString", "coordinates": [ [ 105.8562, 21.027278 ], [ 105.856214, 21.026996 ] ] } },
{ "type": "Feature", "properties": { "u": 10586767757, "v": 11455065732, "key": 0 }, "geometry": { "type": "LineString", "coordinates": [ [ 105.8562, 21.027278 ], [ 105.856091, 21.027284 ] ] } },
{ "type": "Feature", "properties": { "u": 10586767764, "v": 6689595583, "key": 0 }, "geometry": { "type": "LineString", "coordinates": [ [ 105.857888, 21.026258 ], [ 105.857905, 21.026205 ] ] } },
{ "type": "Feature", "properties": { "u": 10586767764, "v": 10586767791, "key": 0 }, "geometry": { "type": "LineString", "coordinates": [ [ 105.857888, 21.026258 ], [ 105.857866, 21.026263 ], [ 105.857854, 21.026274 ] ] } },
{ "type": "Feature", "properties": { "u": 10586767786, "v": 6689703486, "key": 0 }, "geometry": { "type": "LineString", "coordinates": [ [ 105.857718, 21.026676 ], [ 105.857671, 21.026662 ] ] } },
{ "type": "Feature", "properties": { "u": 10586767786, "v": 10586767791, "key": 0 }, "geometry": { "type": "LineString", "coordinates": [ [ 105.857718, 21.026676 ], [ 105.857836, 21.026297 ], [ 105.857849, 21.026278 ], [ 105.857854, 21.026274 ] ] } },
{ "type": "Feature", "properties": { "u": 10586767786, "v": 10586767807, "key": 0 }, "geometry": { "type": "LineString", "coordinates": [ [ 105.857718, 21.026676 ], [ 105.85766, 21.02686 ], [ 105.857451, 21.027483 ], [ 105.857409, 21.027611 ], [ 105.857407, 21.027622 ] ] } },
{ "type": "Feature", "properties": { "u": 10586767787, "v": 6221789793, "key": 0 }, "geometry": { "type": "LineString", "coordinates": [ [ 105.85768, 21.027729 ], [ 105.857659, 21.027789 ] ] } },
{ "type": "Feature", "properties": { "u": 10586767787, "v": 6221789794, "key": 0 }, "geometry": { "type": "LineString", "coordinates": [ [ 105.85768, 21.027729 ], [ 105.857727, 21.027572 ], [ 105.857791, 21.027388 ] ] } },
{ "type": "Feature", "properties": { "u": 10586767787, "v": 10586767852, "key": 0 }, "geometry": { "type": "LineString", "coordinates": [ [ 105.85768, 21.027729 ], [ 105.857511, 21.027686 ], [ 105.857446, 21.027668 ], [ 105.857432, 21.027662 ] ] } },
{ "type": "Feature", "properties": { "u": 10586767787, "v": 10586767857, "key": 0 }, "geometry": { "type": "LineString", "coordinates": [ [ 105.85768, 21.027729 ], [ 105.858018, 21.027835 ], [ 105.858036, 21.02784 ], [ 105.858047, 21.02784 ] ] } },
{ "type": "Feature", "properties": { "u": 10586767789, "v": 6689595583, "key": 0 }, "geometry": { "type": "LineString", "coordinates": [ [ 105.857928, 21.026133 ], [ 105.857905, 21.026205 ] ] } },
{ "type": "Feature", "properties": { "u": 10586767789, "v": 10586739292, "key": 0 }, "geometry": { "type": "LineString", "coordinates": [ [ 105.857928, 21.026133 ], [ 105.85792, 21.026131 ], [ 105.8579, 21.026118 ], [ 105.85789, 21.026105 ], [ 105.857886, 21.026081 ] ] } },
{ "type": "Feature", "properties": { "u": 10586767790, "v": 6689595584, "key": 0 }, "geometry": { "type": "LineString", "coordinates": [ [ 105.857736, 21.026245 ], [ 105.857794, 21.026259 ] ] } },
{ "type": "Feature", "properties": { "u": 10586767790, "v": 10586767753, "key": 0 }, "geometry": { "type": "LineString", "coordinates": [ [ 105.857736, 21.026245 ], [ 105.857735, 21.026236 ], [ 105.857725, 21.026221 ], [ 105.857699, 21.026206 ], [ 105.857687, 21.026204 ] ] } },
{ "type": "Feature", "properties": { "u": 10586767790, "v": 11449663848, "key": 0 }, "geometry": { "type": "LineString", "coordinates": [ [ 105.857736, 21.026245 ], [ 105.857738, 21.026259 ], [ 105.857735, 21.026288 ], [ 105.857585, 21.026797 ] ] } },
{ "type": "Feature", "properties": { "u": 10586767791, "v": 6689595584, "key": 0 }, "geometry": { "type": "LineString", "coordinates": [ [ 105.857854, 21.026274 ], [ 105.857794, 21.026259 ] ] } },
{ "type": "Feature", "properties": { "u": 10586767791, "v": 10586767764, "key": 0 }, "geometry": { "type": "LineString", "coordinates": [ [ 105.857854, 21.026274 ], [ 105.857866, 21.026263 ], [ 105.857888, 21.026258 ] ] } },
{ "type": "Feature", "properties": { "u": 10586767791, "v": 10586767786, "key": 0 }, "geometry": { "type": "LineString", "coordinates": [ [ 105.857854, 21.026274 ], [ 105.857849, 21.026278 ], [ 105.857836, 21.026297 ], [ 105.857718, 21.026676 ] ] } },
{ "type": "Feature", "properties": { "u": 10586767807, "v": 6689695902, "key": 0 }, "geometry": { "type": "LineString", "coordinates": [ [ 105.857407, 21.027622 ], [ 105.857367, 21.027611 ] ] } },
{ "type": "Feature", "properties": { "u": 10586767807, "v": 10586767786, "key": 0 }, "geometry": { "type": "LineString", "coordinates": [ [ 105.857407, 21.027622 ], [ 105.857409, 21.027611 ], [ 105.857451, 21.027483 ], [ 105.85766, 21.02686 ], [ 105.857718, 21.026676 ] ] } },
{ "type": "Feature", "properties": { "u": 10586767807, "v": 10586767852, "key": 0 }, "geometry": { "type": "LineString", "coordinates": [ [ 105.857407, 21.027622 ], [ 105.857406, 21.02763 ], [ 105.85741, 21.027643 ], [ 105.857425, 21.027659 ], [ 105.857432, 21.027662 ] ] } },
{ "type": "Feature", "properties": { "u": 10586767808, "v": 6644906348, "key": 0 }, "geometry": { "type": "LineString", "coordinates": [ [ 105.85628, 21.027678 ], [ 105.856286, 21.027633 ] ] } },
{ "type": "Feature", "properties": { "u": 10586767808, "v": 10586767824, "key": 0 }, "geometry": { "type": "LineString", "coordinates": [ [ 105.85628, 21.027678 ], [ 105.8572, 21.02778 ], [ 105.857219, 21.027784 ] ] } },
{ "type": "Feature", "properties": { "u": 10586767808, "v": 11453135192, "key": 0 }, "geometry": { "type": "LineString", "coordinates": [ [ 105.85628, 21.027678 ], [ 105.856232, 21.027687 ], [ 105.856198, 21.027709 ], [ 105.856189, 21.02774 ], [ 105.856187, 21.027773 ], [ 105.856202, 21.027819 ] ] } },
{ "type": "Feature", "properties": { "u": 10586767821, "v": 11453135192, "key": 0 }, "geometry": { "type": "LineString", "coordinates": [ [ 105.856558, 21.028893 ], [ 105.856202, 21.027819 ] ] } },
{ "type": "Feature", "properties": { "u": 10586767821, "v": 6662423008, "key": 0 }, "geometry": { "type": "LineString", "coordinates": [ [ 105.856558, 21.028893 ], [ 105.856494, 21.028894 ] ] } },
{ "type": "Feature", "properties": { "u": 10586767821, "v": 10586767856, "key": 0 }, "geometry": { "type": "LineString", "coordinates": [ [ 105.856558, 21.028893 ], [ 105.856588, 21.028953 ], [ 105.856608, 21.028966 ], [ 105.856635, 21.028974 ], [ 105.856869, 21.029004 ], [ 105.856891, 21.029002 ], [ 105.856907, 21.02899 ], [ 105.856915, 21.028967 ] ] } },
{ "type": "Feature", "properties": { "u": 10586767823, "v": 10586767728, "key": 0 }, "geometry": { "type": "LineString", "coordinates": [ [ 105.85629, 21.027585 ], [ 105.857237, 21.027688 ] ] } },
{ "type": "Feature", "properties": { "u": 10586767823, "v": 6644906348, "key": 0 }, "geometry": { "type": "LineString", "coordinates": [ [ 105.85629, 21.027585 ], [ 105.856286, 21.027633 ] ] } },
{ "type": "Feature", "properties": { "u": 10586767823, "v": 11438626846, "key": 0 }, "geometry": { "type": "LineString", "coordinates": [ [ 105.85629, 21.027585 ], [ 105.856229, 21.02758 ], [ 105.85621, 21.027574 ], [ 105.856194, 21.02756 ], [ 105.856187, 21.027543 ], [ 105.856187, 21.027518 ], [ 105.856192, 21.027412 ] ] } },
{ "type": "Feature", "properties": { "u": 10586767824, "v": 6689695903, "key": 0 }, "geometry": { "type": "LineString", "coordinates": [ [ 105.857219, 21.027784 ], [ 105.857228, 21.027736 ] ] } },
{ "type": "Feature", "properties": { "u": 10586767824, "v": 10586767853, "key": 0 }, "geometry": { "type": "LineString", "coordinates": [ [ 105.857219, 21.027784 ], [ 105.857237, 21.027794 ], [ 105.857243, 21.027807 ] ] } },
{ "type": "Feature", "properties": { "u": 10586767824, "v": 10586767808, "key": 0 }, "geometry": { "type": "LineString", "coordinates": [ [ 105.857219, 21.027784 ], [ 105.8572, 21.02778 ], [ 105.85628, 21.027678 ] ] } },
{ "type": "Feature", "properties": { "u": 10586767825, "v": 6644906349, "key": 0 }, "geometry": { "type": "LineString", "coordinates": [ [ 105.856066, 21.027862 ], [ 105.856132, 21.027842 ] ] } },
{ "type": "Feature", "properties": { "u": 10586767825, "v": 10583987374, "key": 0 }, "geometry": { "type": "LineString", "coordinates": [ [ 105.856066, 21.027862 ], [ 105.856008, 21.027707 ], [ 105.855993, 21.027691 ], [ 105.85597, 21.027685 ], [ 105.855947, 21.027695 ], [ 105.855928, 21.02771 ], [ 105.855896, 21.027774 ] ] } },
{ "type": "Feature", "properties": { "u": 10586767825, "v": 11453135238, "key": 0 }, "geometry": { "type": "LineString", "coordinates": [ [ 105.856066, 21.027862 ], [ 105.856105, 21.027972 ], [ 105.856195, 21.028233 ] ] } },
{ "type": "Feature", "properties": { "u": 10586767832, "v": 6689695904, "key": 0 }, "geometry": { "type": "LineString", "coordinates": [ [ 105.857362, 21.027837 ], [ 105.857306, 21.027823 ] ] } },
{ "type": "Feature", "properties": { "u": 10586767832, "v": 10586767834, "key": 0 }, "geometry": { "type": "LineString", "coordinates": [ [ 105.857362, 21.027837 ], [ 105.857369, 21.027818 ], [ 105.857385, 21.027803 ] ] } },
{ "type": "Feature", "properties": { "u": 10586767832, "v": 10586767850, "key": 0 }, "geometry": { "type": "LineString", "coordinates": [ [ 105.857362, 21.027837 ], [ 105.857035, 21.028851 ], [ 105.857006, 21.028949 ], [ 105.856996, 21.028981 ] ] } },
{ "type": "Feature", "properties": { "u": 10586767834, "v": 6689695905, "key": 0 }, "geometry": { "type": "LineString", "coordinates": [ [ 105.857385, 21.027803 ], [ 105.857411, 21.027726 ] ] } },
{ "type": "Feature", "properties": { "u": 10586767834, "v": 10586767839, "key": 0 }, "geometry": { "type": "LineString", "coordinates": [ [ 105.857385, 21.027803 ], [ 105.857405, 21.027795 ], [ 105.857433, 21.027795 ], [ 105.857967, 21.027929 ], [ 105.857987, 21.027942 ], [ 105.858012, 21.027938 ] ] } },
{ "type": "Feature", "properties": { "u": 10586767834, "v": 10586767832, "key": 0 }, "geometry": { "type": "LineString", "coordinates": [ [ 105.857385, 21.027803 ], [ 105.857369, 21.027818 ], [ 105.857362, 21.027837 ] ] } },
{ "type": "Feature", "properties": { "u": 10586767839, "v": 10586767858, "key": 0 }, "geometry": { "type": "LineString", "coordinates": [ [ 105.858012, 21.027938 ], [ 105.858025, 21.027893 ] ] } },
{ "type": "Feature", "properties": { "u": 10586767839, "v": 10586767859, "key": 0 }, "geometry": { "type": "LineString", "coordinates": [ [ 105.858012, 21.027938 ], [ 105.858118, 21.027973 ] ] } },
{ "type": "Feature", "properties": { "u": 10586767839, "v": 10586767850, "key": 0 }, "geometry": { "type": "LineString", "coordinates": [ [ 105.858012, 21.027938 ], [ 105.857993, 21.028006 ], [ 105.857503, 21.029052 ], [ 105.857494, 21.029063 ], [ 105.857481, 21.029069 ], [ 105.857456, 21.029073 ], [ 105.857049, 21.029028 ], [ 105.857016, 21.029021 ], [ 105.857003, 21.029013 ], [ 105.856997, 21.029004 ], [ 105.856994, 21.028993 ], [ 105.856996, 21.028981 ] ] } },
{ "type": "Feature", "properties": { "u": 10586767839, "v": 10586767834, "key": 0 }, "geometry": { "type": "LineString", "coordinates": [ [ 105.858012, 21.027938 ], [ 105.857987, 21.027942 ], [ 105.857967, 21.027929 ], [ 105.857433, 21.027795 ], [ 105.857405, 21.027795 ], [ 105.857385, 21.027803 ] ] } },
{ "type": "Feature", "properties": { "u": 10586767850, "v": 6600308999, "key": 0 }, "geometry": { "type": "LineString", "coordinates": [ [ 105.856996, 21.028981 ], [ 105.856958, 21.028975 ] ] } },
{ "type": "Feature", "properties": { "u": 10586767850, "v": 10586767832, "key": 0 }, "geometry": { "type": "LineString", "coordinates": [ [ 105.856996, 21.028981 ], [ 105.857006, 21.028949 ], [ 105.857035, 21.028851 ], [ 105.857362, 21.027837 ] ] } },
{ "type": "Feature", "properties": { "u": 10586767850, "v": 10586767839, "key": 0 }, "geometry": { "type": "LineString", "coordinates": [ [ 105.856996, 21.028981 ], [ 105.856994, 21.028993 ], [ 105.856997, 21.029004 ], [ 105.857003, 21.029013 ], [ 105.857016, 21.029021 ], [ 105.857049, 21.029028 ], [ 105.857456, 21.029073 ], [ 105.857481, 21.029069 ], [ 105.857494, 21.029063 ], [ 105.857503, 21.029052 ], [ 105.857993, 21.028006 ], [ 105.858012, 21.027938 ] ] } },
{ "type": "Feature", "properties": { "u": 10586767852, "v": 6689695905, "key": 0 }, "geometry": { "type": "LineString", "coordinates": [ [ 105.857432, 21.027662 ], [ 105.857411, 21.027726 ] ] } },
{ "type": "Feature", "properties": { "u": 10586767852, "v": 10586767807, "key": 0 }, "geometry": { "type": "LineString", "coordinates": [ [ 105.857432, 21.027662 ], [ 105.857425, 21.027659 ], [ 105.85741, 21.027643 ], [ 105.857406, 21.02763 ], [ 105.857407, 21.027622 ] ] } },
{ "type": "Feature", "properties": { "u": 10586767852, "v": 10586767787, "key": 0 }, "geometry": { "type": "LineString", "coordinates": [ [ 105.857432, 21.027662 ], [ 105.857446, 21.027668 ], [ 105.857511, 21.027686 ], [ 105.85768, 21.027729 ] ] } },
{ "type": "Feature", "properties": { "u": 10586767853, "v": 6689695904, "key": 0 }, "geometry": { "type": "LineString", "coordinates": [ [ 105.857243, 21.027807 ], [ 105.857306, 21.027823 ] ] } },
{ "type": "Feature", "properties": { "u": 10586767853, "v": 10586767856, "key": 0 }, "geometry": { "type": "LineString", "coordinates": [ [ 105.857243, 21.027807 ], [ 105.857242, 21.027818 ], [ 105.857217, 21.027906 ], [ 105.856915, 21.028967 ] ] } },
{ "type": "Feature", "properties": { "u": 10586767853, "v": 10586767824, "key": 0 }, "geometry": { "type": "LineString", "coordinates": [ [ 105.857243, 21.027807 ], [ 105.857237, 21.027794 ], [ 105.857219, 21.027784 ] ] } },
{ "type": "Feature", "properties": { "u": 10586767856, "v": 6600308999, "key": 0 }, "geometry": { "type": "LineString", "coordinates": [ [ 105.856915, 21.028967 ], [ 105.856958, 21.028975 ] ] } },
{ "type": "Feature", "properties": { "u": 10586767856, "v": 10586767821, "key": 0 }, "geometry": { "type": "LineString", "coordinates": [ [ 105.856915, 21.028967 ], [ 105.856907, 21.02899 ], [ 105.856891, 21.029002 ], [ 105.856869, 21.029004 ], [ 105.856635, 21.028974 ], [ 105.856608, 21.028966 ], [ 105.856588, 21.028953 ], [ 105.856558, 21.028893 ] ] } },
{ "type": "Feature", "properties": { "u": 10586767856, "v": 10586767853, "key": 0 }, "geometry": { "type": "LineString", "coordinates": [ [ 105.856915, 21.028967 ], [ 105.857217, 21.027906 ], [ 105.857242, 21.027818 ], [ 105.857243, 21.027807 ] ] } },
{ "type": "Feature", "properties": { "u": 10586767857, "v": 10586767858, "key": 0 }, "geometry": { "type": "LineString", "coordinates": [ [ 105.858047, 21.02784 ], [ 105.858025, 21.027893 ] ] } },
{ "type": "Feature", "properties": { "u": 10586767857, "v": 10586767787, "key": 0 }, "geometry": { "type": "LineString", "coordinates": [ [ 105.858047, 21.02784 ], [ 105.858036, 21.02784 ], [ 105.858018, 21.027835 ], [ 105.85768, 21.027729 ] ] } },
{ "type": "Feature", "properties": { "u": 10586767858, "v": 6221789793, "key": 0 }, "geometry": { "type": "LineString", "coordinates": [ [ 105.858025, 21.027893 ], [ 105.857659, 21.027789 ] ] } },
{ "type": "Feature", "properties": { "u": 10586767858, "v": 309597651, "key": 0 }, "geometry": { "type": "LineString", "coordinates": [ [ 105.858025, 21.027893 ], [ 105.858133, 21.027937 ] ] } },
{ "type": "Feature", "properties": { "u": 10586767858, "v": 10586767857, "key": 0 }, "geometry": { "type": "LineString", "coordinates": [ [ 105.858025, 21.027893 ], [ 105.858047, 21.02784 ] ] } },
{ "type": "Feature", "properties": { "u": 10586767858, "v": 10586767839, "key": 0 }, "geometry": { "type": "LineString", "coordinates": [ [ 105.858025, 21.027893 ], [ 105.858012, 21.027938 ] ] } },
{ "type": "Feature", "properties": { "u": 10586767859, "v": 10586767839, "key": 0 }, "geometry": { "type": "LineString", "coordinates": [ [ 105.858118, 21.027973 ], [ 105.858012, 21.027938 ] ] } },
{ "type": "Feature", "properties": { "u": 10586767859, "v": 309597651, "key": 0 }, "geometry": { "type": "LineString", "coordinates": [ [ 105.858118, 21.027973 ], [ 105.858133, 21.027937 ] ] } },
{ "type": "Feature", "properties": { "u": 11011526189, "v": 8773386832, "key": 0 }, "geometry": { "type": "LineString", "coordinates": [ [ 105.85789, 21.030274 ], [ 105.857803, 21.03046 ] ] } },
{ "type": "Feature", "properties": { "u": 11011526189, "v": 8773301650, "key": 0 }, "geometry": { "type": "LineString", "coordinates": [ [ 105.85789, 21.030274 ], [ 105.858085, 21.029856 ], [ 105.858129, 21.02976 ] ] } },
{ "type": "Feature", "properties": { "u": 11112265409, "v": 11112265463, "key": 0 }, "geometry": { "type": "LineString", "coordinates": [ [ 105.846968, 21.024688 ], [ 105.846813, 21.024775 ] ] } },
{ "type": "Feature", "properties": { "u": 11112265409, "v": 11112265465, "key": 0 }, "geometry": { "type": "LineString", "coordinates": [ [ 105.846968, 21.024688 ], [ 105.847182, 21.02468 ] ] } },
{ "type": "Feature", "properties": { "u": 11112265409, "v": 11112265454, "key": 0 }, "geometry": { "type": "LineString", "coordinates": [ [ 105.846968, 21.024688 ], [ 105.84693, 21.024583 ] ] } },
{ "type": "Feature", "properties": { "u": 11112265410, "v": 11112265459, "key": 0 }, "geometry": { "type": "LineString", "coordinates": [ [ 105.847433, 21.024671 ], [ 105.847361, 21.024458 ] ] } },
{ "type": "Feature", "properties": { "u": 11112265410, "v": 9903217937, "key": 0 }, "geometry": { "type": "LineString", "coordinates": [ [ 105.847433, 21.024671 ], [ 105.847548, 21.025008 ] ] } },
{ "type": "Feature", "properties": { "u": 11112265410, "v": 11112265465, "key": 0 }, "geometry": { "type": "LineString", "coordinates": [ [ 105.847433, 21.024671 ], [ 105.847182, 21.02468 ] ] } },
{ "type": "Feature", "properties": { "u": 11112265411, "v": 98012401, "key": 0 }, "geometry": { "type": "LineString", "coordinates": [ [ 105.846866, 21.024403 ], [ 105.846901, 21.024392 ] ] } },
{ "type": "Feature", "properties": { "u": 11112265411, "v": 13108988549, "key": 0 }, "geometry": { "type": "LineString", "coordinates": [ [ 105.846866, 21.024403 ], [ 105.846869, 21.024411 ] ] } },
{ "type": "Feature", "properties": { "u": 11112265412, "v": 8176641055, "key": 0 }, "geometry": { "type": "LineString", "coordinates": [ [ 105.846882, 21.024449 ], [ 105.847289, 21.024327 ] ] } },
{ "type": "Feature", "properties": { "u": 11112265412, "v": 13108988549, "key": 0 }, "geometry": { "type": "LineString", "coordinates": [ [ 105.846882, 21.024449 ], [ 105.846869, 21.024411 ] ] } },
{ "type": "Feature", "properties": { "u": 11112265412, "v": 13108988548, "key": 0 }, "geometry": { "type": "LineString", "coordinates": [ [ 105.846882, 21.024449 ], [ 105.846745, 21.02449 ], [ 105.84671, 21.024501 ] ] } },
{ "type": "Feature", "properties": { "u": 11112265412, "v": 11112265457, "key": 0 }, "geometry": { "type": "LineString", "coordinates": [ [ 105.846882, 21.024449 ], [ 105.846899, 21.024496 ], [ 105.846904, 21.024511 ] ] } },
{ "type": "Feature", "properties": { "u": 11112265414, "v": 11112265454, "key": 0 }, "geometry": { "type": "LineString", "coordinates": [ [ 105.846791, 21.024624 ], [ 105.84693, 21.024583 ] ] } },
{ "type": "Feature", "properties": { "u": 11112265414, "v": 11112265462, "key": 0 }, "geometry": { "type": "LineString", "coordinates": [ [ 105.846791, 21.024624 ], [ 105.846792, 21.024635 ], [ 105.84679, 21.024645 ], [ 105.846784, 21.024654 ], [ 105.846775, 21.024661 ], [ 105.84677, 21.024663 ] ] } },
{ "type": "Feature", "properties": { "u": 11112265414, "v": 11112265460, "key": 0 }, "geometry": { "type": "LineString", "coordinates": [ [ 105.846791, 21.024624 ], [ 105.846787, 21.024614 ], [ 105.846778, 21.024605 ], [ 105.846767, 21.0246 ], [ 105.846754, 21.024598 ], [ 105.846749, 21.024599 ] ] } },
{ "type": "Feature", "properties": { "u": 11112265435, "v": 11112265466, "key": 0 }, "geometry": { "type": "LineString", "coordinates": [ [ 105.847124, 21.024496 ], [ 105.847108, 21.024451 ] ] } },
{ "type": "Feature", "properties": { "u": 11112265435, "v": 11112265458, "key": 0 }, "geometry": { "type": "LineString", "coordinates": [ [ 105.847124, 21.024496 ], [ 105.847136, 21.024493 ], [ 105.847149, 21.024494 ], [ 105.84716, 21.0245 ], [ 105.847168, 21.024508 ], [ 105.847171, 21.024514 ] ] } },
{ "type": "Feature", "properties": { "u": 11112265435, "v": 11112265450, "key": 0 }, "geometry": { "type": "LineString", "coordinates": [ [ 105.847124, 21.024496 ], [ 105.847113, 21.024502 ], [ 105.847105, 21.024511 ], [ 105.847101, 21.024522 ], [ 105.847102, 21.024534 ] ] } },
{ "type": "Feature", "properties": { "u": 11112265450, "v": 11112265454, "key": 0 }, "geometry": { "type": "LineString", "coordinates": [ [ 105.847102, 21.024534 ], [ 105.84693, 21.024583 ] ] } },
{ "type": "Feature", "properties": { "u": 11112265450, "v": 11112265435, "key": 0 }, "geometry": { "type": "LineString", "coordinates": [ [ 105.847102, 21.024534 ], [ 105.847101, 21.024522 ], [ 105.847105, 21.024511 ], [ 105.847113, 21.024502 ], [ 105.847124, 21.024496 ] ] } },
{ "type": "Feature", "properties": { "u": 11112265450, "v": 11112265464, "key": 0 }, "geometry": { "type": "LineString", "coordinates": [ [ 105.847102, 21.024534 ], [ 105.847106, 21.024545 ], [ 105.847115, 21.024554 ], [ 105.847125, 21.024559 ], [ 105.847136, 21.024561 ], [ 105.847142, 21.024561 ] ] } },
{ "type": "Feature", "properties": { "u": 11112265453, "v": 11112265460, "key": 0 }, "geometry": { "type": "LineString", "coordinates": [ [ 105.846723, 21.024645 ], [ 105.84672, 21.024639 ], [ 105.84672, 21.024627 ], [ 105.846724, 21.024616 ], [ 105.846731, 21.024607 ], [ 105.846742, 21.024601 ], [ 105.846749, 21.024599 ] ] } },
{ "type": "Feature", "properties": { "u": 11112265453, "v": 11112265462, "key": 0 }, "geometry": { "type": "LineString", "coordinates": [ [ 105.846723, 21.024645 ], [ 105.846724, 21.02465 ], [ 105.846733, 21.024659 ], [ 105.846743, 21.024664 ], [ 105.846754, 21.024666 ], [ 105.846765, 21.024665 ], [ 105.84677, 21.024663 ] ] } },
{ "type": "Feature", "properties": { "u": 11112265454, "v": 11112265457, "key": 0 }, "geometry": { "type": "LineString", "coordinates": [ [ 105.84693, 21.024583 ], [ 105.846904, 21.024511 ] ] } },
{ "type": "Feature", "properties": { "u": 11112265454, "v": 11112265409, "key": 0 }, "geometry": { "type": "LineString", "coordinates": [ [ 105.84693, 21.024583 ], [ 105.846968, 21.024688 ] ] } },
{ "type": "Feature", "properties": { "u": 11112265454, "v": 11112265414, "key": 0 }, "geometry": { "type": "LineString", "coordinates": [ [ 105.84693, 21.024583 ], [ 105.846791, 21.024624 ] ] } },
{ "type": "Feature", "properties": { "u": 11112265454, "v": 11112265450, "key": 0 }, "geometry": { "type": "LineString", "coordinates": [ [ 105.84693, 21.024583 ], [ 105.847102, 21.024534 ] ] } },
{ "type": "Feature", "properties": { "u": 11112265457, "v": 11112265454, "key": 0 }, "geometry": { "type": "LineString", "coordinates": [ [ 105.846904, 21.024511 ], [ 105.84693, 21.024583 ] ] } },
{ "type": "Feature", "properties": { "u": 11112265457, "v": 11112265466, "key": 0 }, "geometry": { "type": "LineString", "coordinates": [ [ 105.846904, 21.024511 ], [ 105.847108, 21.024451 ] ] } },
{ "type": "Feature", "properties": { "u": 11112265457, "v": 11112265461, "key": 0 }, "geometry": { "type": "LineString", "coordinates": [ [ 105.846904, 21.024511 ], [ 105.846735, 21.02456 ] ] } },
{ "type": "Feature", "properties": { "u": 11112265457, "v": 11112265412, "key": 0 }, "geometry": { "type": "LineString", "coordinates": [ [ 105.846904, 21.024511 ], [ 105.846899, 21.024496 ], [ 105.846882, 21.024449 ] ] } },
{ "type": "Feature", "properties": { "u": 11112265458, "v": 11112265459, "key": 0 }, "geometry": { "type": "LineString", "coordinates": [ [ 105.847171, 21.024514 ], [ 105.847361, 21.024458 ] ] } },
{ "type": "Feature", "properties": { "u": 11112265458, "v": 11112265464, "key": 0 }, "geometry": { "type": "LineString", "coordinates": [ [ 105.847171, 21.024514 ], [ 105.847173, 21.024519 ], [ 105.847174, 21.02453 ], [ 105.847172, 21.02454 ], [ 105.847166, 21.024549 ], [ 105.847157, 21.024556 ], [ 105.847147, 21.02456 ], [ 105.847142, 21.024561 ] ] } },
{ "type": "Feature", "properties": { "u": 11112265458, "v": 11112265435, "key": 0 }, "geometry": { "type": "LineString", "coordinates": [ [ 105.847171, 21.024514 ], [ 105.847168, 21.024508 ], [ 105.84716, 21.0245 ], [ 105.847149, 21.024494 ], [ 105.847136, 21.024493 ], [ 105.847124, 21.024496 ] ] } },
{ "type": "Feature", "properties": { "u": 11112265459, "v": 11112265410, "key": 0 }, "geometry": { "type": "LineString", "coordinates": [ [ 105.847361, 21.024458 ], [ 105.847433, 21.024671 ] ] } },
{ "type": "Feature", "properties": { "u": 11112265459, "v": 11112265458, "key": 0 }, "geometry": { "type": "LineString", "coordinates": [ [ 105.847361, 21.024458 ], [ 105.847171, 21.024514 ] ] } },
{ "type": "Feature", "properties": { "u": 11112265459, "v": 11112265466, "key": 0 }, "geometry": { "type": "LineString", "coordinates": [ [ 105.847361, 21.024458 ], [ 105.847336, 21.024384 ], [ 105.847108, 21.024451 ] ] } },
{ "type": "Feature", "properties": { "u": 11112265460, "v": 11112265461, "key": 0 }, "geometry": { "type": "LineString", "coordinates": [ [ 105.846749, 21.024599 ], [ 105.846735, 21.02456 ] ] } },
{ "type": "Feature", "properties": { "u": 11112265460, "v": 11112265414, "key": 0 }, "geometry": { "type": "LineString", "coordinates": [ [ 105.846749, 21.024599 ], [ 105.846754, 21.024598 ], [ 105.846767, 21.0246 ], [ 105.846778, 21.024605 ], [ 105.846787, 21.024614 ], [ 105.846791, 21.024624 ] ] } },
{ "type": "Feature", "properties": { "u": 11112265460, "v": 11112265453, "key": 0 }, "geometry": { "type": "LineString", "coordinates": [ [ 105.846749, 21.024599 ], [ 105.846742, 21.024601 ], [ 105.846731, 21.024607 ], [ 105.846724, 21.024616 ], [ 105.84672, 21.024627 ], [ 105.84672, 21.024639 ], [ 105.846723, 21.024645 ] ] } },
{ "type": "Feature", "properties": { "u": 11112265461, "v": 11112265457, "key": 0 }, "geometry": { "type": "LineString", "coordinates": [ [ 105.846735, 21.02456 ], [ 105.846904, 21.024511 ] ] } },
{ "type": "Feature", "properties": { "u": 11112265461, "v": 11112265460, "key": 0 }, "geometry": { "type": "LineString", "coordinates": [ [ 105.846735, 21.02456 ], [ 105.846749, 21.024599 ] ] } },
{ "type": "Feature", "properties": { "u": 11112265462, "v": 11112265463, "key": 0 }, "geometry": { "type": "LineString", "coordinates": [ [ 105.84677, 21.024663 ], [ 105.846813, 21.024775 ] ] } },
{ "type": "Feature", "properties": { "u": 11112265462, "v": 11112265453, "key": 0 }, "geometry": { "type": "LineString", "coordinates": [ [ 105.84677, 21.024663 ], [ 105.846765, 21.024665 ], [ 105.846754, 21.024666 ], [ 105.846743, 21.024664 ], [ 105.846733, 21.024659 ], [ 105.846724, 21.02465 ], [ 105.846723, 21.024645 ] ] } },
{ "type": "Feature", "properties": { "u": 11112265462, "v": 11112265414, "key": 0 }, "geometry": { "type": "LineString", "coordinates": [ [ 105.84677, 21.024663 ], [ 105.846775, 21.024661 ], [ 105.846784, 21.024654 ], [ 105.84679, 21.024645 ], [ 105.846792, 21.024635 ], [ 105.846791, 21.024624 ] ] } },
{ "type": "Feature", "properties": { "u": 11112265463, "v": 11112265409, "key": 0 }, "geometry": { "type": "LineString", "coordinates": [ [ 105.846813, 21.024775 ], [ 105.846968, 21.024688 ] ] } },
{ "type": "Feature", "properties": { "u": 11112265463, "v": 11112265462, "key": 0 }, "geometry": { "type": "LineString", "coordinates": [ [ 105.846813, 21.024775 ], [ 105.84677, 21.024663 ] ] } },
{ "type": "Feature", "properties": { "u": 11112265464, "v": 11112265465, "key": 0 }, "geometry": { "type": "LineString", "coordinates": [ [ 105.847142, 21.024561 ], [ 105.847182, 21.02468 ] ] } },
{ "type": "Feature", "properties": { "u": 11112265464, "v": 11112265450, "key": 0 }, "geometry": { "type": "LineString", "coordinates": [ [ 105.847142, 21.024561 ], [ 105.847136, 21.024561 ], [ 105.847125, 21.024559 ], [ 105.847115, 21.024554 ], [ 105.847106, 21.024545 ], [ 105.847102, 21.024534 ] ] } },
{ "type": "Feature", "properties": { "u": 11112265464, "v": 11112265458, "key": 0 }, "geometry": { "type": "LineString", "coordinates": [ [ 105.847142, 21.024561 ], [ 105.847147, 21.02456 ], [ 105.847157, 21.024556 ], [ 105.847166, 21.024549 ], [ 105.847172, 21.02454 ], [ 105.847174, 21.02453 ], [ 105.847173, 21.024519 ], [ 105.847171, 21.024514 ] ] } },
{ "type": "Feature", "properties": { "u": 11112265465, "v": 11112265410, "key": 0 }, "geometry": { "type": "LineString", "coordinates": [ [ 105.847182, 21.02468 ], [ 105.847433, 21.024671 ] ] } },
{ "type": "Feature", "properties": { "u": 11112265465, "v": 11112265409, "key": 0 }, "geometry": { "type": "LineString", "coordinates": [ [ 105.847182, 21.02468 ], [ 105.846968, 21.024688 ] ] } },
{ "type": "Feature", "properties": { "u": 11112265465, "v": 11112265464, "key": 0 }, "geometry": { "type": "LineString", "coordinates": [ [ 105.847182, 21.02468 ], [ 105.847142, 21.024561 ] ] } },
{ "type": "Feature", "properties": { "u": 11112265466, "v": 11112265457, "key": 0 }, "geometry": { "type": "LineString", "coordinates": [ [ 105.847108, 21.024451 ], [ 105.846904, 21.024511 ] ] } },
{ "type": "Feature", "properties": { "u": 11112265466, "v": 11112265435, "key": 0 }, "geometry": { "type": "LineString", "coordinates": [ [ 105.847108, 21.024451 ], [ 105.847124, 21.024496 ] ] } },
{ "type": "Feature", "properties": { "u": 11112265466, "v": 11112265459, "key": 0 }, "geometry": { "type": "LineString", "coordinates": [ [ 105.847108, 21.024451 ], [ 105.847336, 21.024384 ], [ 105.847361, 21.024458 ] ] } },
{ "type": "Feature", "properties": { "u": 11163896863, "v": 5857305437, "key": 0 }, "geometry": { "type": "LineString", "coordinates": [ [ 105.853152, 21.025711 ], [ 105.853206, 21.025699 ], [ 105.853267, 21.025679 ] ] } },
{ "type": "Feature", "properties": { "u": 11163896863, "v": 5857305450, "key": 0 }, "geometry": { "type": "LineString", "coordinates": [ [ 105.853152, 21.025711 ], [ 105.853135, 21.025692 ], [ 105.853107, 21.025676 ], [ 105.853068, 21.025661 ] ] } },
{ "type": "Feature", "properties": { "u": 11163896863, "v": 11323279183, "key": 0 }, "geometry": { "type": "LineString", "coordinates": [ [ 105.853152, 21.025711 ], [ 105.853165, 21.025732 ], [ 105.853173, 21.025752 ], [ 105.853179, 21.025778 ] ] } },
{ "type": "Feature", "properties": { "u": 11169867121, "v": 9975258337, "key": 0 }, "geometry": { "type": "LineString", "coordinates": [ [ 105.847641, 21.025278 ], [ 105.847584, 21.025114 ] ] } },
{ "type": "Feature", "properties": { "u": 11169867121, "v": 9903217941, "key": 0 }, "geometry": { "type": "LineString", "coordinates": [ [ 105.847641, 21.025278 ], [ 105.847746, 21.025581 ] ] } },
{ "type": "Feature", "properties": { "u": 11169867121, "v": 11169867129, "key": 0 }, "geometry": { "type": "LineString", "coordinates": [ [ 105.847641, 21.025278 ], [ 105.847714, 21.025253 ], [ 105.847756, 21.025226 ], [ 105.847773, 21.025199 ], [ 105.847774, 21.025165 ], [ 105.847764, 21.025137 ], [ 105.847741, 21.02512 ], [ 105.847712, 21.02511 ], [ 105.847666, 21.025122 ] ] } },
{ "type": "Feature", "properties": { "u": 11169867129, "v": 11169867121, "key": 0 }, "geometry": { "type": "LineString", "coordinates": [ [ 105.847666, 21.025122 ], [ 105.847712, 21.02511 ], [ 105.847741, 21.02512 ], [ 105.847764, 21.025137 ], [ 105.847774, 21.025165 ], [ 105.847773, 21.025199 ], [ 105.847756, 21.025226 ], [ 105.847714, 21.025253 ], [ 105.847641, 21.025278 ] ] } },
{ "type": "Feature", "properties": { "u": 11197639570, "v": 11201427648, "key": 0 }, "geometry": { "type": "LineString", "coordinates": [ [ 105.849518, 21.029001 ], [ 105.849464, 21.02913 ] ] } },
{ "type": "Feature", "properties": { "u": 11197639570, "v": 7171121007, "key": 0 }, "geometry": { "type": "LineString", "coordinates": [ [ 105.849518, 21.029001 ], [ 105.849466, 21.028972 ], [ 105.849417, 21.028946 ] ] } },
{ "type": "Feature", "properties": { "u": 11201427648, "v": 322505330, "key": 0 }, "geometry": { "type": "LineString", "coordinates": [ [ 105.849464, 21.02913 ], [ 105.849442, 21.02918 ] ] } },
{ "type": "Feature", "properties": { "u": 11201427648, "v": 12404456169, "key": 0 }, "geometry": { "type": "LineString", "coordinates": [ [ 105.849464, 21.02913 ], [ 105.849403, 21.0291 ], [ 105.84919, 21.028986 ] ] } },
{ "type": "Feature", "properties": { "u": 11217220360, "v": 11435116364, "key": 0 }, "geometry": { "type": "LineString", "coordinates": [ [ 105.853732, 21.027367 ], [ 105.854359, 21.027279 ] ] } },
{ "type": "Feature", "properties": { "u": 11217220360, "v": 11217220363, "key": 0 }, "geometry": { "type": "LineString", "coordinates": [ [ 105.853732, 21.027367 ], [ 105.853729, 21.027347 ], [ 105.853723, 21.02731 ] ] } },
{ "type": "Feature", "properties": { "u": 11217220360, "v": 11435116389, "key": 0 }, "geometry": { "type": "LineString", "coordinates": [ [ 105.853732, 21.027367 ], [ 105.853697, 21.027372 ], [ 105.853688, 21.02738 ], [ 105.853683, 21.027392 ], [ 105.853685, 21.027408 ], [ 105.853698, 21.027503 ] ] } },
{ "type": "Feature", "properties": { "u": 11217220360, "v": 11435116390, "key": 0 }, "geometry": { "type": "LineString", "coordinates": [ [ 105.853732, 21.027367 ], [ 105.853802, 21.027427 ], [ 105.853812, 21.027489 ] ] } },
{ "type": "Feature", "properties": { "u": 11217220362, "v": 8184606210, "key": 0 }, "geometry": { "type": "LineString", "coordinates": [ [ 105.853717, 21.02727 ], [ 105.85478, 21.027115 ] ] } },
{ "type": "Feature", "properties": { "u": 11217220362, "v": 11217220363, "key": 0 }, "geometry": { "type": "LineString", "coordinates": [ [ 105.853717, 21.02727 ], [ 105.853723, 21.02731 ] ] } },
{ "type": "Feature", "properties": { "u": 11217220362, "v": 8184606209, "key": 0 }, "geometry": { "type": "LineString", "coordinates": [ [ 105.853717, 21.02727 ], [ 105.853682, 21.027275 ], [ 105.85366, 21.027267 ], [ 105.853649, 21.027246 ], [ 105.853645, 21.027219 ], [ 105.853619, 21.027044 ] ] } },
{ "type": "Feature", "properties": { "u": 11217220363, "v": 309597635, "key": 0 }, "geometry": { "type": "LineString", "coordinates": [ [ 105.853723, 21.02731 ], [ 105.853563, 21.027331 ] ] } },
{ "type": "Feature", "properties": { "u": 11217220363, "v": 11217220362, "key": 0 }, "geometry": { "type": "LineString", "coordinates": [ [ 105.853723, 21.02731 ], [ 105.853717, 21.02727 ] ] } },
{ "type": "Feature", "properties": { "u": 11217220363, "v": 11217220360, "key": 0 }, "geometry": { "type": "LineString", "coordinates": [ [ 105.853723, 21.02731 ], [ 105.853729, 21.027347 ], [ 105.853732, 21.027367 ] ] } },
{ "type": "Feature", "properties": { "u": 11217220366, "v": 11435116643, "key": 0 }, "geometry": { "type": "LineString", "coordinates": [ [ 105.855773, 21.027552 ], [ 105.855577, 21.027578 ] ] } },
{ "type": "Feature", "properties": { "u": 11217220366, "v": 6644906350, "key": 0 }, "geometry": { "type": "LineString", "coordinates": [ [ 105.855773, 21.027552 ], [ 105.855775, 21.027569 ], [ 105.855779, 21.027606 ] ] } },
{ "type": "Feature", "properties": { "u": 11217220366, "v": 11435116599, "key": 0 }, "geometry": { "type": "LineString", "coordinates": [ [ 105.855773, 21.027552 ], [ 105.855794, 21.027546 ], [ 105.855805, 21.027537 ], [ 105.855805, 21.027521 ], [ 105.855781, 21.02732 ] ] } },
{ "type": "Feature", "properties": { "u": 11217220367, "v": 9966237375, "key": 0 }, "geometry": { "type": "LineString", "coordinates": [ [ 105.853811, 21.027868 ], [ 105.854282, 21.027805 ] ] } },
{ "type": "Feature", "properties": { "u": 11217220367, "v": 9966237349, "key": 0 }, "geometry": { "type": "LineString", "coordinates": [ [ 105.853811, 21.027868 ], [ 105.853818, 21.027912 ] ] } },
{ "type": "Feature", "properties": { "u": 11217220367, "v": 9966237354, "key": 0 }, "geometry": { "type": "LineString", "coordinates": [ [ 105.853811, 21.027868 ], [ 105.853806, 21.027836 ], [ 105.853803, 21.027817 ] ] } },
{ "type": "Feature", "properties": { "u": 11224700071, "v": 5704289423, "key": 0 }, "geometry": { "type": "LineString", "coordinates": [ [ 105.848698, 21.023901 ], [ 105.84868, 21.023847 ] ] } },
{ "type": "Feature", "properties": { "u": 11224700071, "v": 8176640984, "key": 0 }, "geometry": { "type": "LineString", "coordinates": [ [ 105.848698, 21.023901 ], [ 105.848471, 21.023969 ] ] } },
{ "type": "Feature", "properties": { "u": 11224700071, "v": 8176641063, "key": 0 }, "geometry": { "type": "LineString", "coordinates": [ [ 105.848698, 21.023901 ], [ 105.849036, 21.023799 ] ] } },
{ "type": "Feature", "properties": { "u": 11304265491, "v": 963611926, "key": 0 }, "geometry": { "type": "LineString", "coordinates": [ [ 105.85369, 21.028803 ], [ 105.85368, 21.028735 ] ] } },
{ "type": "Feature", "properties": { "u": 11304265491, "v": 11304265586, "key": 0 }, "geometry": { "type": "LineString", "coordinates": [ [ 105.85369, 21.028803 ], [ 105.853562, 21.028879 ] ] } },
{ "type": "Feature", "properties": { "u": 11304265491, "v": 11304898075, "key": 0 }, "geometry": { "type": "LineString", "coordinates": [ [ 105.85369, 21.028803 ], [ 105.853717, 21.028985 ], [ 105.853728, 21.029041 ] ] } },
{ "type": "Feature", "properties": { "u": 11304265493, "v": 11305152242, "key": 0 }, "geometry": { "type": "LineString", "coordinates": [ [ 105.853556, 21.027949 ], [ 105.853577, 21.028082 ] ] } },
{ "type": "Feature", "properties": { "u": 11304265493, "v": 11305152252, "key": 0 }, "geometry": { "type": "LineString", "coordinates": [ [ 105.853556, 21.027949 ], [ 105.853463, 21.027961 ] ] } },
{ "type": "Feature", "properties": { "u": 11304265493, "v": 5857305441, "key": 0 }, "geometry": { "type": "LineString", "coordinates": [ [ 105.853556, 21.027949 ], [ 105.853544, 21.027876 ], [ 105.85353, 21.027788 ], [ 105.853518, 21.027709 ], [ 105.853505, 21.027632 ] ] } },
{ "type": "Feature", "properties": { "u": 11304265507, "v": 11304265568, "key": 0 }, "geometry": { "type": "LineString", "coordinates": [ [ 105.853259, 21.026184 ], [ 105.85318, 21.026171 ] ] } },
{ "type": "Feature", "properties": { "u": 11304265507, "v": 11323279183, "key": 0 }, "geometry": { "type": "LineString", "coordinates": [ [ 105.853259, 21.026184 ], [ 105.853258, 21.026175 ], [ 105.85325, 21.026102 ], [ 105.853219, 21.025971 ], [ 105.853192, 21.025839 ], [ 105.85318, 21.025786 ], [ 105.853179, 21.025778 ] ] } },
{ "type": "Feature", "properties": { "u": 11304265507, "v": 11304265665, "key": 0 }, "geometry": { "type": "LineString", "coordinates": [ [ 105.853259, 21.026184 ], [ 105.853265, 21.026263 ], [ 105.853277, 21.026343 ] ] } },
{ "type": "Feature", "properties": { "u": 11304265526, "v": 11306485230, "key": 0 }, "geometry": { "type": "LineString", "coordinates": [ [ 105.851517, 21.029197 ], [ 105.851449, 21.029188 ] ] } },
{ "type": "Feature", "properties": { "u": 11304265526, "v": 11306485238, "key": 0 }, "geometry": { "type": "LineString", "coordinates": [ [ 105.851517, 21.029197 ], [ 105.85152, 21.029076 ], [ 105.851519, 21.028958 ], [ 105.851518, 21.028936 ] ] } },
{ "type": "Feature", "properties": { "u": 11304265526, "v": 11304265577, "key": 0 }, "geometry": { "type": "LineString", "coordinates": [ [ 105.851517, 21.029197 ], [ 105.851499, 21.029308 ], [ 105.851467, 21.029476 ] ] } },
{ "type": "Feature", "properties": { "u": 11304265534, "v": 11307716872, "key": 0 }, "geometry": { "type": "LineString", "coordinates": [ [ 105.851452, 21.028079 ], [ 105.851423, 21.028072 ] ] } },
{ "type": "Feature", "properties": { "u": 11304265534, "v": 11307716862, "key": 0 }, "geometry": { "type": "LineString", "coordinates": [ [ 105.851452, 21.028079 ], [ 105.851479, 21.027975 ], [ 105.851515, 21.027766 ], [ 105.851538, 21.027619 ] ] } },
{ "type": "Feature", "properties": { "u": 11304265534, "v": 11308870523, "key": 0 }, "geometry": { "type": "LineString", "coordinates": [ [ 105.851452, 21.028079 ], [ 105.851446, 21.028104 ], [ 105.85144, 21.028164 ], [ 105.851441, 21.028215 ], [ 105.851445, 21.028279 ], [ 105.851448, 21.028311 ] ] } },
{ "type": "Feature", "properties": { "u": 11304265553, "v": 11307444243, "key": 0 }, "geometry": { "type": "LineString", "coordinates": [ [ 105.852202, 21.026225 ], [ 105.852137, 21.026197 ] ] } },
{ "type": "Feature", "properties": { "u": 11304265553, "v": 11307444224, "key": 0 }, "geometry": { "type": "LineString", "coordinates": [ [ 105.852202, 21.026225 ], [ 105.852265, 21.026203 ], [ 105.852315, 21.026181 ], [ 105.852356, 21.02615 ], [ 105.85238, 21.0261 ], [ 105.852381, 21.026099 ] ] } },
{ "type": "Feature", "properties": { "u": 11304265553, "v": 11307611922, "key": 0 }, "geometry": { "type": "LineString", "coordinates": [ [ 105.852202, 21.026225 ], [ 105.852176, 21.026239 ], [ 105.852164, 21.026247 ], [ 105.852151, 21.026256 ], [ 105.85208, 21.026322 ] ] } },
{ "type": "Feature", "properties": { "u": 11304265559, "v": 11307444196, "key": 0 }, "geometry": { "type": "LineString", "coordinates": [ [ 105.852453, 21.026012 ], [ 105.852432, 21.025953 ] ] } },
{ "type": "Feature", "properties": { "u": 11304265559, "v": 11307444193, "key": 0 }, "geometry": { "type": "LineString", "coordinates": [ [ 105.852453, 21.026012 ], [ 105.852503, 21.025984 ], [ 105.852629, 21.025948 ], [ 105.852682, 21.025941 ] ] } },
{ "type": "Feature", "properties": { "u": 11304265559, "v": 11307444224, "key": 0 }, "geometry": { "type": "LineString", "coordinates": [ [ 105.852453, 21.026012 ], [ 105.852424, 21.026041 ], [ 105.852402, 21.026065 ], [ 105.852381, 21.026099 ] ] } },
{ "type": "Feature", "properties": { "u": 11304265568, "v": 11304265664, "key": 0 }, "geometry": { "type": "LineString", "coordinates": [ [ 105.85318, 21.026171 ], [ 105.853214, 21.026353 ] ] } },
{ "type": "Feature", "properties": { "u": 11304265568, "v": 11304265507, "key": 0 }, "geometry": { "type": "LineString", "coordinates": [ [ 105.85318, 21.026171 ], [ 105.853259, 21.026184 ] ] } },
{ "type": "Feature", "properties": { "u": 11304265568, "v": 11304265657, "key": 0 }, "geometry": { "type": "LineString", "coordinates": [ [ 105.85318, 21.026171 ], [ 105.853177, 21.026153 ], [ 105.853152, 21.026071 ], [ 105.853116, 21.026026 ], [ 105.853038, 21.025979 ], [ 105.853001, 21.025965 ] ] } },
{ "type": "Feature", "properties": { "u": 11304265575, "v": 11304265586, "key": 0 }, "geometry": { "type": "LineString", "coordinates": [ [ 105.853578, 21.028763 ], [ 105.853562, 21.028879 ] ] } },
{ "type": "Feature", "properties": { "u": 11304265575, "v": 11304898111, "key": 0 }, "geometry": { "type": "LineString", "coordinates": [ [ 105.853578, 21.028763 ], [ 105.853575, 21.028729 ], [ 105.853573, 21.0287 ], [ 105.853571, 21.028677 ], [ 105.85354, 21.02848 ], [ 105.853526, 21.028389 ] ] } },
{ "type": "Feature", "properties": { "u": 11304265575, "v": 11323279228, "key": 0 }, "geometry": { "type": "LineString", "coordinates": [ [ 105.853578, 21.028763 ], [ 105.853592, 21.02876 ], [ 105.853598, 21.028752 ], [ 105.853604, 21.028714 ], [ 105.853612, 21.028677 ], [ 105.85362, 21.028656 ], [ 105.853635, 21.028643 ], [ 105.853649, 21.028637 ], [ 105.853663, 21.028632 ] ] } },
{ "type": "Feature", "properties": { "u": 11304265577, "v": 11305178247, "key": 0 }, "geometry": { "type": "LineString", "coordinates": [ [ 105.851467, 21.029476 ], [ 105.851444, 21.029603 ] ] } },
{ "type": "Feature", "properties": { "u": 11304265577, "v": 11305178256, "key": 0 }, "geometry": { "type": "LineString", "coordinates": [ [ 105.851467, 21.029476 ], [ 105.851397, 21.029459 ] ] } },
{ "type": "Feature", "properties": { "u": 11304265577, "v": 11304265526, "key": 0 }, "geometry": { "type": "LineString", "coordinates": [ [ 105.851467, 21.029476 ], [ 105.851499, 21.029308 ], [ 105.851517, 21.029197 ] ] } },
{ "type": "Feature", "properties": { "u": 11304265581, "v": 11305178183, "key": 0 }, "geometry": { "type": "LineString", "coordinates": [ [ 105.851339, 21.030294 ], [ 105.851312, 21.030398 ] ] } },
{ "type": "Feature", "properties": { "u": 11304265581, "v": 11305178217, "key": 0 }, "geometry": { "type": "LineString", "coordinates": [ [ 105.851339, 21.030294 ], [ 105.85134, 21.030289 ], [ 105.851359, 21.030171 ], [ 105.851363, 21.030144 ] ] } },
{ "type": "Feature", "properties": { "u": 11304265581, "v": 11305178211, "key": 0 }, "geometry": { "type": "LineString", "coordinates": [ [ 105.851339, 21.030294 ], [ 105.851323, 21.030308 ], [ 105.851305, 21.030314 ], [ 105.851287, 21.030313 ], [ 105.851198, 21.030295 ] ] } },
{ "type": "Feature", "properties": { "u": 11304265585, "v": 11305178169, "key": 0 }, "geometry": { "type": "LineString", "coordinates": [ [ 105.85108, 21.030745 ], [ 105.851101, 21.03066 ] ] } },
{ "type": "Feature", "properties": { "u": 11304265585, "v": 11304265613, "key": 0 }, "geometry": { "type": "LineString", "coordinates": [ [ 105.85108, 21.030745 ], [ 105.851044, 21.030888 ], [ 105.85102, 21.030978 ], [ 105.85102, 21.031066 ], [ 105.85103, 21.031151 ], [ 105.851051, 21.031247 ], [ 105.851084, 21.031325 ], [ 105.851122, 21.031392 ], [ 105.851188, 21.031475 ], [ 105.851354, 21.031644 ] ] } },
{ "type": "Feature", "properties": { "u": 11304265585, "v": 11305178170, "key": 0 }, "geometry": { "type": "LineString", "coordinates": [ [ 105.85108, 21.030745 ], [ 105.851207, 21.03077 ], [ 105.85123, 21.030686 ] ] } },
{ "type": "Feature", "properties": { "u": 11304265586, "v": 11304265575, "key": 0 }, "geometry": { "type": "LineString", "coordinates": [ [ 105.853562, 21.028879 ], [ 105.853578, 21.028763 ] ] } },
{ "type": "Feature", "properties": { "u": 11304265586, "v": 11304265491, "key": 0 }, "geometry": { "type": "LineString", "coordinates": [ [ 105.853562, 21.028879 ], [ 105.85369, 21.028803 ] ] } },
{ "type": "Feature", "properties": { "u": 11304265586, "v": 11304898069, "key": 0 }, "geometry": { "type": "LineString", "coordinates": [ [ 105.853562, 21.028879 ], [ 105.853537, 21.028983 ], [ 105.853524, 21.029038 ], [ 105.853513, 21.029083 ] ] } },
{ "type": "Feature", "properties": { "u": 11304265613, "v": 11314900771, "key": 0 }, "geometry": { "type": "LineString", "coordinates": [ [ 105.851354, 21.031644 ], [ 105.851383, 21.031677 ] ] } },
{ "type": "Feature", "properties": { "u": 11304265613, "v": 11304265585, "key": 0 }, "geometry": { "type": "LineString", "coordinates": [ [ 105.851354, 21.031644 ], [ 105.851188, 21.031475 ], [ 105.851122, 21.031392 ], [ 105.851084, 21.031325 ], [ 105.851051, 21.031247 ], [ 105.85103, 21.031151 ], [ 105.85102, 21.031066 ], [ 105.85102, 21.030978 ], [ 105.851044, 21.030888 ], [ 105.85108, 21.030745 ] ] } },
{ "type": "Feature", "properties": { "u": 11304265613, "v": 11304890244, "key": 0 }, "geometry": { "type": "LineString", "coordinates": [ [ 105.851354, 21.031644 ], [ 105.851433, 21.031574 ], [ 105.851458, 21.031597 ], [ 105.851503, 21.031624 ], [ 105.851548, 21.031641 ], [ 105.851609, 21.031657 ], [ 105.851632, 21.031658 ] ] } },
{ "type": "Feature", "properties": { "u": 11304265637, "v": 11304570768, "key": 0 }, "geometry": { "type": "LineString", "coordinates": [ [ 105.853061, 21.030749 ], [ 105.853063, 21.030805 ] ] } },
{ "type": "Feature", "properties": { "u": 11304265637, "v": 11304265684, "key": 0 }, "geometry": { "type": "LineString", "coordinates": [ [ 105.853061, 21.030749 ], [ 105.853056, 21.030697 ] ] } },
{ "type": "Feature", "properties": { "u": 11304265637, "v": 1893253440, "key": 0 }, "geometry": { "type": "LineString", "coordinates": [ [ 105.853061, 21.030749 ], [ 105.853045, 21.03075 ], [ 105.85304, 21.03075 ], [ 105.853004, 21.030749 ], [ 105.852596, 21.030788 ] ] } },
{ "type": "Feature", "properties": { "u": 11304265637, "v": 5405026115, "key": 0 }, "geometry": { "type": "LineString", "coordinates": [ [ 105.853061, 21.030749 ], [ 105.853071, 21.030749 ], [ 105.853502, 21.030729 ], [ 105.853548, 21.030726 ] ] } },
{ "type": "Feature", "properties": { "u": 11304265639, "v": 5857305450, "key": 0 }, "geometry": { "type": "LineString", "coordinates": [ [ 105.853058, 21.025706 ], [ 105.853068, 21.025661 ] ] } },
{ "type": "Feature", "properties": { "u": 11304265639, "v": 11304265650, "key": 0 }, "geometry": { "type": "LineString", "coordinates": [ [ 105.853058, 21.025706 ], [ 105.853027, 21.025694 ], [ 105.852993, 21.025693 ], [ 105.852962, 21.025703 ], [ 105.852935, 21.025723 ], [ 105.852918, 21.025749 ], [ 105.85291, 21.02578 ] ] } },
{ "type": "Feature", "properties": { "u": 11304265639, "v": 11304265655, "key": 0 }, "geometry": { "type": "LineString", "coordinates": [ [ 105.853058, 21.025706 ], [ 105.853083, 21.025727 ], [ 105.853098, 21.025751 ], [ 105.853104, 21.025779 ] ] } },
{ "type": "Feature", "properties": { "u": 11304265645, "v": 11304265657, "key": 0 }, "geometry": { "type": "LineString", "coordinates": [ [ 105.853011, 21.025873 ], [ 105.853001, 21.025965 ] ] } },
{ "type": "Feature", "properties": { "u": 11304265645, "v": 11304265655, "key": 0 }, "geometry": { "type": "LineString", "coordinates": [ [ 105.853011, 21.025873 ], [ 105.853041, 21.025868 ], [ 105.853067, 21.025854 ], [ 105.853088, 21.025833 ], [ 105.853101, 21.025807 ], [ 105.853102, 21.025797 ], [ 105.853104, 21.025779 ] ] } },
{ "type": "Feature", "properties": { "u": 11304265645, "v": 11304265650, "key": 0 }, "geometry": { "type": "LineString", "coordinates": [ [ 105.853011, 21.025873 ], [ 105.852981, 21.02587 ], [ 105.852953, 21.025858 ], [ 105.852931, 21.025838 ], [ 105.852915, 21.025811 ], [ 105.85291, 21.02578 ] ] } },
{ "type": "Feature", "properties": { "u": 11304265650, "v": 11307444328, "key": 0 }, "geometry": { "type": "LineString", "coordinates": [ [ 105.85291, 21.02578 ], [ 105.852833, 21.025781 ] ] } },
{ "type": "Feature", "properties": { "u": 11304265650, "v": 11304265645, "key": 0 }, "geometry": { "type": "LineString", "coordinates": [ [ 105.85291, 21.02578 ], [ 105.852915, 21.025811 ], [ 105.852931, 21.025838 ], [ 105.852953, 21.025858 ], [ 105.852981, 21.02587 ], [ 105.853011, 21.025873 ] ] } },
{ "type": "Feature", "properties": { "u": 11304265650, "v": 11304265639, "key": 0 }, "geometry": { "type": "LineString", "coordinates": [ [ 105.85291, 21.02578 ], [ 105.852918, 21.025749 ], [ 105.852935, 21.025723 ], [ 105.852962, 21.025703 ], [ 105.852993, 21.025693 ], [ 105.853027, 21.025694 ], [ 105.853058, 21.025706 ] ] } },
{ "type": "Feature", "properties": { "u": 11304265655, "v": 11323279183, "key": 0 }, "geometry": { "type": "LineString", "coordinates": [ [ 105.853104, 21.025779 ], [ 105.853179, 21.025778 ] ] } },
{ "type": "Feature", "properties": { "u": 11304265655, "v": 11304265639, "key": 0 }, "geometry": { "type": "LineString", "coordinates": [ [ 105.853104, 21.025779 ], [ 105.853098, 21.025751 ], [ 105.853083, 21.025727 ], [ 105.853058, 21.025706 ] ] } },
{ "type": "Feature", "properties": { "u": 11304265655, "v": 11304265645, "key": 0 }, "geometry": { "type": "LineString", "coordinates": [ [ 105.853104, 21.025779 ], [ 105.853102, 21.025797 ], [ 105.853101, 21.025807 ], [ 105.853088, 21.025833 ], [ 105.853067, 21.025854 ], [ 105.853041, 21.025868 ], [ 105.853011, 21.025873 ] ] } },
{ "type": "Feature", "properties": { "u": 11304265657, "v": 11304265645, "key": 0 }, "geometry": { "type": "LineString", "coordinates": [ [ 105.853001, 21.025965 ], [ 105.853011, 21.025873 ] ] } },
{ "type": "Feature", "properties": { "u": 11304265657, "v": 11304265568, "key": 0 }, "geometry": { "type": "LineString", "coordinates": [ [ 105.853001, 21.025965 ], [ 105.853038, 21.025979 ], [ 105.853116, 21.026026 ], [ 105.853152, 21.026071 ], [ 105.853177, 21.026153 ], [ 105.85318, 21.026171 ] ] } },
{ "type": "Feature", "properties": { "u": 11304265657, "v": 11307444327, "key": 0 }, "geometry": { "type": "LineString", "coordinates": [ [ 105.853001, 21.025965 ], [ 105.852963, 21.025951 ], [ 105.85286, 21.025933 ], [ 105.852848, 21.025933 ], [ 105.852821, 21.025933 ] ] } },
{ "type": "Feature", "properties": { "u": 11304265664, "v": 11304265568, "key": 0 }, "geometry": { "type": "LineString", "coordinates": [ [ 105.853214, 21.026353 ], [ 105.85318, 21.026171 ] ] } },
{ "type": "Feature", "properties": { "u": 11304265664, "v": 11304265665, "key": 0 }, "geometry": { "type": "LineString", "coordinates": [ [ 105.853214, 21.026353 ], [ 105.853277, 21.026343 ] ] } },
{ "type": "Feature", "properties": { "u": 11304265664, "v": 11304265666, "key": 0 }, "geometry": { "type": "LineString", "coordinates": [ [ 105.853214, 21.026353 ], [ 105.853214, 21.026356 ], [ 105.853258, 21.026663 ] ] } },
{ "type": "Feature", "properties": { "u": 11304265665, "v": 11304265664, "key": 0 }, "geometry": { "type": "LineString", "coordinates": [ [ 105.853277, 21.026343 ], [ 105.853214, 21.026353 ] ] } },
{ "type": "Feature", "properties": { "u": 11304265665, "v": 11304265507, "key": 0 }, "geometry": { "type": "LineString", "coordinates": [ [ 105.853277, 21.026343 ], [ 105.853265, 21.026263 ], [ 105.853259, 21.026184 ] ] } },
{ "type": "Feature", "properties": { "u": 11304265665, "v": 11304265667, "key": 0 }, "geometry": { "type": "LineString", "coordinates": [ [ 105.853277, 21.026343 ], [ 105.853283, 21.026381 ], [ 105.853303, 21.02645 ], [ 105.853344, 21.026653 ] ] } },
{ "type": "Feature", "properties": { "u": 11304265666, "v": 11304265667, "key": 0 }, "geometry": { "type": "LineString", "coordinates": [ [ 105.853258, 21.026663 ], [ 105.853344, 21.026653 ] ] } },
{ "type": "Feature", "properties": { "u": 11304265666, "v": 11323279196, "key": 0 }, "geometry": { "type": "LineString", "coordinates": [ [ 105.853258, 21.026663 ], [ 105.853261, 21.026678 ], [ 105.85329, 21.026874 ] ] } },
{ "type": "Feature", "properties": { "u": 11304265666, "v": 11304265664, "key": 0 }, "geometry": { "type": "LineString", "coordinates": [ [ 105.853258, 21.026663 ], [ 105.853214, 21.026356 ], [ 105.853214, 21.026353 ] ] } },
{ "type": "Feature", "properties": { "u": 11304265667, "v": 10555858429, "key": 0 }, "geometry": { "type": "LineString", "coordinates": [ [ 105.853344, 21.026653 ], [ 105.853352, 21.02669 ] ] } },
{ "type": "Feature", "properties": { "u": 11304265667, "v": 11304265666, "key": 0 }, "geometry": { "type": "LineString", "coordinates": [ [ 105.853344, 21.026653 ], [ 105.853258, 21.026663 ] ] } },
{ "type": "Feature", "properties": { "u": 11304265667, "v": 11304265665, "key": 0 }, "geometry": { "type": "LineString", "coordinates": [ [ 105.853344, 21.026653 ], [ 105.853303, 21.02645 ], [ 105.853283, 21.026381 ], [ 105.853277, 21.026343 ] ] } },
{ "type": "Feature", "properties": { "u": 11304265668, "v": 11304265669, "key": 0 }, "geometry": { "type": "LineString", "coordinates": [ [ 105.853424, 21.027128 ], [ 105.853331, 21.02714 ] ] } },
{ "type": "Feature", "properties": { "u": 11304265668, "v": 11323279195, "key": 0 }, "geometry": { "type": "LineString", "coordinates": [ [ 105.853424, 21.027128 ], [ 105.853403, 21.026994 ], [ 105.853381, 21.026864 ] ] } },
{ "type": "Feature", "properties": { "u": 11304265668, "v": 5857305441, "key": 0 }, "geometry": { "type": "LineString", "coordinates": [ [ 105.853424, 21.027128 ], [ 105.853464, 21.027372 ], [ 105.853476, 21.027445 ], [ 105.853481, 21.027476 ], [ 105.853488, 21.02752 ], [ 105.853505, 21.027632 ] ] } },
{ "type": "Feature", "properties": { "u": 11304265669, "v": 11304265668, "key": 0 }, "geometry": { "type": "LineString", "coordinates": [ [ 105.853331, 21.02714 ], [ 105.853424, 21.027128 ] ] } },
{ "type": "Feature", "properties": { "u": 11304265669, "v": 11305152260, "key": 0 }, "geometry": { "type": "LineString", "coordinates": [ [ 105.853331, 21.02714 ], [ 105.853374, 21.027385 ], [ 105.853387, 21.027458 ], [ 105.8534, 21.027533 ], [ 105.853414, 21.027613 ], [ 105.853418, 21.027644 ] ] } },
{ "type": "Feature", "properties": { "u": 11304265669, "v": 11323279196, "key": 0 }, "geometry": { "type": "LineString", "coordinates": [ [ 105.853331, 21.02714 ], [ 105.853318, 21.027063 ], [ 105.85329, 21.026874 ] ] } },
{ "type": "Feature", "properties": { "u": 11304265670, "v": 11304265700, "key": 0 }, "geometry": { "type": "LineString", "coordinates": [ [ 105.853674, 21.030515 ], [ 105.853705, 21.030462 ], [ 105.853739, 21.03039 ], [ 105.853761, 21.03031 ], [ 105.85377, 21.03022 ], [ 105.853771, 21.030183 ] ] } },
{ "type": "Feature", "properties": { "u": 11304265670, "v": 11304581216, "key": 0 }, "geometry": { "type": "LineString", "coordinates": [ [ 105.853674, 21.030515 ], [ 105.853615, 21.030612 ], [ 105.853591, 21.030654 ], [ 105.853571, 21.030689 ] ] } },
{ "type": "Feature", "properties": { "u": 11304265670, "v": 11304265713, "key": 0 }, "geometry": { "type": "LineString", "coordinates": [ [ 105.853674, 21.030515 ], [ 105.853631, 21.030483 ], [ 105.853622, 21.030479 ] ] } },
{ "type": "Feature", "properties": { "u": 11304265677, "v": 11304265684, "key": 0 }, "geometry": { "type": "LineString", "coordinates": [ [ 105.853362, 21.030511 ], [ 105.85335, 21.030535 ], [ 105.853337, 21.030549 ], [ 105.853311, 21.030579 ], [ 105.853281, 21.030604 ], [ 105.853233, 21.030641 ], [ 105.853188, 21.030662 ], [ 105.853135, 21.030679 ], [ 105.853096, 21.03069 ], [ 105.853056, 21.030697 ] ] } },
{ "type": "Feature", "properties": { "u": 11304265677, "v": 11304570756, "key": 0 }, "geometry": { "type": "LineString", "coordinates": [ [ 105.853362, 21.030511 ], [ 105.853363, 21.030499 ], [ 105.853369, 21.030488 ], [ 105.853378, 21.030479 ], [ 105.85339, 21.030474 ], [ 105.853396, 21.030473 ] ] } },
{ "type": "Feature", "properties": { "u": 11304265677, "v": 11304581192, "key": 0 }, "geometry": { "type": "LineString", "coordinates": [ [ 105.853362, 21.030511 ], [ 105.853365, 21.030523 ], [ 105.853373, 21.030533 ], [ 105.853384, 21.03054 ] ] } },
{ "type": "Feature", "properties": { "u": 11304265684, "v": 11304265637, "key": 0 }, "geometry": { "type": "LineString", "coordinates": [ [ 105.853056, 21.030697 ], [ 105.853061, 21.030749 ] ] } },
{ "type": "Feature", "properties": { "u": 11304265684, "v": 11304581313, "key": 0 }, "geometry": { "type": "LineString", "coordinates": [ [ 105.853056, 21.030697 ], [ 105.853053, 21.030653 ], [ 105.853098, 21.030647 ], [ 105.853136, 21.030641 ], [ 105.853177, 21.030628 ], [ 105.853202, 21.030615 ], [ 105.853229, 21.030594 ], [ 105.853258, 21.030552 ], [ 105.853336, 21.030432 ], [ 105.85336, 21.030376 ], [ 105.853362, 21.030359 ], [ 105.853348, 21.030286 ] ] } },
{ "type": "Feature", "properties": { "u": 11304265684, "v": 11304265677, "key": 0 }, "geometry": { "type": "LineString", "coordinates": [ [ 105.853056, 21.030697 ], [ 105.853096, 21.03069 ], [ 105.853135, 21.030679 ], [ 105.853188, 21.030662 ], [ 105.853233, 21.030641 ], [ 105.853281, 21.030604 ], [ 105.853311, 21.030579 ], [ 105.853337, 21.030549 ], [ 105.85335, 21.030535 ], [ 105.853362, 21.030511 ] ] } },
{ "type": "Feature", "properties": { "u": 11304265693, "v": 11304581313, "key": 0 }, "geometry": { "type": "LineString", "coordinates": [ [ 105.853394, 21.030278 ], [ 105.853348, 21.030286 ] ] } },
{ "type": "Feature", "properties": { "u": 11304265693, "v": 11304265696, "key": 0 }, "geometry": { "type": "LineString", "coordinates": [ [ 105.853394, 21.030278 ], [ 105.853384, 21.03018 ], [ 105.853386, 21.030135 ], [ 105.853391, 21.030109 ] ] } },
{ "type": "Feature", "properties": { "u": 11304265693, "v": 11304570756, "key": 0 }, "geometry": { "type": "LineString", "coordinates": [ [ 105.853394, 21.030278 ], [ 105.853407, 21.030363 ], [ 105.853416, 21.030411 ], [ 105.853416, 21.030435 ], [ 105.853411, 21.030452 ], [ 105.853396, 21.030473 ] ] } },
{ "type": "Feature", "properties": { "u": 11304265696, "v": 11304265693, "key": 0 }, "geometry": { "type": "LineString", "coordinates": [ [ 105.853391, 21.030109 ], [ 105.853386, 21.030135 ], [ 105.853384, 21.03018 ], [ 105.853394, 21.030278 ] ] } },
{ "type": "Feature", "properties": { "u": 11304265696, "v": 11304265699, "key": 0 }, "geometry": { "type": "LineString", "coordinates": [ [ 105.853391, 21.030109 ], [ 105.853405, 21.030102 ], [ 105.853432, 21.030074 ], [ 105.853548, 21.029957 ] ] } },
{ "type": "Feature", "properties": { "u": 11304265696, "v": 11304265723, "key": 0 }, "geometry": { "type": "LineString", "coordinates": [ [ 105.853391, 21.030109 ], [ 105.853371, 21.030084 ], [ 105.853366, 21.030047 ], [ 105.853366, 21.029975 ], [ 105.853385, 21.029834 ] ] } },
{ "type": "Feature", "properties": { "u": 11304265696, "v": 11304265704, "key": 0 }, "geometry": { "type": "LineString", "coordinates": [ [ 105.853391, 21.030109 ], [ 105.85343, 21.030129 ], [ 105.853491, 21.030138 ], [ 105.853537, 21.030143 ], [ 105.853594, 21.030144 ] ] } },
{ "type": "Feature", "properties": { "u": 11304265699, "v": 11304265696, "key": 0 }, "geometry": { "type": "LineString", "coordinates": [ [ 105.853548, 21.029957 ], [ 105.853432, 21.030074 ], [ 105.853405, 21.030102 ], [ 105.853391, 21.030109 ] ] } },
{ "type": "Feature", "properties": { "u": 11304265699, "v": 11304265727, "key": 0 }, "geometry": { "type": "LineString", "coordinates": [ [ 105.853548, 21.029957 ], [ 105.853554, 21.029926 ], [ 105.853561, 21.029913 ] ] } },
{ "type": "Feature", "properties": { "u": 11304265699, "v": 11304265704, "key": 0 }, "geometry": { "type": "LineString", "coordinates": [ [ 105.853548, 21.029957 ], [ 105.853549, 21.030005 ], [ 105.853557, 21.030054 ], [ 105.853571, 21.030099 ], [ 105.853594, 21.030144 ] ] } },
{ "type": "Feature", "properties": { "u": 11304265700, "v": 11304265712, "key": 0 }, "geometry": { "type": "LineString", "coordinates": [ [ 105.853771, 21.030183 ], [ 105.853773, 21.030123 ], [ 105.853763, 21.029784 ] ] } },
{ "type": "Feature", "properties": { "u": 11304265700, "v": 11304265670, "key": 0 }, "geometry": { "type": "LineString", "coordinates": [ [ 105.853771, 21.030183 ], [ 105.85377, 21.03022 ], [ 105.853761, 21.03031 ], [ 105.853739, 21.03039 ], [ 105.853705, 21.030462 ], [ 105.853674, 21.030515 ] ] } },
{ "type": "Feature", "properties": { "u": 11304265700, "v": 11304265719, "key": 0 }, "geometry": { "type": "LineString", "coordinates": [ [ 105.853771, 21.030183 ], [ 105.853714, 21.030188 ], [ 105.853699, 21.030188 ] ] } },
{ "type": "Feature", "properties": { "u": 11304265704, "v": 11304265699, "key": 0 }, "geometry": { "type": "LineString", "coordinates": [ [ 105.853594, 21.030144 ], [ 105.853571, 21.030099 ], [ 105.853557, 21.030054 ], [ 105.853549, 21.030005 ], [ 105.853548, 21.029957 ] ] } },
{ "type": "Feature", "properties": { "u": 11304265704, "v": 11304265719, "key": 0 }, "geometry": { "type": "LineString", "coordinates": [ [ 105.853594, 21.030144 ], [ 105.853629, 21.030168 ], [ 105.853675, 21.030187 ], [ 105.853699, 21.030188 ] ] } },
{ "type": "Feature", "properties": { "u": 11304265704, "v": 11304570763, "key": 0 }, "geometry": { "type": "LineString", "coordinates": [ [ 105.853594, 21.030144 ], [ 105.853589, 21.030229 ], [ 105.853581, 21.030307 ], [ 105.853564, 21.030379 ], [ 105.85354, 21.030449 ] ] } },
{ "type": "Feature", "properties": { "u": 11304265704, "v": 11304265696, "key": 0 }, "geometry": { "type": "LineString", "coordinates": [ [ 105.853594, 21.030144 ], [ 105.853537, 21.030143 ], [ 105.853491, 21.030138 ], [ 105.85343, 21.030129 ], [ 105.853391, 21.030109 ] ] } },
{ "type": "Feature", "properties": { "u": 11304265712, "v": 11304890266, "key": 0 }, "geometry": { "type": "LineString", "coordinates": [ [ 105.853763, 21.029784 ], [ 105.853559, 21.029718 ] ] } },
{ "type": "Feature", "properties": { "u": 11304265712, "v": 11304897929, "key": 0 }, "geometry": { "type": "LineString", "coordinates": [ [ 105.853763, 21.029784 ], [ 105.853761, 21.029673 ], [ 105.853759, 21.029579 ] ] } },
{ "type": "Feature", "properties": { "u": 11304265712, "v": 11304265700, "key": 0 }, "geometry": { "type": "LineString", "coordinates": [ [ 105.853763, 21.029784 ], [ 105.853773, 21.030123 ], [ 105.853771, 21.030183 ] ] } },
{ "type": "Feature", "properties": { "u": 11304265712, "v": 11304265727, "key": 0 }, "geometry": { "type": "LineString", "coordinates": [ [ 105.853763, 21.029784 ], [ 105.853724, 21.029801 ], [ 105.853692, 21.029813 ], [ 105.853652, 21.029831 ], [ 105.853617, 21.029851 ], [ 105.853578, 21.029886 ], [ 105.853561, 21.029913 ] ] } },
{ "type": "Feature", "properties": { "u": 11304265713, "v": 11304570763, "key": 0 }, "geometry": { "type": "LineString", "coordinates": [ [ 105.853622, 21.030479 ], [ 105.853581, 21.030458 ], [ 105.85354, 21.030449 ] ] } },
{ "type": "Feature", "properties": { "u": 11304265713, "v": 11304265670, "key": 0 }, "geometry": { "type": "LineString", "coordinates": [ [ 105.853622, 21.030479 ], [ 105.853631, 21.030483 ], [ 105.853674, 21.030515 ] ] } },
{ "type": "Feature", "properties": { "u": 11304265713, "v": 11304265719, "key": 0 }, "geometry": { "type": "LineString", "coordinates": [ [ 105.853622, 21.030479 ], [ 105.853652, 21.03043 ], [ 105.853679, 21.030376 ], [ 105.853694, 21.030329 ], [ 105.853698, 21.030279 ], [ 105.853701, 21.030226 ], [ 105.853699, 21.030188 ] ] } },
{ "type": "Feature", "properties": { "u": 11304265719, "v": 11304265704, "key": 0 }, "geometry": { "type": "LineString", "coordinates": [ [ 105.853699, 21.030188 ], [ 105.853675, 21.030187 ], [ 105.853629, 21.030168 ], [ 105.853594, 21.030144 ] ] } },
{ "type": "Feature", "properties": { "u": 11304265719, "v": 11304265700, "key": 0 }, "geometry": { "type": "LineString", "coordinates": [ [ 105.853699, 21.030188 ], [ 105.853714, 21.030188 ], [ 105.853771, 21.030183 ] ] } },
{ "type": "Feature", "properties": { "u": 11304265719, "v": 11304265713, "key": 0 }, "geometry": { "type": "LineString", "coordinates": [ [ 105.853699, 21.030188 ], [ 105.853701, 21.030226 ], [ 105.853698, 21.030279 ], [ 105.853694, 21.030329 ], [ 105.853679, 21.030376 ], [ 105.853652, 21.03043 ], [ 105.853622, 21.030479 ] ] } },
{ "type": "Feature", "properties": { "u": 11304265723, "v": 11304265726, "key": 0 }, "geometry": { "type": "LineString", "coordinates": [ [ 105.853385, 21.029834 ], [ 105.853395, 21.029801 ] ] } },
{ "type": "Feature", "properties": { "u": 11304265723, "v": 11304265696, "key": 0 }, "geometry": { "type": "LineString", "coordinates": [ [ 105.853385, 21.029834 ], [ 105.853366, 21.029975 ], [ 105.853366, 21.030047 ], [ 105.853371, 21.030084 ], [ 105.853391, 21.030109 ] ] } },
{ "type": "Feature", "properties": { "u": 11304265723, "v": 11304265727, "key": 0 }, "geometry": { "type": "LineString", "coordinates": [ [ 105.853385, 21.029834 ], [ 105.853519, 21.029894 ], [ 105.853561, 21.029913 ] ] } },
{ "type": "Feature", "properties": { "u": 11304265725, "v": 11304265726, "key": 0 }, "geometry": { "type": "LineString", "coordinates": [ [ 105.853326, 21.029782 ], [ 105.853395, 21.029801 ] ] } },
{ "type": "Feature", "properties": { "u": 11304265725, "v": 11304581313, "key": 0 }, "geometry": { "type": "LineString", "coordinates": [ [ 105.853326, 21.029782 ], [ 105.853304, 21.02987 ], [ 105.853287, 21.029934 ], [ 105.853283, 21.029997 ], [ 105.853285, 21.030048 ], [ 105.853338, 21.030237 ], [ 105.853348, 21.030286 ] ] } },
{ "type": "Feature", "properties": { "u": 11304265725, "v": 11304897932, "key": 0 }, "geometry": { "type": "LineString", "coordinates": [ [ 105.853326, 21.029782 ], [ 105.853336, 21.029745 ], [ 105.853342, 21.029688 ], [ 105.853341, 21.029675 ], [ 105.853339, 21.029571 ], [ 105.853336, 21.029485 ], [ 105.853335, 21.029468 ] ] } },
{ "type": "Feature", "properties": { "u": 11304265726, "v": 11304265723, "key": 0 }, "geometry": { "type": "LineString", "coordinates": [ [ 105.853395, 21.029801 ], [ 105.853385, 21.029834 ] ] } },
{ "type": "Feature", "properties": { "u": 11304265726, "v": 11304265725, "key": 0 }, "geometry": { "type": "LineString", "coordinates": [ [ 105.853395, 21.029801 ], [ 105.853326, 21.029782 ] ] } },
{ "type": "Feature", "properties": { "u": 11304265726, "v": 11304265730, "key": 0 }, "geometry": { "type": "LineString", "coordinates": [ [ 105.853395, 21.029801 ], [ 105.8534, 21.029783 ], [ 105.853409, 21.029752 ], [ 105.85342, 21.029709 ], [ 105.853425, 21.029678 ], [ 105.85343, 21.029643 ], [ 105.853434, 21.029592 ], [ 105.853432, 21.02957 ] ] } },
{ "type": "Feature", "properties": { "u": 11304265727, "v": 11304890266, "key": 0 }, "geometry": { "type": "LineString", "coordinates": [ [ 105.853561, 21.029913 ], [ 105.853559, 21.029718 ] ] } },
{ "type": "Feature", "properties": { "u": 11304265727, "v": 11304265712, "key": 0 }, "geometry": { "type": "LineString", "coordinates": [ [ 105.853561, 21.029913 ], [ 105.853578, 21.029886 ], [ 105.853617, 21.029851 ], [ 105.853652, 21.029831 ], [ 105.853692, 21.029813 ], [ 105.853724, 21.029801 ], [ 105.853763, 21.029784 ] ] } },
{ "type": "Feature", "properties": { "u": 11304265727, "v": 11304265699, "key": 0 }, "geometry": { "type": "LineString", "coordinates": [ [ 105.853561, 21.029913 ], [ 105.853554, 21.029926 ], [ 105.853548, 21.029957 ] ] } },
{ "type": "Feature", "properties": { "u": 11304265727, "v": 11304265723, "key": 0 }, "geometry": { "type": "LineString", "coordinates": [ [ 105.853561, 21.029913 ], [ 105.853519, 21.029894 ], [ 105.853385, 21.029834 ] ] } },
{ "type": "Feature", "properties": { "u": 11304265730, "v": 11304890263, "key": 0 }, "geometry": { "type": "LineString", "coordinates": [ [ 105.853432, 21.02957 ], [ 105.853504, 21.029581 ] ] } },
{ "type": "Feature", "properties": { "u": 11304265730, "v": 11304897869, "key": 0 }, "geometry": { "type": "LineString", "coordinates": [ [ 105.853432, 21.02957 ], [ 105.853424, 21.029506 ], [ 105.85342, 21.029469 ] ] } },
{ "type": "Feature", "properties": { "u": 11304265730, "v": 11304265726, "key": 0 }, "geometry": { "type": "LineString", "coordinates": [ [ 105.853432, 21.02957 ], [ 105.853434, 21.029592 ], [ 105.85343, 21.029643 ], [ 105.853425, 21.029678 ], [ 105.85342, 21.029709 ], [ 105.853409, 21.029752 ], [ 105.8534, 21.029783 ], [ 105.853395, 21.029801 ] ] } },
{ "type": "Feature", "properties": { "u": 11304570756, "v": 11304265693, "key": 0 }, "geometry": { "type": "LineString", "coordinates": [ [ 105.853396, 21.030473 ], [ 105.853411, 21.030452 ], [ 105.853416, 21.030435 ], [ 105.853416, 21.030411 ], [ 105.853407, 21.030363 ], [ 105.853394, 21.030278 ] ] } },
{ "type": "Feature", "properties": { "u": 11304570756, "v": 11304570757, "key": 0 }, "geometry": { "type": "LineString", "coordinates": [ [ 105.853396, 21.030473 ], [ 105.853403, 21.030473 ], [ 105.853409, 21.030474 ] ] } },
{ "type": "Feature", "properties": { "u": 11304570756, "v": 11304265677, "key": 0 }, "geometry": { "type": "LineString", "coordinates": [ [ 105.853396, 21.030473 ], [ 105.85339, 21.030474 ], [ 105.853378, 21.030479 ], [ 105.853369, 21.030488 ], [ 105.853363, 21.030499 ], [ 105.853362, 21.030511 ] ] } },
{ "type": "Feature", "properties": { "u": 11304570757, "v": 11304570763, "key": 0 }, "geometry": { "type": "LineString", "coordinates": [ [ 105.853409, 21.030474 ], [ 105.853423, 21.030463 ], [ 105.853442, 21.030453 ], [ 105.853478, 21.030449 ], [ 105.853511, 21.030448 ], [ 105.853531, 21.030447 ], [ 105.85354, 21.030449 ] ] } },
{ "type": "Feature", "properties": { "u": 11304570757, "v": 11304581192, "key": 0 }, "geometry": { "type": "LineString", "coordinates": [ [ 105.853409, 21.030474 ], [ 105.853414, 21.030475 ], [ 105.853424, 21.030481 ], [ 105.853432, 21.03049 ], [ 105.853436, 21.0305 ], [ 105.853437, 21.030511 ], [ 105.853434, 21.030522 ], [ 105.853428, 21.030531 ], [ 105.853418, 21.030538 ], [ 105.853407, 21.030542 ], [ 105.853395, 21.030543 ], [ 105.853384, 21.03054 ] ] } },
{ "type": "Feature", "properties": { "u": 11304570757, "v": 11304570756, "key": 0 }, "geometry": { "type": "LineString", "coordinates": [ [ 105.853409, 21.030474 ], [ 105.853403, 21.030473 ], [ 105.853396, 21.030473 ] ] } },
{ "type": "Feature", "properties": { "u": 11304570763, "v": 11304570757, "key": 0 }, "geometry": { "type": "LineString", "coordinates": [ [ 105.85354, 21.030449 ], [ 105.853531, 21.030447 ], [ 105.853511, 21.030448 ], [ 105.853478, 21.030449 ], [ 105.853442, 21.030453 ], [ 105.853423, 21.030463 ], [ 105.853409, 21.030474 ] ] } },
{ "type": "Feature", "properties": { "u": 11304570763, "v": 11304265713, "key": 0 }, "geometry": { "type": "LineString", "coordinates": [ [ 105.85354, 21.030449 ], [ 105.853581, 21.030458 ], [ 105.853622, 21.030479 ] ] } },
{ "type": "Feature", "properties": { "u": 11304570763, "v": 11304265704, "key": 0 }, "geometry": { "type": "LineString", "coordinates": [ [ 105.85354, 21.030449 ], [ 105.853564, 21.030379 ], [ 105.853581, 21.030307 ], [ 105.853589, 21.030229 ], [ 105.853594, 21.030144 ] ] } },
{ "type": "Feature", "properties": { "u": 11304570767, "v": 5405026115, "key": 0 }, "geometry": { "type": "LineString", "coordinates": [ [ 105.853509, 21.030793 ], [ 105.853548, 21.030726 ] ] } },
{ "type": "Feature", "properties": { "u": 11304570767, "v": 11304581234, "key": 0 }, "geometry": { "type": "LineString", "coordinates": [ [ 105.853509, 21.030793 ], [ 105.853409, 21.03096 ] ] } },
{ "type": "Feature", "properties": { "u": 11304570767, "v": 11304581245, "key": 0 }, "geometry": { "type": "LineString", "coordinates": [ [ 105.853509, 21.030793 ], [ 105.853479, 21.030786 ], [ 105.853459, 21.030785 ], [ 105.853438, 21.030785 ], [ 105.853296, 21.030793 ] ] } },
{ "type": "Feature", "properties": { "u": 11304570768, "v": 11304265637, "key": 0 }, "geometry": { "type": "LineString", "coordinates": [ [ 105.853063, 21.030805 ], [ 105.853061, 21.030749 ] ] } },
{ "type": "Feature", "properties": { "u": 11304570768, "v": 11304581244, "key": 0 }, "geometry": { "type": "LineString", "coordinates": [ [ 105.853063, 21.030805 ], [ 105.853064, 21.030822 ], [ 105.853109, 21.030841 ], [ 105.853166, 21.030877 ], [ 105.853195, 21.030908 ], [ 105.853215, 21.03094 ], [ 105.853222, 21.030969 ] ] } },
{ "type": "Feature", "properties": { "u": 11304570768, "v": 11304581245, "key": 0 }, "geometry": { "type": "LineString", "coordinates": [ [ 105.853063, 21.030805 ], [ 105.853102, 21.030803 ], [ 105.853257, 21.030795 ], [ 105.853296, 21.030793 ] ] } },
{ "type": "Feature", "properties": { "u": 11304581192, "v": 11304265677, "key": 0 }, "geometry": { "type": "LineString", "coordinates": [ [ 105.853384, 21.03054 ], [ 105.853373, 21.030533 ], [ 105.853365, 21.030523 ], [ 105.853362, 21.030511 ] ] } },
{ "type": "Feature", "properties": { "u": 11304581192, "v": 11304570757, "key": 0 }, "geometry": { "type": "LineString", "coordinates": [ [ 105.853384, 21.03054 ], [ 105.853395, 21.030543 ], [ 105.853407, 21.030542 ], [ 105.853418, 21.030538 ], [ 105.853428, 21.030531 ], [ 105.853434, 21.030522 ], [ 105.853437, 21.030511 ], [ 105.853436, 21.0305 ], [ 105.853432, 21.03049 ], [ 105.853424, 21.030481 ], [ 105.853414, 21.030475 ], [ 105.853409, 21.030474 ] ] } },
{ "type": "Feature", "properties": { "u": 11304581192, "v": 11304581216, "key": 0 }, "geometry": { "type": "LineString", "coordinates": [ [ 105.853384, 21.03054 ], [ 105.853416, 21.030554 ], [ 105.853448, 21.030575 ], [ 105.853479, 21.030614 ], [ 105.853503, 21.030643 ], [ 105.853533, 21.030667 ], [ 105.853571, 21.030689 ] ] } },
{ "type": "Feature", "properties": { "u": 11304581216, "v": 11304265670, "key": 0 }, "geometry": { "type": "LineString", "coordinates": [ [ 105.853571, 21.030689 ], [ 105.853591, 21.030654 ], [ 105.853615, 21.030612 ], [ 105.853674, 21.030515 ] ] } },
{ "type": "Feature", "properties": { "u": 11304581216, "v": 5405026115, "key": 0 }, "geometry": { "type": "LineString", "coordinates": [ [ 105.853571, 21.030689 ], [ 105.853564, 21.030701 ], [ 105.853548, 21.030726 ] ] } },
{ "type": "Feature", "properties": { "u": 11304581216, "v": 11304581192, "key": 0 }, "geometry": { "type": "LineString", "coordinates": [ [ 105.853571, 21.030689 ], [ 105.853533, 21.030667 ], [ 105.853503, 21.030643 ], [ 105.853479, 21.030614 ], [ 105.853448, 21.030575 ], [ 105.853416, 21.030554 ], [ 105.853384, 21.03054 ] ] } },
{ "type": "Feature", "properties": { "u": 11304581234, "v": 11304570767, "key": 0 }, "geometry": { "type": "LineString", "coordinates": [ [ 105.853409, 21.03096 ], [ 105.853509, 21.030793 ] ] } },
{ "type": "Feature", "properties": { "u": 11304581234, "v": 11304581243, "key": 0 }, "geometry": { "type": "LineString", "coordinates": [ [ 105.853409, 21.03096 ], [ 105.853302, 21.030908 ] ] } },
{ "type": "Feature", "properties": { "u": 11304581234, "v": 6324265708, "key": 0 }, "geometry": { "type": "LineString", "coordinates": [ [ 105.853409, 21.03096 ], [ 105.853397, 21.03098 ], [ 105.8533, 21.031149 ] ] } },
{ "type": "Feature", "properties": { "u": 11304581241, "v": 6324265708, "key": 0 }, "geometry": { "type": "LineString", "coordinates": [ [ 105.853189, 21.031098 ], [ 105.8533, 21.031149 ] ] } },
{ "type": "Feature", "properties": { "u": 11304581241, "v": 11304581244, "key": 0 }, "geometry": { "type": "LineString", "coordinates": [ [ 105.853189, 21.031098 ], [ 105.853198, 21.031063 ], [ 105.853213, 21.031013 ], [ 105.853221, 21.03098 ], [ 105.853222, 21.030969 ] ] } },
{ "type": "Feature", "properties": { "u": 11304581241, "v": 11304581249, "key": 0 }, "geometry": { "type": "LineString", "coordinates": [ [ 105.853189, 21.031098 ], [ 105.853186, 21.031116 ], [ 105.853165, 21.03118 ], [ 105.853091, 21.03132 ], [ 105.853061, 21.031369 ] ] } },
{ "type": "Feature", "properties": { "u": 11304581243, "v": 11304581234, "key": 0 }, "geometry": { "type": "LineString", "coordinates": [ [ 105.853302, 21.030908 ], [ 105.853409, 21.03096 ] ] } },
{ "type": "Feature", "properties": { "u": 11304581243, "v": 11304581244, "key": 0 }, "geometry": { "type": "LineString", "coordinates": [ [ 105.853302, 21.030908 ], [ 105.853222, 21.030969 ] ] } },
{ "type": "Feature", "properties": { "u": 11304581243, "v": 11304581245, "key": 0 }, "geometry": { "type": "LineString", "coordinates": [ [ 105.853302, 21.030908 ], [ 105.853296, 21.030793 ] ] } },
{ "type": "Feature", "properties": { "u": 11304581244, "v": 11304581243, "key": 0 }, "geometry": { "type": "LineString", "coordinates": [ [ 105.853222, 21.030969 ], [ 105.853302, 21.030908 ] ] } },
{ "type": "Feature", "properties": { "u": 11304581244, "v": 11304570768, "key": 0 }, "geometry": { "type": "LineString", "coordinates": [ [ 105.853222, 21.030969 ], [ 105.853215, 21.03094 ], [ 105.853195, 21.030908 ], [ 105.853166, 21.030877 ], [ 105.853109, 21.030841 ], [ 105.853064, 21.030822 ], [ 105.853063, 21.030805 ] ] } },
{ "type": "Feature", "properties": { "u": 11304581244, "v": 11304581241, "key": 0 }, "geometry": { "type": "LineString", "coordinates": [ [ 105.853222, 21.030969 ], [ 105.853221, 21.03098 ], [ 105.853213, 21.031013 ], [ 105.853198, 21.031063 ], [ 105.853189, 21.031098 ] ] } },
{ "type": "Feature", "properties": { "u": 11304581245, "v": 11304581243, "key": 0 }, "geometry": { "type": "LineString", "coordinates": [ [ 105.853296, 21.030793 ], [ 105.853302, 21.030908 ] ] } },
{ "type": "Feature", "properties": { "u": 11304581245, "v": 11304570768, "key": 0 }, "geometry": { "type": "LineString", "coordinates": [ [ 105.853296, 21.030793 ], [ 105.853257, 21.030795 ], [ 105.853102, 21.030803 ], [ 105.853063, 21.030805 ] ] } },
{ "type": "Feature", "properties": { "u": 11304581245, "v": 11304570767, "key": 0 }, "geometry": { "type": "LineString", "coordinates": [ [ 105.853296, 21.030793 ], [ 105.853438, 21.030785 ], [ 105.853459, 21.030785 ], [ 105.853479, 21.030786 ], [ 105.853509, 21.030793 ] ] } },
{ "type": "Feature", "properties": { "u": 11304581246, "v": 6324265708, "key": 0 }, "geometry": { "type": "LineString", "coordinates": [ [ 105.853186, 21.031338 ], [ 105.853266, 21.031205 ], [ 105.8533, 21.031149 ] ] } },
{ "type": "Feature", "properties": { "u": 11304581246, "v": 11304890213, "key": 0 }, "geometry": { "type": "LineString", "coordinates": [ [ 105.853186, 21.031338 ], [ 105.853163, 21.031377 ], [ 105.853101, 21.031456 ], [ 105.853049, 21.031504 ], [ 105.852988, 21.031544 ], [ 105.852919, 21.031575 ], [ 105.852882, 21.031584 ] ] } },
{ "type": "Feature", "properties": { "u": 11304581246, "v": 11304581249, "key": 0 }, "geometry": { "type": "LineString", "coordinates": [ [ 105.853186, 21.031338 ], [ 105.853159, 21.031334 ], [ 105.853144, 21.031337 ], [ 105.853129, 21.031346 ], [ 105.853112, 21.031357 ], [ 105.853096, 21.031364 ], [ 105.853081, 21.031367 ], [ 105.853061, 21.031369 ] ] } },
{ "type": "Feature", "properties": { "u": 11304581249, "v": 11304581241, "key": 0 }, "geometry": { "type": "LineString", "coordinates": [ [ 105.853061, 21.031369 ], [ 105.853091, 21.03132 ], [ 105.853165, 21.03118 ], [ 105.853186, 21.031116 ], [ 105.853189, 21.031098 ] ] } },
{ "type": "Feature", "properties": { "u": 11304581249, "v": 11304890212, "key": 0 }, "geometry": { "type": "LineString", "coordinates": [ [ 105.853061, 21.031369 ], [ 105.853055, 21.031379 ], [ 105.852954, 21.031463 ], [ 105.852875, 21.031507 ] ] } },
{ "type": "Feature", "properties": { "u": 11304581249, "v": 11304581246, "key": 0 }, "geometry": { "type": "LineString", "coordinates": [ [ 105.853061, 21.031369 ], [ 105.853081, 21.031367 ], [ 105.853096, 21.031364 ], [ 105.853112, 21.031357 ], [ 105.853129, 21.031346 ], [ 105.853144, 21.031337 ], [ 105.853159, 21.031334 ], [ 105.853186, 21.031338 ] ] } },
{ "type": "Feature", "properties": { "u": 11304581254, "v": 11304581257, "key": 0 }, "geometry": { "type": "LineString", "coordinates": [ [ 105.852205, 21.031623 ], [ 105.852111, 21.031633 ] ] } },
{ "type": "Feature", "properties": { "u": 11304581254, "v": 11304581255, "key": 0 }, "geometry": { "type": "LineString", "coordinates": [ [ 105.852205, 21.031623 ], [ 105.852298, 21.031664 ] ] } },
{ "type": "Feature", "properties": { "u": 11304581254, "v": 11331266689, "key": 0 }, "geometry": { "type": "LineString", "coordinates": [ [ 105.852205, 21.031623 ], [ 105.852314, 21.031612 ], [ 105.852369, 21.031605 ] ] } },
{ "type": "Feature", "properties": { "u": 11304581255, "v": 10584029095, "key": 0 }, "geometry": { "type": "LineString", "coordinates": [ [ 105.852298, 21.031664 ], [ 105.852469, 21.031644 ] ] } },
{ "type": "Feature", "properties": { "u": 11304581255, "v": 11304581254, "key": 0 }, "geometry": { "type": "LineString", "coordinates": [ [ 105.852298, 21.031664 ], [ 105.852205, 21.031623 ] ] } },
{ "type": "Feature", "properties": { "u": 11304581255, "v": 11331266689, "key": 0 }, "geometry": { "type": "LineString", "coordinates": [ [ 105.852298, 21.031664 ], [ 105.852369, 21.031605 ] ] } },
{ "type": "Feature", "properties": { "u": 11304581255, "v": 11304581256, "key": 0 }, "geometry": { "type": "LineString", "coordinates": [ [ 105.852298, 21.031664 ], [ 105.852248, 21.031671 ], [ 105.852131, 21.031696 ], [ 105.852119, 21.0317 ] ] } },
{ "type": "Feature", "properties": { "u": 11304581256, "v": 11304581257, "key": 0 }, "geometry": { "type": "LineString", "coordinates": [ [ 105.852119, 21.0317 ], [ 105.852111, 21.031633 ] ] } },
{ "type": "Feature", "properties": { "u": 11304581256, "v": 11304581255, "key": 0 }, "geometry": { "type": "LineString", "coordinates": [ [ 105.852119, 21.0317 ], [ 105.852131, 21.031696 ], [ 105.852248, 21.031671 ], [ 105.852298, 21.031664 ] ] } },
{ "type": "Feature", "properties": { "u": 11304581256, "v": 5857305467, "key": 0 }, "geometry": { "type": "LineString", "coordinates": [ [ 105.852119, 21.0317 ], [ 105.852051, 21.031719 ], [ 105.851933, 21.03174 ] ] } },
{ "type": "Feature", "properties": { "u": 11304581257, "v": 11304581254, "key": 0 }, "geometry": { "type": "LineString", "coordinates": [ [ 105.852111, 21.031633 ], [ 105.852205, 21.031623 ] ] } },
{ "type": "Feature", "properties": { "u": 11304581257, "v": 11304581256, "key": 0 }, "geometry": { "type": "LineString", "coordinates": [ [ 105.852111, 21.031633 ], [ 105.852119, 21.0317 ] ] } },
{ "type": "Feature", "properties": { "u": 11304581257, "v": 11304581258, "key": 0 }, "geometry": { "type": "LineString", "coordinates": [ [ 105.852111, 21.031633 ], [ 105.851959, 21.031647 ], [ 105.851922, 21.031649 ] ] } },
{ "type": "Feature", "properties": { "u": 11304581258, "v": 5857305467, "key": 0 }, "geometry": { "type": "LineString", "coordinates": [ [ 105.851922, 21.031649 ], [ 105.851933, 21.03174 ] ] } },
{ "type": "Feature", "properties": { "u": 11304581258, "v": 11304581257, "key": 0 }, "geometry": { "type": "LineString", "coordinates": [ [ 105.851922, 21.031649 ], [ 105.851959, 21.031647 ], [ 105.852111, 21.031633 ] ] } },
{ "type": "Feature", "properties": { "u": 11304581258, "v": 11304890244, "key": 0 }, "geometry": { "type": "LineString", "coordinates": [ [ 105.851922, 21.031649 ], [ 105.851671, 21.03166 ], [ 105.851632, 21.031658 ] ] } },
{ "type": "Feature", "properties": { "u": 11304581313, "v": 11304265693, "key": 0 }, "geometry": { "type": "LineString", "coordinates": [ [ 105.853348, 21.030286 ], [ 105.853394, 21.030278 ] ] } },
{ "type": "Feature", "properties": { "u": 11304581313, "v": 11304265684, "key": 0 }, "geometry": { "type": "LineString", "coordinates": [ [ 105.853348, 21.030286 ], [ 105.853362, 21.030359 ], [ 105.85336, 21.030376 ], [ 105.853336, 21.030432 ], [ 105.853258, 21.030552 ], [ 105.853229, 21.030594 ], [ 105.853202, 21.030615 ], [ 105.853177, 21.030628 ], [ 105.853136, 21.030641 ], [ 105.853098, 21.030647 ], [ 105.853053, 21.030653 ], [ 105.853056, 21.030697 ] ] } },
{ "type": "Feature", "properties": { "u": 11304581313, "v": 11304265725, "key": 0 }, "geometry": { "type": "LineString", "coordinates": [ [ 105.853348, 21.030286 ], [ 105.853338, 21.030237 ], [ 105.853285, 21.030048 ], [ 105.853283, 21.029997 ], [ 105.853287, 21.029934 ], [ 105.853304, 21.02987 ], [ 105.853326, 21.029782 ] ] } },
{ "type": "Feature", "properties": { "u": 11304890212, "v": 11304890213, "key": 0 }, "geometry": { "type": "LineString", "coordinates": [ [ 105.852875, 21.031507 ], [ 105.852882, 21.031584 ] ] } },
{ "type": "Feature", "properties": { "u": 11304890212, "v": 11304581249, "key": 0 }, "geometry": { "type": "LineString", "coordinates": [ [ 105.852875, 21.031507 ], [ 105.852954, 21.031463 ], [ 105.853055, 21.031379 ], [ 105.853061, 21.031369 ] ] } },
{ "type": "Feature", "properties": { "u": 11304890212, "v": 11304890233, "key": 0 }, "geometry": { "type": "LineString", "coordinates": [ [ 105.852875, 21.031507 ], [ 105.852841, 21.031525 ], [ 105.852807, 21.03154 ], [ 105.852722, 21.031557 ] ] } },
{ "type": "Feature", "properties": { "u": 11304890213, "v": 11304890212, "key": 0 }, "geometry": { "type": "LineString", "coordinates": [ [ 105.852882, 21.031584 ], [ 105.852875, 21.031507 ] ] } },
{ "type": "Feature", "properties": { "u": 11304890213, "v": 11304581246, "key": 0 }, "geometry": { "type": "LineString", "coordinates": [ [ 105.852882, 21.031584 ], [ 105.852919, 21.031575 ], [ 105.852988, 21.031544 ], [ 105.853049, 21.031504 ], [ 105.853101, 21.031456 ], [ 105.853163, 21.031377 ], [ 105.853186, 21.031338 ] ] } },
{ "type": "Feature", "properties": { "u": 11304890213, "v": 11304890232, "key": 0 }, "geometry": { "type": "LineString", "coordinates": [ [ 105.852882, 21.031584 ], [ 105.852852, 21.031592 ], [ 105.852842, 21.031594 ], [ 105.852753, 21.03161 ], [ 105.852731, 21.031612 ] ] } },
{ "type": "Feature", "properties": { "u": 11304890232, "v": 11331266723, "key": 0 }, "geometry": { "type": "LineString", "coordinates": [ [ 105.852731, 21.031612 ], [ 105.85254, 21.031635 ] ] } },
{ "type": "Feature", "properties": { "u": 11304890232, "v": 11304890233, "key": 0 }, "geometry": { "type": "LineString", "coordinates": [ [ 105.852731, 21.031612 ], [ 105.852722, 21.031557 ] ] } },
{ "type": "Feature", "properties": { "u": 11304890232, "v": 11304890213, "key": 0 }, "geometry": { "type": "LineString", "coordinates": [ [ 105.852731, 21.031612 ], [ 105.852753, 21.03161 ], [ 105.852842, 21.031594 ], [ 105.852852, 21.031592 ], [ 105.852882, 21.031584 ] ] } },
{ "type": "Feature", "properties": { "u": 11304890233, "v": 11304890232, "key": 0 }, "geometry": { "type": "LineString", "coordinates": [ [ 105.852722, 21.031557 ], [ 105.852731, 21.031612 ] ] } },
{ "type": "Feature", "properties": { "u": 11304890233, "v": 11304890212, "key": 0 }, "geometry": { "type": "LineString", "coordinates": [ [ 105.852722, 21.031557 ], [ 105.852807, 21.03154 ], [ 105.852841, 21.031525 ], [ 105.852875, 21.031507 ] ] } },
{ "type": "Feature", "properties": { "u": 11304890233, "v": 11331266724, "key": 0 }, "geometry": { "type": "LineString", "coordinates": [ [ 105.852722, 21.031557 ], [ 105.852644, 21.031572 ], [ 105.852533, 21.031585 ] ] } },
{ "type": "Feature", "properties": { "u": 11304890243, "v": 11304890244, "key": 0 }, "geometry": { "type": "LineString", "coordinates": [ [ 105.851614, 21.031786 ], [ 105.851632, 21.031658 ] ] } },
{ "type": "Feature", "properties": { "u": 11304890243, "v": 5857305467, "key": 0 }, "geometry": { "type": "LineString", "coordinates": [ [ 105.851614, 21.031786 ], [ 105.851637, 21.031791 ], [ 105.851706, 21.031795 ], [ 105.851801, 21.031783 ], [ 105.851864, 21.031764 ], [ 105.851933, 21.03174 ] ] } },
{ "type": "Feature", "properties": { "u": 11304890243, "v": 11314900771, "key": 0 }, "geometry": { "type": "LineString", "coordinates": [ [ 105.851614, 21.031786 ], [ 105.851547, 21.031772 ], [ 105.851468, 21.031741 ], [ 105.8514, 21.031696 ], [ 105.851383, 21.031677 ] ] } },
{ "type": "Feature", "properties": { "u": 11304890244, "v": 11304890243, "key": 0 }, "geometry": { "type": "LineString", "coordinates": [ [ 105.851632, 21.031658 ], [ 105.851614, 21.031786 ] ] } },
{ "type": "Feature", "properties": { "u": 11304890244, "v": 11304581258, "key": 0 }, "geometry": { "type": "LineString", "coordinates": [ [ 105.851632, 21.031658 ], [ 105.851671, 21.03166 ], [ 105.851922, 21.031649 ] ] } },
{ "type": "Feature", "properties": { "u": 11304890244, "v": 11304265613, "key": 0 }, "geometry": { "type": "LineString", "coordinates": [ [ 105.851632, 21.031658 ], [ 105.851609, 21.031657 ], [ 105.851548, 21.031641 ], [ 105.851503, 21.031624 ], [ 105.851458, 21.031597 ], [ 105.851433, 21.031574 ], [ 105.851354, 21.031644 ] ] } },
{ "type": "Feature", "properties": { "u": 11304890263, "v": 11304897907, "key": 0 }, "geometry": { "type": "LineString", "coordinates": [ [ 105.853504, 21.029581 ], [ 105.853591, 21.029597 ] ] } },
{ "type": "Feature", "properties": { "u": 11304890263, "v": 11304265730, "key": 0 }, "geometry": { "type": "LineString", "coordinates": [ [ 105.853504, 21.029581 ], [ 105.853432, 21.02957 ] ] } },
{ "type": "Feature", "properties": { "u": 11304890263, "v": 11304890266, "key": 0 }, "geometry": { "type": "LineString", "coordinates": [ [ 105.853504, 21.029581 ], [ 105.853505, 21.02962 ], [ 105.853509, 21.029663 ], [ 105.853524, 21.029693 ], [ 105.853559, 21.029718 ] ] } },
{ "type": "Feature", "properties": { "u": 11304890263, "v": 11304897869, "key": 0 }, "geometry": { "type": "LineString", "coordinates": [ [ 105.853504, 21.029581 ], [ 105.853505, 21.029536 ], [ 105.8535, 21.02951 ], [ 105.853478, 21.02949 ], [ 105.85342, 21.029469 ] ] } },
{ "type": "Feature", "properties": { "u": 11304890266, "v": 11304897907, "key": 0 }, "geometry": { "type": "LineString", "coordinates": [ [ 105.853559, 21.029718 ], [ 105.853591, 21.029597 ] ] } },
{ "type": "Feature", "properties": { "u": 11304890266, "v": 11304265727, "key": 0 }, "geometry": { "type": "LineString", "coordinates": [ [ 105.853559, 21.029718 ], [ 105.853561, 21.029913 ] ] } },
{ "type": "Feature", "properties": { "u": 11304890266, "v": 11304265712, "key": 0 }, "geometry": { "type": "LineString", "coordinates": [ [ 105.853559, 21.029718 ], [ 105.853763, 21.029784 ] ] } },
{ "type": "Feature", "properties": { "u": 11304890266, "v": 11304890263, "key": 0 }, "geometry": { "type": "LineString", "coordinates": [ [ 105.853559, 21.029718 ], [ 105.853524, 21.029693 ], [ 105.853509, 21.029663 ], [ 105.853505, 21.02962 ], [ 105.853504, 21.029581 ] ] } },
{ "type": "Feature", "properties": { "u": 11304897869, "v": 11304897930, "key": 0 }, "geometry": { "type": "LineString", "coordinates": [ [ 105.85342, 21.029469 ], [ 105.85341, 21.029381 ] ] } },
{ "type": "Feature", "properties": { "u": 11304897869, "v": 11304897932, "key": 0 }, "geometry": { "type": "LineString", "coordinates": [ [ 105.85342, 21.029469 ], [ 105.853335, 21.029468 ] ] } },
{ "type": "Feature", "properties": { "u": 11304897869, "v": 11304265730, "key": 0 }, "geometry": { "type": "LineString", "coordinates": [ [ 105.85342, 21.029469 ], [ 105.853424, 21.029506 ], [ 105.853432, 21.02957 ] ] } },
{ "type": "Feature", "properties": { "u": 11304897869, "v": 11304890263, "key": 0 }, "geometry": { "type": "LineString", "coordinates": [ [ 105.85342, 21.029469 ], [ 105.853478, 21.02949 ], [ 105.8535, 21.02951 ], [ 105.853505, 21.029536 ], [ 105.853504, 21.029581 ] ] } },
{ "type": "Feature", "properties": { "u": 11304897907, "v": 11304890263, "key": 0 }, "geometry": { "type": "LineString", "coordinates": [ [ 105.853591, 21.029597 ], [ 105.853504, 21.029581 ] ] } },
{ "type": "Feature", "properties": { "u": 11304897907, "v": 11304897940, "key": 0 }, "geometry": { "type": "LineString", "coordinates": [ [ 105.853591, 21.029597 ], [ 105.853599, 21.029567 ] ] } },
{ "type": "Feature", "properties": { "u": 11304897907, "v": 11304890266, "key": 0 }, "geometry": { "type": "LineString", "coordinates": [ [ 105.853591, 21.029597 ], [ 105.853559, 21.029718 ] ] } },
{ "type": "Feature", "properties": { "u": 11304897914, "v": 11304897940, "key": 0 }, "geometry": { "type": "LineString", "coordinates": [ [ 105.853637, 21.029391 ], [ 105.853599, 21.029567 ] ] } },
{ "type": "Feature", "properties": { "u": 11304897914, "v": 11304897930, "key": 0 }, "geometry": { "type": "LineString", "coordinates": [ [ 105.853637, 21.029391 ], [ 105.853598, 21.029383 ], [ 105.853553, 21.029377 ], [ 105.8535, 21.029374 ], [ 105.853462, 21.029374 ], [ 105.85341, 21.029381 ] ] } },
{ "type": "Feature", "properties": { "u": 11304897914, "v": 11304897945, "key": 0 }, "geometry": { "type": "LineString", "coordinates": [ [ 105.853637, 21.029391 ], [ 105.853653, 21.029385 ], [ 105.853674, 21.029381 ], [ 105.8537, 21.029383 ], [ 105.85375, 21.029405 ] ] } },
{ "type": "Feature", "properties": { "u": 11304897914, "v": 11304897989, "key": 0 }, "geometry": { "type": "LineString", "coordinates": [ [ 105.853637, 21.029391 ], [ 105.853632, 21.029376 ], [ 105.853625, 21.029364 ], [ 105.853621, 21.029345 ], [ 105.853623, 21.029327 ], [ 105.853624, 21.029319 ] ] } },
{ "type": "Feature", "properties": { "u": 11304897929, "v": 11304897945, "key": 0 }, "geometry": { "type": "LineString", "coordinates": [ [ 105.853759, 21.029579 ], [ 105.853752, 21.029468 ], [ 105.85375, 21.029405 ] ] } },
{ "type": "Feature", "properties": { "u": 11304897929, "v": 11304265712, "key": 0 }, "geometry": { "type": "LineString", "coordinates": [ [ 105.853759, 21.029579 ], [ 105.853761, 21.029673 ], [ 105.853763, 21.029784 ] ] } },
{ "type": "Feature", "properties": { "u": 11304897929, "v": 11304897940, "key": 0 }, "geometry": { "type": "LineString", "coordinates": [ [ 105.853759, 21.029579 ], [ 105.853723, 21.029577 ], [ 105.853599, 21.029567 ] ] } },
{ "type": "Feature", "properties": { "u": 11304897930, "v": 11304897869, "key": 0 }, "geometry": { "type": "LineString", "coordinates": [ [ 105.85341, 21.029381 ], [ 105.85342, 21.029469 ] ] } },
{ "type": "Feature", "properties": { "u": 11304897930, "v": 11304897931, "key": 0 }, "geometry": { "type": "LineString", "coordinates": [ [ 105.85341, 21.029381 ], [ 105.853393, 21.029373 ], [ 105.853376, 21.029363 ], [ 105.853366, 21.029348 ], [ 105.853358, 21.029331 ] ] } },
{ "type": "Feature", "properties": { "u": 11304897930, "v": 11304897914, "key": 0 }, "geometry": { "type": "LineString", "coordinates": [ [ 105.85341, 21.029381 ], [ 105.853462, 21.029374 ], [ 105.8535, 21.029374 ], [ 105.853553, 21.029377 ], [ 105.853598, 21.029383 ], [ 105.853637, 21.029391 ] ] } },
{ "type": "Feature", "properties": { "u": 11304897931, "v": 11304897932, "key": 0 }, "geometry": { "type": "LineString", "coordinates": [ [ 105.853358, 21.029331 ], [ 105.853347, 21.02935 ], [ 105.853333, 21.029423 ], [ 105.853334, 21.029455 ], [ 105.853335, 21.029468 ] ] } },
{ "type": "Feature", "properties": { "u": 11304897931, "v": 11304897990, "key": 0 }, "geometry": { "type": "LineString", "coordinates": [ [ 105.853358, 21.029331 ], [ 105.853372, 21.029302 ], [ 105.853399, 21.029263 ] ] } },
{ "type": "Feature", "properties": { "u": 11304897931, "v": 11304897930, "key": 0 }, "geometry": { "type": "LineString", "coordinates": [ [ 105.853358, 21.029331 ], [ 105.853366, 21.029348 ], [ 105.853376, 21.029363 ], [ 105.853393, 21.029373 ], [ 105.85341, 21.029381 ] ] } },
{ "type": "Feature", "properties": { "u": 11304897932, "v": 11304897869, "key": 0 }, "geometry": { "type": "LineString", "coordinates": [ [ 105.853335, 21.029468 ], [ 105.85342, 21.029469 ] ] } },
{ "type": "Feature", "properties": { "u": 11304897932, "v": 11304265725, "key": 0 }, "geometry": { "type": "LineString", "coordinates": [ [ 105.853335, 21.029468 ], [ 105.853336, 21.029485 ], [ 105.853339, 21.029571 ], [ 105.853341, 21.029675 ], [ 105.853342, 21.029688 ], [ 105.853336, 21.029745 ], [ 105.853326, 21.029782 ] ] } },
{ "type": "Feature", "properties": { "u": 11304897932, "v": 11304897931, "key": 0 }, "geometry": { "type": "LineString", "coordinates": [ [ 105.853335, 21.029468 ], [ 105.853334, 21.029455 ], [ 105.853333, 21.029423 ], [ 105.853347, 21.02935 ], [ 105.853358, 21.029331 ] ] } },
{ "type": "Feature", "properties": { "u": 11304897940, "v": 11304897914, "key": 0 }, "geometry": { "type": "LineString", "coordinates": [ [ 105.853599, 21.029567 ], [ 105.853637, 21.029391 ] ] } },
{ "type": "Feature", "properties": { "u": 11304897940, "v": 11304897907, "key": 0 }, "geometry": { "type": "LineString", "coordinates": [ [ 105.853599, 21.029567 ], [ 105.853591, 21.029597 ] ] } },
{ "type": "Feature", "properties": { "u": 11304897940, "v": 11304897929, "key": 0 }, "geometry": { "type": "LineString", "coordinates": [ [ 105.853599, 21.029567 ], [ 105.853723, 21.029577 ], [ 105.853759, 21.029579 ] ] } },
{ "type": "Feature", "properties": { "u": 11304897945, "v": 11304898075, "key": 0 }, "geometry": { "type": "LineString", "coordinates": [ [ 105.85375, 21.029405 ], [ 105.853743, 21.029155 ], [ 105.85373, 21.029052 ], [ 105.853728, 21.029041 ] ] } },
{ "type": "Feature", "properties": { "u": 11304897945, "v": 11304897929, "key": 0 }, "geometry": { "type": "LineString", "coordinates": [ [ 105.85375, 21.029405 ], [ 105.853752, 21.029468 ], [ 105.853759, 21.029579 ] ] } },
{ "type": "Feature", "properties": { "u": 11304897945, "v": 11304897914, "key": 0 }, "geometry": { "type": "LineString", "coordinates": [ [ 105.85375, 21.029405 ], [ 105.8537, 21.029383 ], [ 105.853674, 21.029381 ], [ 105.853653, 21.029385 ], [ 105.853637, 21.029391 ] ] } },
{ "type": "Feature", "properties": { "u": 11304897989, "v": 11304898042, "key": 0 }, "geometry": { "type": "LineString", "coordinates": [ [ 105.853624, 21.029319 ], [ 105.8536, 21.029317 ] ] } },
{ "type": "Feature", "properties": { "u": 11304897989, "v": 11304897914, "key": 0 }, "geometry": { "type": "LineString", "coordinates": [ [ 105.853624, 21.029319 ], [ 105.853623, 21.029327 ], [ 105.853621, 21.029345 ], [ 105.853625, 21.029364 ], [ 105.853632, 21.029376 ], [ 105.853637, 21.029391 ] ] } },
{ "type": "Feature", "properties": { "u": 11304897989, "v": 11304897995, "key": 0 }, "geometry": { "type": "LineString", "coordinates": [ [ 105.853624, 21.029319 ], [ 105.853642, 21.029315 ], [ 105.853656, 21.029303 ], [ 105.853664, 21.029287 ], [ 105.853666, 21.029264 ], [ 105.853664, 21.02924 ], [ 105.853662, 21.029211 ], [ 105.853653, 21.029187 ], [ 105.853637, 21.029172 ] ] } },
{ "type": "Feature", "properties": { "u": 11304897990, "v": 11304897931, "key": 0 }, "geometry": { "type": "LineString", "coordinates": [ [ 105.853399, 21.029263 ], [ 105.853372, 21.029302 ], [ 105.853358, 21.029331 ] ] } },
{ "type": "Feature", "properties": { "u": 11304897990, "v": 11304898080, "key": 0 }, "geometry": { "type": "LineString", "coordinates": [ [ 105.853399, 21.029263 ], [ 105.853411, 21.029252 ], [ 105.853417, 21.029244 ], [ 105.853427, 21.029229 ], [ 105.853446, 21.029201 ], [ 105.853463, 21.029174 ], [ 105.853474, 21.029158 ], [ 105.853482, 21.029143 ] ] } },
{ "type": "Feature", "properties": { "u": 11304897990, "v": 11304898042, "key": 0 }, "geometry": { "type": "LineString", "coordinates": [ [ 105.853399, 21.029263 ], [ 105.853426, 21.029273 ], [ 105.853454, 21.029284 ], [ 105.853489, 21.029301 ], [ 105.853523, 21.029312 ], [ 105.853556, 21.029316 ], [ 105.8536, 21.029317 ] ] } },
{ "type": "Feature", "properties": { "u": 11304897995, "v": 11304898077, "key": 0 }, "geometry": { "type": "LineString", "coordinates": [ [ 105.853637, 21.029172 ], [ 105.853618, 21.029169 ] ] } },
{ "type": "Feature", "properties": { "u": 11304897995, "v": 11304898075, "key": 0 }, "geometry": { "type": "LineString", "coordinates": [ [ 105.853637, 21.029172 ], [ 105.853728, 21.029041 ] ] } },
{ "type": "Feature", "properties": { "u": 11304897995, "v": 11304897989, "key": 0 }, "geometry": { "type": "LineString", "coordinates": [ [ 105.853637, 21.029172 ], [ 105.853653, 21.029187 ], [ 105.853662, 21.029211 ], [ 105.853664, 21.02924 ], [ 105.853666, 21.029264 ], [ 105.853664, 21.029287 ], [ 105.853656, 21.029303 ], [ 105.853642, 21.029315 ], [ 105.853624, 21.029319 ] ] } },
{ "type": "Feature", "properties": { "u": 11304898042, "v": 11304897989, "key": 0 }, "geometry": { "type": "LineString", "coordinates": [ [ 105.8536, 21.029317 ], [ 105.853624, 21.029319 ] ] } },
{ "type": "Feature", "properties": { "u": 11304898042, "v": 11304897990, "key": 0 }, "geometry": { "type": "LineString", "coordinates": [ [ 105.8536, 21.029317 ], [ 105.853556, 21.029316 ], [ 105.853523, 21.029312 ], [ 105.853489, 21.029301 ], [ 105.853454, 21.029284 ], [ 105.853426, 21.029273 ], [ 105.853399, 21.029263 ] ] } },
{ "type": "Feature", "properties": { "u": 11304898042, "v": 11304898076, "key": 0 }, "geometry": { "type": "LineString", "coordinates": [ [ 105.8536, 21.029317 ], [ 105.85358, 21.029304 ], [ 105.853565, 21.029287 ], [ 105.853558, 21.029265 ], [ 105.853562, 21.02923 ], [ 105.853568, 21.029203 ], [ 105.853577, 21.029185 ], [ 105.853597, 21.029173 ] ] } },
{ "type": "Feature", "properties": { "u": 11304898069, "v": 11304898080, "key": 0 }, "geometry": { "type": "LineString", "coordinates": [ [ 105.853513, 21.029083 ], [ 105.853503, 21.029106 ], [ 105.853489, 21.02913 ], [ 105.853482, 21.029143 ] ] } },
{ "type": "Feature", "properties": { "u": 11304898069, "v": 11304265586, "key": 0 }, "geometry": { "type": "LineString", "coordinates": [ [ 105.853513, 21.029083 ], [ 105.853524, 21.029038 ], [ 105.853537, 21.028983 ], [ 105.853562, 21.028879 ] ] } },
{ "type": "Feature", "properties": { "u": 11304898069, "v": 11304898077, "key": 0 }, "geometry": { "type": "LineString", "coordinates": [ [ 105.853513, 21.029083 ], [ 105.853538, 21.029114 ], [ 105.853569, 21.029141 ], [ 105.853595, 21.029157 ], [ 105.853618, 21.029169 ] ] } },
{ "type": "Feature", "properties": { "u": 11304898075, "v": 11304897995, "key": 0 }, "geometry": { "type": "LineString", "coordinates": [ [ 105.853728, 21.029041 ], [ 105.853637, 21.029172 ] ] } },
{ "type": "Feature", "properties": { "u": 11304898075, "v": 11304265491, "key": 0 }, "geometry": { "type": "LineString", "coordinates": [ [ 105.853728, 21.029041 ], [ 105.853717, 21.028985 ], [ 105.85369, 21.028803 ] ] } },
{ "type": "Feature", "properties": { "u": 11304898075, "v": 11304897945, "key": 0 }, "geometry": { "type": "LineString", "coordinates": [ [ 105.853728, 21.029041 ], [ 105.85373, 21.029052 ], [ 105.853743, 21.029155 ], [ 105.85375, 21.029405 ] ] } },
{ "type": "Feature", "properties": { "u": 11304898076, "v": 11304898077, "key": 0 }, "geometry": { "type": "LineString", "coordinates": [ [ 105.853597, 21.029173 ], [ 105.853618, 21.029169 ] ] } },
{ "type": "Feature", "properties": { "u": 11304898076, "v": 11304898042, "key": 0 }, "geometry": { "type": "LineString", "coordinates": [ [ 105.853597, 21.029173 ], [ 105.853577, 21.029185 ], [ 105.853568, 21.029203 ], [ 105.853562, 21.02923 ], [ 105.853558, 21.029265 ], [ 105.853565, 21.029287 ], [ 105.85358, 21.029304 ], [ 105.8536, 21.029317 ] ] } },
{ "type": "Feature", "properties": { "u": 11304898076, "v": 11304898080, "key": 0 }, "geometry": { "type": "LineString", "coordinates": [ [ 105.853597, 21.029173 ], [ 105.853563, 21.02917 ], [ 105.853525, 21.029162 ], [ 105.853482, 21.029143 ] ] } },
{ "type": "Feature", "properties": { "u": 11304898077, "v": 11304897995, "key": 0 }, "geometry": { "type": "LineString", "coordinates": [ [ 105.853618, 21.029169 ], [ 105.853637, 21.029172 ] ] } },
{ "type": "Feature", "properties": { "u": 11304898077, "v": 11304898076, "key": 0 }, "geometry": { "type": "LineString", "coordinates": [ [ 105.853618, 21.029169 ], [ 105.853597, 21.029173 ] ] } },
{ "type": "Feature", "properties": { "u": 11304898077, "v": 11304898069, "key": 0 }, "geometry": { "type": "LineString", "coordinates": [ [ 105.853618, 21.029169 ], [ 105.853595, 21.029157 ], [ 105.853569, 21.029141 ], [ 105.853538, 21.029114 ], [ 105.853513, 21.029083 ] ] } },
{ "type": "Feature", "properties": { "u": 11304898080, "v": 11304897990, "key": 0 }, "geometry": { "type": "LineString", "coordinates": [ [ 105.853482, 21.029143 ], [ 105.853474, 21.029158 ], [ 105.853463, 21.029174 ], [ 105.853446, 21.029201 ], [ 105.853427, 21.029229 ], [ 105.853417, 21.029244 ], [ 105.853411, 21.029252 ], [ 105.853399, 21.029263 ] ] } },
{ "type": "Feature", "properties": { "u": 11304898080, "v": 11304898069, "key": 0 }, "geometry": { "type": "LineString", "coordinates": [ [ 105.853482, 21.029143 ], [ 105.853489, 21.02913 ], [ 105.853503, 21.029106 ], [ 105.853513, 21.029083 ] ] } },
{ "type": "Feature", "properties": { "u": 11304898080, "v": 11304898076, "key": 0 }, "geometry": { "type": "LineString", "coordinates": [ [ 105.853482, 21.029143 ], [ 105.853525, 21.029162 ], [ 105.853563, 21.02917 ], [ 105.853597, 21.029173 ] ] } },
{ "type": "Feature", "properties": { "u": 11304898110, "v": 11329521244, "key": 0 }, "geometry": { "type": "LineString", "coordinates": [ [ 105.853623, 21.028377 ], [ 105.853599, 21.028226 ] ] } },
{ "type": "Feature", "properties": { "u": 11304898110, "v": 11323279228, "key": 0 }, "geometry": { "type": "LineString", "coordinates": [ [ 105.853623, 21.028377 ], [ 105.853645, 21.028521 ], [ 105.853651, 21.028563 ], [ 105.853659, 21.028611 ], [ 105.853663, 21.028632 ] ] } },
{ "type": "Feature", "properties": { "u": 11304898110, "v": 11304898111, "key": 0 }, "geometry": { "type": "LineString", "coordinates": [ [ 105.853623, 21.028377 ], [ 105.853562, 21.028385 ], [ 105.853526, 21.028389 ] ] } },
{ "type": "Feature", "properties": { "u": 11304898111, "v": 11329521243, "key": 0 }, "geometry": { "type": "LineString", "coordinates": [ [ 105.853526, 21.028389 ], [ 105.853504, 21.028239 ] ] } },
{ "type": "Feature", "properties": { "u": 11304898111, "v": 11304265575, "key": 0 }, "geometry": { "type": "LineString", "coordinates": [ [ 105.853526, 21.028389 ], [ 105.85354, 21.02848 ], [ 105.853571, 21.028677 ], [ 105.853573, 21.0287 ], [ 105.853575, 21.028729 ], [ 105.853578, 21.028763 ] ] } },
{ "type": "Feature", "properties": { "u": 11304898111, "v": 11304898110, "key": 0 }, "geometry": { "type": "LineString", "coordinates": [ [ 105.853526, 21.028389 ], [ 105.853562, 21.028385 ], [ 105.853623, 21.028377 ] ] } },
{ "type": "Feature", "properties": { "u": 11305152242, "v": 11304265493, "key": 0 }, "geometry": { "type": "LineString", "coordinates": [ [ 105.853577, 21.028082 ], [ 105.853556, 21.027949 ] ] } },
{ "type": "Feature", "properties": { "u": 11305152242, "v": 11329521244, "key": 0 }, "geometry": { "type": "LineString", "coordinates": [ [ 105.853577, 21.028082 ], [ 105.853599, 21.028226 ] ] } },
{ "type": "Feature", "properties": { "u": 11305152242, "v": 11305152243, "key": 0 }, "geometry": { "type": "LineString", "coordinates": [ [ 105.853577, 21.028082 ], [ 105.853483, 21.028095 ] ] } },
{ "type": "Feature", "properties": { "u": 11305152243, "v": 11329521243, "key": 0 }, "geometry": { "type": "LineString", "coordinates": [ [ 105.853483, 21.028095 ], [ 105.853504, 21.028239 ] ] } },
{ "type": "Feature", "properties": { "u": 11305152243, "v": 11305152242, "key": 0 }, "geometry": { "type": "LineString", "coordinates": [ [ 105.853483, 21.028095 ], [ 105.853577, 21.028082 ] ] } },
{ "type": "Feature", "properties": { "u": 11305152243, "v": 11305152252, "key": 0 }, "geometry": { "type": "LineString", "coordinates": [ [ 105.853483, 21.028095 ], [ 105.853471, 21.028013 ], [ 105.853463, 21.027961 ] ] } },
{ "type": "Feature", "properties": { "u": 11305152252, "v": 11304265493, "key": 0 }, "geometry": { "type": "LineString", "coordinates": [ [ 105.853463, 21.027961 ], [ 105.853556, 21.027949 ] ] } },
{ "type": "Feature", "properties": { "u": 11305152252, "v": 11305152243, "key": 0 }, "geometry": { "type": "LineString", "coordinates": [ [ 105.853463, 21.027961 ], [ 105.853471, 21.028013 ], [ 105.853483, 21.028095 ] ] } },
{ "type": "Feature", "properties": { "u": 11305152252, "v": 11305152260, "key": 0 }, "geometry": { "type": "LineString", "coordinates": [ [ 105.853463, 21.027961 ], [ 105.853453, 21.027888 ], [ 105.853452, 21.027881 ], [ 105.853441, 21.0278 ], [ 105.853429, 21.02772 ], [ 105.853418, 21.027644 ] ] } },
{ "type": "Feature", "properties": { "u": 11305152260, "v": 5857305441, "key": 0 }, "geometry": { "type": "LineString", "coordinates": [ [ 105.853418, 21.027644 ], [ 105.853505, 21.027632 ] ] } },
{ "type": "Feature", "properties": { "u": 11305152260, "v": 11305152252, "key": 0 }, "geometry": { "type": "LineString", "coordinates": [ [ 105.853418, 21.027644 ], [ 105.853429, 21.02772 ], [ 105.853441, 21.0278 ], [ 105.853452, 21.027881 ], [ 105.853453, 21.027888 ], [ 105.853463, 21.027961 ] ] } },
{ "type": "Feature", "properties": { "u": 11305152260, "v": 11304265669, "key": 0 }, "geometry": { "type": "LineString", "coordinates": [ [ 105.853418, 21.027644 ], [ 105.853414, 21.027613 ], [ 105.8534, 21.027533 ], [ 105.853387, 21.027458 ], [ 105.853374, 21.027385 ], [ 105.853331, 21.02714 ] ] } },
{ "type": "Feature", "properties": { "u": 11305178169, "v": 11304265585, "key": 0 }, "geometry": { "type": "LineString", "coordinates": [ [ 105.851101, 21.03066 ], [ 105.85108, 21.030745 ] ] } },
{ "type": "Feature", "properties": { "u": 11305178169, "v": 11305178170, "key": 0 }, "geometry": { "type": "LineString", "coordinates": [ [ 105.851101, 21.03066 ], [ 105.85123, 21.030686 ] ] } },
{ "type": "Feature", "properties": { "u": 11305178169, "v": 11336026483, "key": 0 }, "geometry": { "type": "LineString", "coordinates": [ [ 105.851101, 21.03066 ], [ 105.85111, 21.030626 ], [ 105.851113, 21.030614 ] ] } },
{ "type": "Feature", "properties": { "u": 11305178170, "v": 11305178172, "key": 0 }, "geometry": { "type": "LineString", "coordinates": [ [ 105.85123, 21.030686 ], [ 105.851282, 21.030507 ] ] } },
{ "type": "Feature", "properties": { "u": 11305178170, "v": 11305178169, "key": 0 }, "geometry": { "type": "LineString", "coordinates": [ [ 105.85123, 21.030686 ], [ 105.851101, 21.03066 ] ] } },
{ "type": "Feature", "properties": { "u": 11305178170, "v": 11304265585, "key": 0 }, "geometry": { "type": "LineString", "coordinates": [ [ 105.85123, 21.030686 ], [ 105.851207, 21.03077 ], [ 105.85108, 21.030745 ] ] } },
{ "type": "Feature", "properties": { "u": 11305178171, "v": 11336026483, "key": 0 }, "geometry": { "type": "LineString", "coordinates": [ [ 105.85115, 21.030475 ], [ 105.851113, 21.030614 ] ] } },
{ "type": "Feature", "properties": { "u": 11305178171, "v": 11305178179, "key": 0 }, "geometry": { "type": "LineString", "coordinates": [ [ 105.85115, 21.030475 ], [ 105.851172, 21.03039 ] ] } },
{ "type": "Feature", "properties": { "u": 11305178171, "v": 11305178172, "key": 0 }, "geometry": { "type": "LineString", "coordinates": [ [ 105.85115, 21.030475 ], [ 105.851282, 21.030507 ] ] } },
{ "type": "Feature", "properties": { "u": 11305178172, "v": 11305178170, "key": 0 }, "geometry": { "type": "LineString", "coordinates": [ [ 105.851282, 21.030507 ], [ 105.85123, 21.030686 ] ] } },
{ "type": "Feature", "properties": { "u": 11305178172, "v": 11305178171, "key": 0 }, "geometry": { "type": "LineString", "coordinates": [ [ 105.851282, 21.030507 ], [ 105.85115, 21.030475 ] ] } },
{ "type": "Feature", "properties": { "u": 11305178172, "v": 11305178183, "key": 0 }, "geometry": { "type": "LineString", "coordinates": [ [ 105.851282, 21.030507 ], [ 105.851299, 21.030447 ], [ 105.851312, 21.030398 ] ] } },
{ "type": "Feature", "properties": { "u": 11305178179, "v": 11305178171, "key": 0 }, "geometry": { "type": "LineString", "coordinates": [ [ 105.851172, 21.03039 ], [ 105.85115, 21.030475 ] ] } },
{ "type": "Feature", "properties": { "u": 11305178179, "v": 11336026482, "key": 0 }, "geometry": { "type": "LineString", "coordinates": [ [ 105.851172, 21.03039 ], [ 105.851188, 21.03033 ] ] } },
{ "type": "Feature", "properties": { "u": 11305178179, "v": 11305178183, "key": 0 }, "geometry": { "type": "LineString", "coordinates": [ [ 105.851172, 21.03039 ], [ 105.851231, 21.030406 ], [ 105.851262, 21.030409 ], [ 105.851286, 21.030406 ], [ 105.851312, 21.030398 ] ] } },
{ "type": "Feature", "properties": { "u": 11305178183, "v": 11304265581, "key": 0 }, "geometry": { "type": "LineString", "coordinates": [ [ 105.851312, 21.030398 ], [ 105.851339, 21.030294 ] ] } },
{ "type": "Feature", "properties": { "u": 11305178183, "v": 11305178172, "key": 0 }, "geometry": { "type": "LineString", "coordinates": [ [ 105.851312, 21.030398 ], [ 105.851299, 21.030447 ], [ 105.851282, 21.030507 ] ] } },
{ "type": "Feature", "properties": { "u": 11305178183, "v": 11305178179, "key": 0 }, "geometry": { "type": "LineString", "coordinates": [ [ 105.851312, 21.030398 ], [ 105.851286, 21.030406 ], [ 105.851262, 21.030409 ], [ 105.851231, 21.030406 ], [ 105.851172, 21.03039 ] ] } },
{ "type": "Feature", "properties": { "u": 11305178211, "v": 11336026482, "key": 0 }, "geometry": { "type": "LineString", "coordinates": [ [ 105.851198, 21.030295 ], [ 105.851188, 21.03033 ] ] } },
{ "type": "Feature", "properties": { "u": 11305178211, "v": 11305178216, "key": 0 }, "geometry": { "type": "LineString", "coordinates": [ [ 105.851198, 21.030295 ], [ 105.851242, 21.030126 ] ] } },
{ "type": "Feature", "properties": { "u": 11305178211, "v": 11304265581, "key": 0 }, "geometry": { "type": "LineString", "coordinates": [ [ 105.851198, 21.030295 ], [ 105.851287, 21.030313 ], [ 105.851305, 21.030314 ], [ 105.851323, 21.030308 ], [ 105.851339, 21.030294 ] ] } },
{ "type": "Feature", "properties": { "u": 11305178216, "v": 11305178211, "key": 0 }, "geometry": { "type": "LineString", "coordinates": [ [ 105.851242, 21.030126 ], [ 105.851198, 21.030295 ] ] } },
{ "type": "Feature", "properties": { "u": 11305178216, "v": 11305178217, "key": 0 }, "geometry": { "type": "LineString", "coordinates": [ [ 105.851242, 21.030126 ], [ 105.851363, 21.030144 ] ] } },
{ "type": "Feature", "properties": { "u": 11305178216, "v": 11305178227, "key": 0 }, "geometry": { "type": "LineString", "coordinates": [ [ 105.851242, 21.030126 ], [ 105.851255, 21.03008 ], [ 105.851313, 21.029827 ] ] } },
{ "type": "Feature", "properties": { "u": 11305178217, "v": 11305178216, "key": 0 }, "geometry": { "type": "LineString", "coordinates": [ [ 105.851363, 21.030144 ], [ 105.851242, 21.030126 ] ] } },
{ "type": "Feature", "properties": { "u": 11305178217, "v": 11305178228, "key": 0 }, "geometry": { "type": "LineString", "coordinates": [ [ 105.851363, 21.030144 ], [ 105.851385, 21.029997 ], [ 105.851405, 21.029841 ] ] } },
{ "type": "Feature", "properties": { "u": 11305178217, "v": 11304265581, "key": 0 }, "geometry": { "type": "LineString", "coordinates": [ [ 105.851363, 21.030144 ], [ 105.851359, 21.030171 ], [ 105.85134, 21.030289 ], [ 105.851339, 21.030294 ] ] } },
{ "type": "Feature", "properties": { "u": 11305178227, "v": 11305178246, "key": 0 }, "geometry": { "type": "LineString", "coordinates": [ [ 105.851313, 21.029827 ], [ 105.851369, 21.029587 ] ] } },
{ "type": "Feature", "properties": { "u": 11305178227, "v": 11305178228, "key": 0 }, "geometry": { "type": "LineString", "coordinates": [ [ 105.851313, 21.029827 ], [ 105.851405, 21.029841 ] ] } },
{ "type": "Feature", "properties": { "u": 11305178227, "v": 11305178216, "key": 0 }, "geometry": { "type": "LineString", "coordinates": [ [ 105.851313, 21.029827 ], [ 105.851255, 21.03008 ], [ 105.851242, 21.030126 ] ] } },
{ "type": "Feature", "properties": { "u": 11305178228, "v": 11305178227, "key": 0 }, "geometry": { "type": "LineString", "coordinates": [ [ 105.851405, 21.029841 ], [ 105.851313, 21.029827 ] ] } },
{ "type": "Feature", "properties": { "u": 11305178228, "v": 11305178247, "key": 0 }, "geometry": { "type": "LineString", "coordinates": [ [ 105.851405, 21.029841 ], [ 105.85142, 21.029725 ], [ 105.851444, 21.029603 ] ] } },
{ "type": "Feature", "properties": { "u": 11305178228, "v": 11305178217, "key": 0 }, "geometry": { "type": "LineString", "coordinates": [ [ 105.851405, 21.029841 ], [ 105.851385, 21.029997 ], [ 105.851363, 21.030144 ] ] } },
{ "type": "Feature", "properties": { "u": 11305178246, "v": 11305178227, "key": 0 }, "geometry": { "type": "LineString", "coordinates": [ [ 105.851369, 21.029587 ], [ 105.851313, 21.029827 ] ] } },
{ "type": "Feature", "properties": { "u": 11305178246, "v": 11305178247, "key": 0 }, "geometry": { "type": "LineString", "coordinates": [ [ 105.851369, 21.029587 ], [ 105.851444, 21.029603 ] ] } },
{ "type": "Feature", "properties": { "u": 11305178246, "v": 11305178256, "key": 0 }, "geometry": { "type": "LineString", "coordinates": [ [ 105.851369, 21.029587 ], [ 105.851383, 21.029526 ], [ 105.851397, 21.029459 ] ] } },
{ "type": "Feature", "properties": { "u": 11305178247, "v": 11304265577, "key": 0 }, "geometry": { "type": "LineString", "coordinates": [ [ 105.851444, 21.029603 ], [ 105.851467, 21.029476 ] ] } },
{ "type": "Feature", "properties": { "u": 11305178247, "v": 11305178246, "key": 0 }, "geometry": { "type": "LineString", "coordinates": [ [ 105.851444, 21.029603 ], [ 105.851369, 21.029587 ] ] } },
{ "type": "Feature", "properties": { "u": 11305178247, "v": 11305178228, "key": 0 }, "geometry": { "type": "LineString", "coordinates": [ [ 105.851444, 21.029603 ], [ 105.85142, 21.029725 ], [ 105.851405, 21.029841 ] ] } },
{ "type": "Feature", "properties": { "u": 11305178256, "v": 11304265577, "key": 0 }, "geometry": { "type": "LineString", "coordinates": [ [ 105.851397, 21.029459 ], [ 105.851467, 21.029476 ] ] } },
{ "type": "Feature", "properties": { "u": 11305178256, "v": 11305178246, "key": 0 }, "geometry": { "type": "LineString", "coordinates": [ [ 105.851397, 21.029459 ], [ 105.851383, 21.029526 ], [ 105.851369, 21.029587 ] ] } },
{ "type": "Feature", "properties": { "u": 11305178256, "v": 11306485230, "key": 0 }, "geometry": { "type": "LineString", "coordinates": [ [ 105.851397, 21.029459 ], [ 105.851433, 21.029297 ], [ 105.851449, 21.029188 ] ] } },
{ "type": "Feature", "properties": { "u": 11306485230, "v": 11304265526, "key": 0 }, "geometry": { "type": "LineString", "coordinates": [ [ 105.851449, 21.029188 ], [ 105.851517, 21.029197 ] ] } },
{ "type": "Feature", "properties": { "u": 11306485230, "v": 11305178256, "key": 0 }, "geometry": { "type": "LineString", "coordinates": [ [ 105.851449, 21.029188 ], [ 105.851433, 21.029297 ], [ 105.851397, 21.029459 ] ] } },
{ "type": "Feature", "properties": { "u": 11306485230, "v": 11306485237, "key": 0 }, "geometry": { "type": "LineString", "coordinates": [ [ 105.851449, 21.029188 ], [ 105.85145, 21.029184 ], [ 105.851459, 21.029113 ], [ 105.851464, 21.029045 ], [ 105.851464, 21.028968 ], [ 105.851462, 21.028936 ] ] } },
{ "type": "Feature", "properties": { "u": 11306485237, "v": 11306485238, "key": 0 }, "geometry": { "type": "LineString", "coordinates": [ [ 105.851462, 21.028936 ], [ 105.851518, 21.028936 ] ] } },
{ "type": "Feature", "properties": { "u": 11306485237, "v": 11306485230, "key": 0 }, "geometry": { "type": "LineString", "coordinates": [ [ 105.851462, 21.028936 ], [ 105.851464, 21.028968 ], [ 105.851464, 21.029045 ], [ 105.851459, 21.029113 ], [ 105.85145, 21.029184 ], [ 105.851449, 21.029188 ] ] } },
{ "type": "Feature", "properties": { "u": 11306485237, "v": 11306485245, "key": 0 }, "geometry": { "type": "LineString", "coordinates": [ [ 105.851462, 21.028936 ], [ 105.85146, 21.028878 ], [ 105.851447, 21.028768 ], [ 105.851439, 21.02873 ] ] } },
{ "type": "Feature", "properties": { "u": 11306485238, "v": 11306485237, "key": 0 }, "geometry": { "type": "LineString", "coordinates": [ [ 105.851518, 21.028936 ], [ 105.851462, 21.028936 ] ] } },
{ "type": "Feature", "properties": { "u": 11306485238, "v": 11306485246, "key": 0 }, "geometry": { "type": "LineString", "coordinates": [ [ 105.851518, 21.028936 ], [ 105.851516, 21.028904 ], [ 105.851499, 21.028739 ], [ 105.851498, 21.028727 ] ] } },
{ "type": "Feature", "properties": { "u": 11306485238, "v": 11304265526, "key": 0 }, "geometry": { "type": "LineString", "coordinates": [ [ 105.851518, 21.028936 ], [ 105.851519, 21.028958 ], [ 105.85152, 21.029076 ], [ 105.851517, 21.029197 ] ] } },
{ "type": "Feature", "properties": { "u": 11306485245, "v": 11306485254, "key": 0 }, "geometry": { "type": "LineString", "coordinates": [ [ 105.851439, 21.02873 ], [ 105.851401, 21.028533 ] ] } },
{ "type": "Feature", "properties": { "u": 11306485245, "v": 11306485246, "key": 0 }, "geometry": { "type": "LineString", "coordinates": [ [ 105.851439, 21.02873 ], [ 105.851498, 21.028727 ] ] } },
{ "type": "Feature", "properties": { "u": 11306485245, "v": 11306485237, "key": 0 }, "geometry": { "type": "LineString", "coordinates": [ [ 105.851439, 21.02873 ], [ 105.851447, 21.028768 ], [ 105.85146, 21.028878 ], [ 105.851462, 21.028936 ] ] } },
{ "type": "Feature", "properties": { "u": 11306485246, "v": 11306485255, "key": 0 }, "geometry": { "type": "LineString", "coordinates": [ [ 105.851498, 21.028727 ], [ 105.851477, 21.028528 ] ] } },
{ "type": "Feature", "properties": { "u": 11306485246, "v": 11306485245, "key": 0 }, "geometry": { "type": "LineString", "coordinates": [ [ 105.851498, 21.028727 ], [ 105.851439, 21.02873 ] ] } },
{ "type": "Feature", "properties": { "u": 11306485246, "v": 11306485238, "key": 0 }, "geometry": { "type": "LineString", "coordinates": [ [ 105.851498, 21.028727 ], [ 105.851499, 21.028739 ], [ 105.851516, 21.028904 ], [ 105.851518, 21.028936 ] ] } },
{ "type": "Feature", "properties": { "u": 11306485254, "v": 11306485245, "key": 0 }, "geometry": { "type": "LineString", "coordinates": [ [ 105.851401, 21.028533 ], [ 105.851439, 21.02873 ] ] } },
{ "type": "Feature", "properties": { "u": 11306485254, "v": 11306485255, "key": 0 }, "geometry": { "type": "LineString", "coordinates": [ [ 105.851401, 21.028533 ], [ 105.851477, 21.028528 ] ] } },
{ "type": "Feature", "properties": { "u": 11306485254, "v": 11308870522, "key": 0 }, "geometry": { "type": "LineString", "coordinates": [ [ 105.851401, 21.028533 ], [ 105.851393, 21.028492 ], [ 105.851368, 21.028381 ] ] } },
{ "type": "Feature", "properties": { "u": 11306485255, "v": 11306485246, "key": 0 }, "geometry": { "type": "LineString", "coordinates": [ [ 105.851477, 21.028528 ], [ 105.851498, 21.028727 ] ] } },
{ "type": "Feature", "properties": { "u": 11306485255, "v": 11306485254, "key": 0 }, "geometry": { "type": "LineString", "coordinates": [ [ 105.851477, 21.028528 ], [ 105.851401, 21.028533 ] ] } },
{ "type": "Feature", "properties": { "u": 11306485255, "v": 11308870523, "key": 0 }, "geometry": { "type": "LineString", "coordinates": [ [ 105.851477, 21.028528 ], [ 105.851465, 21.028415 ], [ 105.851458, 21.028334 ], [ 105.851448, 21.028311 ] ] } },
{ "type": "Feature", "properties": { "u": 11307444193, "v": 11307444194, "key": 0 }, "geometry": { "type": "LineString", "coordinates": [ [ 105.852682, 21.025941 ], [ 105.852561, 21.025885 ] ] } },
{ "type": "Feature", "properties": { "u": 11307444193, "v": 11307444327, "key": 0 }, "geometry": { "type": "LineString", "coordinates": [ [ 105.852682, 21.025941 ], [ 105.852739, 21.025934 ], [ 105.852748, 21.025934 ], [ 105.852759, 21.025934 ], [ 105.852814, 21.025933 ], [ 105.852821, 21.025933 ] ] } },
{ "type": "Feature", "properties": { "u": 11307444193, "v": 11304265559, "key": 0 }, "geometry": { "type": "LineString", "coordinates": [ [ 105.852682, 21.025941 ], [ 105.852629, 21.025948 ], [ 105.852503, 21.025984 ], [ 105.852453, 21.026012 ] ] } },
{ "type": "Feature", "properties": { "u": 11307444194, "v": 11307444193, "key": 0 }, "geometry": { "type": "LineString", "coordinates": [ [ 105.852561, 21.025885 ], [ 105.852682, 21.025941 ] ] } },
{ "type": "Feature", "properties": { "u": 11307444194, "v": 11307444195, "key": 0 }, "geometry": { "type": "LineString", "coordinates": [ [ 105.852561, 21.025885 ], [ 105.852536, 21.025775 ] ] } },
{ "type": "Feature", "properties": { "u": 11307444194, "v": 11307444196, "key": 0 }, "geometry": { "type": "LineString", "coordinates": [ [ 105.852561, 21.025885 ], [ 105.852517, 21.025905 ], [ 105.852457, 21.025937 ], [ 105.852432, 21.025953 ] ] } },
{ "type": "Feature", "properties": { "u": 11307444195, "v": 11307444211, "key": 0 }, "geometry": { "type": "LineString", "coordinates": [ [ 105.852536, 21.025775 ], [ 105.852267, 21.025851 ] ] } },
{ "type": "Feature", "properties": { "u": 11307444195, "v": 11307444194, "key": 0 }, "geometry": { "type": "LineString", "coordinates": [ [ 105.852536, 21.025775 ], [ 105.852561, 21.025885 ] ] } },
{ "type": "Feature", "properties": { "u": 11307444195, "v": 11307444329, "key": 0 }, "geometry": { "type": "LineString", "coordinates": [ [ 105.852536, 21.025775 ], [ 105.85255, 21.02577 ], [ 105.852805, 21.025694 ] ] } },
{ "type": "Feature", "properties": { "u": 11307444196, "v": 11307444211, "key": 0 }, "geometry": { "type": "LineString", "coordinates": [ [ 105.852432, 21.025953 ], [ 105.852267, 21.025851 ] ] } },
{ "type": "Feature", "properties": { "u": 11307444196, "v": 11304265559, "key": 0 }, "geometry": { "type": "LineString", "coordinates": [ [ 105.852432, 21.025953 ], [ 105.852453, 21.026012 ] ] } },
{ "type": "Feature", "properties": { "u": 11307444196, "v": 11307444227, "key": 0 }, "geometry": { "type": "LineString", "coordinates": [ [ 105.852432, 21.025953 ], [ 105.852319, 21.026054 ] ] } },
{ "type": "Feature", "properties": { "u": 11307444196, "v": 11307444194, "key": 0 }, "geometry": { "type": "LineString", "coordinates": [ [ 105.852432, 21.025953 ], [ 105.852457, 21.025937 ], [ 105.852517, 21.025905 ], [ 105.852561, 21.025885 ] ] } },
{ "type": "Feature", "properties": { "u": 11307444196, "v": 11307444225, "key": 0 }, "geometry": { "type": "LineString", "coordinates": [ [ 105.852432, 21.025953 ], [ 105.852312, 21.025994 ], [ 105.852236, 21.026023 ] ] } },
{ "type": "Feature", "properties": { "u": 11307444211, "v": 11307444195, "key": 0 }, "geometry": { "type": "LineString", "coordinates": [ [ 105.852267, 21.025851 ], [ 105.852536, 21.025775 ] ] } },
{ "type": "Feature", "properties": { "u": 11307444211, "v": 11307444280, "key": 0 }, "geometry": { "type": "LineString", "coordinates": [ [ 105.852267, 21.025851 ], [ 105.852072, 21.025904 ] ] } },
{ "type": "Feature", "properties": { "u": 11307444211, "v": 11307444196, "key": 0 }, "geometry": { "type": "LineString", "coordinates": [ [ 105.852267, 21.025851 ], [ 105.852432, 21.025953 ] ] } },
{ "type": "Feature", "properties": { "u": 11307444211, "v": 11307444225, "key": 0 }, "geometry": { "type": "LineString", "coordinates": [ [ 105.852267, 21.025851 ], [ 105.852236, 21.026023 ] ] } },
{ "type": "Feature", "properties": { "u": 11307444224, "v": 11307444227, "key": 0 }, "geometry": { "type": "LineString", "coordinates": [ [ 105.852381, 21.026099 ], [ 105.852319, 21.026054 ] ] } },
{ "type": "Feature", "properties": { "u": 11307444224, "v": 11304265559, "key": 0 }, "geometry": { "type": "LineString", "coordinates": [ [ 105.852381, 21.026099 ], [ 105.852402, 21.026065 ], [ 105.852424, 21.026041 ], [ 105.852453, 21.026012 ] ] } },
{ "type": "Feature", "properties": { "u": 11307444224, "v": 11304265553, "key": 0 }, "geometry": { "type": "LineString", "coordinates": [ [ 105.852381, 21.026099 ], [ 105.85238, 21.0261 ], [ 105.852356, 21.02615 ], [ 105.852315, 21.026181 ], [ 105.852265, 21.026203 ], [ 105.852202, 21.026225 ] ] } },
{ "type": "Feature", "properties": { "u": 11307444225, "v": 11307444281, "key": 0 }, "geometry": { "type": "LineString", "coordinates": [ [ 105.852236, 21.026023 ], [ 105.852084, 21.026087 ] ] } },
{ "type": "Feature", "properties": { "u": 11307444225, "v": 11307444211, "key": 0 }, "geometry": { "type": "LineString", "coordinates": [ [ 105.852236, 21.026023 ], [ 105.852267, 21.025851 ] ] } },
{ "type": "Feature", "properties": { "u": 11307444225, "v": 11307444244, "key": 0 }, "geometry": { "type": "LineString", "coordinates": [ [ 105.852236, 21.026023 ], [ 105.852222, 21.026136 ] ] } },
{ "type": "Feature", "properties": { "u": 11307444225, "v": 11307444196, "key": 0 }, "geometry": { "type": "LineString", "coordinates": [ [ 105.852236, 21.026023 ], [ 105.852312, 21.025994 ], [ 105.852432, 21.025953 ] ] } },
{ "type": "Feature", "properties": { "u": 11307444226, "v": 11307611921, "key": 0 }, "geometry": { "type": "LineString", "coordinates": [ [ 105.852054, 21.026102 ], [ 105.851945, 21.026201 ] ] } },
{ "type": "Feature", "properties": { "u": 11307444226, "v": 11307444281, "key": 0 }, "geometry": { "type": "LineString", "coordinates": [ [ 105.852054, 21.026102 ], [ 105.852084, 21.026087 ] ] } },
{ "type": "Feature", "properties": { "u": 11307444226, "v": 11307444360, "key": 0 }, "geometry": { "type": "LineString", "coordinates": [ [ 105.852054, 21.026102 ], [ 105.851942, 21.025948 ] ] } },
{ "type": "Feature", "properties": { "u": 11307444226, "v": 11307444243, "key": 0 }, "geometry": { "type": "LineString", "coordinates": [ [ 105.852054, 21.026102 ], [ 105.852069, 21.026117 ], [ 105.852085, 21.026125 ], [ 105.852103, 21.026127 ], [ 105.852116, 21.026135 ], [ 105.852124, 21.026149 ], [ 105.852131, 21.026169 ], [ 105.852134, 21.026185 ], [ 105.852137, 21.026197 ] ] } },
{ "type": "Feature", "properties": { "u": 11307444227, "v": 11307444224, "key": 0 }, "geometry": { "type": "LineString", "coordinates": [ [ 105.852319, 21.026054 ], [ 105.852381, 21.026099 ] ] } },
{ "type": "Feature", "properties": { "u": 11307444227, "v": 11307444196, "key": 0 }, "geometry": { "type": "LineString", "coordinates": [ [ 105.852319, 21.026054 ], [ 105.852432, 21.025953 ] ] } },
{ "type": "Feature", "properties": { "u": 11307444227, "v": 11307444244, "key": 0 }, "geometry": { "type": "LineString", "coordinates": [ [ 105.852319, 21.026054 ], [ 105.852252, 21.02611 ], [ 105.852222, 21.026136 ] ] } },
{ "type": "Feature", "properties": { "u": 11307444243, "v": 11304265553, "key": 0 }, "geometry": { "type": "LineString", "coordinates": [ [ 105.852137, 21.026197 ], [ 105.852202, 21.026225 ] ] } },
{ "type": "Feature", "properties": { "u": 11307444243, "v": 11307444244, "key": 0 }, "geometry": { "type": "LineString", "coordinates": [ [ 105.852137, 21.026197 ], [ 105.852222, 21.026136 ] ] } },
{ "type": "Feature", "properties": { "u": 11307444243, "v": 11307611920, "key": 0 }, "geometry": { "type": "LineString", "coordinates": [ [ 105.852137, 21.026197 ], [ 105.852019, 21.026266 ] ] } },
{ "type": "Feature", "properties": { "u": 11307444243, "v": 11307444226, "key": 0 }, "geometry": { "type": "LineString", "coordinates": [ [ 105.852137, 21.026197 ], [ 105.852134, 21.026185 ], [ 105.852131, 21.026169 ], [ 105.852124, 21.026149 ], [ 105.852116, 21.026135 ], [ 105.852103, 21.026127 ], [ 105.852085, 21.026125 ], [ 105.852069, 21.026117 ], [ 105.852054, 21.026102 ] ] } },
{ "type": "Feature", "properties": { "u": 11307444244, "v": 11307444225, "key": 0 }, "geometry": { "type": "LineString", "coordinates": [ [ 105.852222, 21.026136 ], [ 105.852236, 21.026023 ] ] } },
{ "type": "Feature", "properties": { "u": 11307444244, "v": 11307444243, "key": 0 }, "geometry": { "type": "LineString", "coordinates": [ [ 105.852222, 21.026136 ], [ 105.852137, 21.026197 ] ] } },
{ "type": "Feature", "properties": { "u": 11307444244, "v": 11307444227, "key": 0 }, "geometry": { "type": "LineString", "coordinates": [ [ 105.852222, 21.026136 ], [ 105.852252, 21.02611 ], [ 105.852319, 21.026054 ] ] } },
{ "type": "Feature", "properties": { "u": 11307444280, "v": 11307444211, "key": 0 }, "geometry": { "type": "LineString", "coordinates": [ [ 105.852072, 21.025904 ], [ 105.852267, 21.025851 ] ] } },
{ "type": "Feature", "properties": { "u": 11307444280, "v": 11307444281, "key": 0 }, "geometry": { "type": "LineString", "coordinates": [ [ 105.852072, 21.025904 ], [ 105.852084, 21.026087 ] ] } },
{ "type": "Feature", "properties": { "u": 11307444280, "v": 11307444360, "key": 0 }, "geometry": { "type": "LineString", "coordinates": [ [ 105.852072, 21.025904 ], [ 105.852047, 21.025917 ], [ 105.851942, 21.025948 ] ] } },
{ "type": "Feature", "properties": { "u": 11307444281, "v": 11307444226, "key": 0 }, "geometry": { "type": "LineString", "coordinates": [ [ 105.852084, 21.026087 ], [ 105.852054, 21.026102 ] ] } },
{ "type": "Feature", "properties": { "u": 11307444281, "v": 11307444225, "key": 0 }, "geometry": { "type": "LineString", "coordinates": [ [ 105.852084, 21.026087 ], [ 105.852236, 21.026023 ] ] } },
{ "type": "Feature", "properties": { "u": 11307444281, "v": 11307444280, "key": 0 }, "geometry": { "type": "LineString", "coordinates": [ [ 105.852084, 21.026087 ], [ 105.852072, 21.025904 ] ] } },
{ "type": "Feature", "properties": { "u": 11307444327, "v": 11307444328, "key": 0 }, "geometry": { "type": "LineString", "coordinates": [ [ 105.852821, 21.025933 ], [ 105.852833, 21.025781 ] ] } },
{ "type": "Feature", "properties": { "u": 11307444327, "v": 11304265657, "key": 0 }, "geometry": { "type": "LineString", "coordinates": [ [ 105.852821, 21.025933 ], [ 105.852848, 21.025933 ], [ 105.85286, 21.025933 ], [ 105.852963, 21.025951 ], [ 105.853001, 21.025965 ] ] } },
{ "type": "Feature", "properties": { "u": 11307444327, "v": 11307444193, "key": 0 }, "geometry": { "type": "LineString", "coordinates": [ [ 105.852821, 21.025933 ], [ 105.852814, 21.025933 ], [ 105.852759, 21.025934 ], [ 105.852748, 21.025934 ], [ 105.852739, 21.025934 ], [ 105.852682, 21.025941 ] ] } },
{ "type": "Feature", "properties": { "u": 11307444328, "v": 11307444329, "key": 0 }, "geometry": { "type": "LineString", "coordinates": [ [ 105.852833, 21.025781 ], [ 105.852805, 21.025694 ] ] } },
{ "type": "Feature", "properties": { "u": 11307444328, "v": 11307444327, "key": 0 }, "geometry": { "type": "LineString", "coordinates": [ [ 105.852833, 21.025781 ], [ 105.852821, 21.025933 ] ] } },
{ "type": "Feature", "properties": { "u": 11307444328, "v": 11304265650, "key": 0 }, "geometry": { "type": "LineString", "coordinates": [ [ 105.852833, 21.025781 ], [ 105.85291, 21.02578 ] ] } },
{ "type": "Feature", "properties": { "u": 11307444329, "v": 11307444328, "key": 0 }, "geometry": { "type": "LineString", "coordinates": [ [ 105.852805, 21.025694 ], [ 105.852833, 21.025781 ] ] } },
{ "type": "Feature", "properties": { "u": 11307444329, "v": 5857305450, "key": 0 }, "geometry": { "type": "LineString", "coordinates": [ [ 105.852805, 21.025694 ], [ 105.852943, 21.025652 ], [ 105.852988, 21.025647 ], [ 105.853029, 21.02565 ], [ 105.853068, 21.025661 ] ] } },
{ "type": "Feature", "properties": { "u": 11307444329, "v": 11307444195, "key": 0 }, "geometry": { "type": "LineString", "coordinates": [ [ 105.852805, 21.025694 ], [ 105.85255, 21.02577 ], [ 105.852536, 21.025775 ] ] } },
{ "type": "Feature", "properties": { "u": 11307444360, "v": 8184606156, "key": 0 }, "geometry": { "type": "LineString", "coordinates": [ [ 105.851942, 21.025948 ], [ 105.851892, 21.025963 ] ] } },
{ "type": "Feature", "properties": { "u": 11307444360, "v": 11307444226, "key": 0 }, "geometry": { "type": "LineString", "coordinates": [ [ 105.851942, 21.025948 ], [ 105.852054, 21.026102 ] ] } },
{ "type": "Feature", "properties": { "u": 11307444360, "v": 11307444280, "key": 0 }, "geometry": { "type": "LineString", "coordinates": [ [ 105.851942, 21.025948 ], [ 105.852047, 21.025917 ], [ 105.852072, 21.025904 ] ] } },
{ "type": "Feature", "properties": { "u": 11307611920, "v": 11307611922, "key": 0 }, "geometry": { "type": "LineString", "coordinates": [ [ 105.852019, 21.026266 ], [ 105.85208, 21.026322 ] ] } },
{ "type": "Feature", "properties": { "u": 11307611920, "v": 11307611921, "key": 0 }, "geometry": { "type": "LineString", "coordinates": [ [ 105.852019, 21.026266 ], [ 105.851945, 21.026201 ] ] } },
{ "type": "Feature", "properties": { "u": 11307611920, "v": 11307444243, "key": 0 }, "geometry": { "type": "LineString", "coordinates": [ [ 105.852019, 21.026266 ], [ 105.852137, 21.026197 ] ] } },
{ "type": "Feature", "properties": { "u": 11307611920, "v": 11307716697, "key": 0 }, "geometry": { "type": "LineString", "coordinates": [ [ 105.852019, 21.026266 ], [ 105.851937, 21.026326 ], [ 105.851906, 21.026358 ], [ 105.851884, 21.026384 ], [ 105.851871, 21.026406 ] ] } },
{ "type": "Feature", "properties": { "u": 11307611921, "v": 11307444226, "key": 0 }, "geometry": { "type": "LineString", "coordinates": [ [ 105.851945, 21.026201 ], [ 105.852054, 21.026102 ] ] } },
{ "type": "Feature", "properties": { "u": 11307611921, "v": 11307611920, "key": 0 }, "geometry": { "type": "LineString", "coordinates": [ [ 105.851945, 21.026201 ], [ 105.852019, 21.026266 ] ] } },
{ "type": "Feature", "properties": { "u": 11307611921, "v": 11307611939, "key": 0 }, "geometry": { "type": "LineString", "coordinates": [ [ 105.851945, 21.026201 ], [ 105.851754, 21.026124 ] ] } },
{ "type": "Feature", "properties": { "u": 11307611921, "v": 11307716605, "key": 0 }, "geometry": { "type": "LineString", "coordinates": [ [ 105.851945, 21.026201 ], [ 105.851892, 21.026228 ], [ 105.851858, 21.026252 ], [ 105.851837, 21.026278 ], [ 105.851819, 21.026316 ], [ 105.851779, 21.026378 ] ] } },
{ "type": "Feature", "properties": { "u": 11307611922, "v": 11307611920, "key": 0 }, "geometry": { "type": "LineString", "coordinates": [ [ 105.85208, 21.026322 ], [ 105.852019, 21.026266 ] ] } },
{ "type": "Feature", "properties": { "u": 11307611922, "v": 11304265553, "key": 0 }, "geometry": { "type": "LineString", "coordinates": [ [ 105.85208, 21.026322 ], [ 105.852151, 21.026256 ], [ 105.852164, 21.026247 ], [ 105.852176, 21.026239 ], [ 105.852202, 21.026225 ] ] } },
{ "type": "Feature", "properties": { "u": 11307611922, "v": 11307716602, "key": 0 }, "geometry": { "type": "LineString", "coordinates": [ [ 105.85208, 21.026322 ], [ 105.852029, 21.026372 ], [ 105.851991, 21.02642 ], [ 105.851956, 21.026466 ], [ 105.851935, 21.026507 ], [ 105.851915, 21.026557 ], [ 105.851901, 21.026591 ] ] } },
{ "type": "Feature", "properties": { "u": 11307611939, "v": 5857305452, "key": 0 }, "geometry": { "type": "LineString", "coordinates": [ [ 105.851754, 21.026124 ], [ 105.85174, 21.026161 ] ] } },
{ "type": "Feature", "properties": { "u": 11307611939, "v": 11307611921, "key": 0 }, "geometry": { "type": "LineString", "coordinates": [ [ 105.851754, 21.026124 ], [ 105.851945, 21.026201 ] ] } },
{ "type": "Feature", "properties": { "u": 11307611939, "v": 8184606156, "key": 0 }, "geometry": { "type": "LineString", "coordinates": [ [ 105.851754, 21.026124 ], [ 105.851766, 21.02609 ], [ 105.851806, 21.026031 ], [ 105.851844, 21.025992 ], [ 105.851892, 21.025963 ] ] } },
{ "type": "Feature", "properties": { "u": 11307611942, "v": 11307716697, "key": 0 }, "geometry": { "type": "LineString", "coordinates": [ [ 105.851838, 21.026485 ], [ 105.851844, 21.026458 ], [ 105.851865, 21.026417 ], [ 105.851871, 21.026406 ] ] } },
{ "type": "Feature", "properties": { "u": 11307611942, "v": 11307611943, "key": 0 }, "geometry": { "type": "LineString", "coordinates": [ [ 105.851838, 21.026485 ], [ 105.851837, 21.026499 ], [ 105.851836, 21.026524 ], [ 105.85184, 21.026547 ], [ 105.851843, 21.02657 ] ] } },
{ "type": "Feature", "properties": { "u": 11307611942, "v": 11307716624, "key": 0 }, "geometry": { "type": "LineString", "coordinates": [ [ 105.851838, 21.026485 ], [ 105.851823, 21.026488 ], [ 105.851808, 21.02649 ], [ 105.851785, 21.026488 ], [ 105.851768, 21.026478 ], [ 105.851755, 21.026462 ] ] } },
{ "type": "Feature", "properties": { "u": 11307611943, "v": 11307716602, "key": 0 }, "geometry": { "type": "LineString", "coordinates": [ [ 105.851843, 21.02657 ], [ 105.851901, 21.026591 ] ] } },
{ "type": "Feature", "properties": { "u": 11307611943, "v": 11307716627, "key": 0 }, "geometry": { "type": "LineString", "coordinates": [ [ 105.851843, 21.02657 ], [ 105.851836, 21.026582 ] ] } },
{ "type": "Feature", "properties": { "u": 11307611943, "v": 11307611942, "key": 0 }, "geometry": { "type": "LineString", "coordinates": [ [ 105.851843, 21.02657 ], [ 105.85184, 21.026547 ], [ 105.851836, 21.026524 ], [ 105.851837, 21.026499 ], [ 105.851838, 21.026485 ] ] } },
{ "type": "Feature", "properties": { "u": 11307716602, "v": 11307611943, "key": 0 }, "geometry": { "type": "LineString", "coordinates": [ [ 105.851901, 21.026591 ], [ 105.851843, 21.02657 ] ] } },
{ "type": "Feature", "properties": { "u": 11307716602, "v": 11307611922, "key": 0 }, "geometry": { "type": "LineString", "coordinates": [ [ 105.851901, 21.026591 ], [ 105.851915, 21.026557 ], [ 105.851935, 21.026507 ], [ 105.851956, 21.026466 ], [ 105.851991, 21.02642 ], [ 105.852029, 21.026372 ], [ 105.85208, 21.026322 ] ] } },
{ "type": "Feature", "properties": { "u": 11307716602, "v": 11307716732, "key": 0 }, "geometry": { "type": "LineString", "coordinates": [ [ 105.851901, 21.026591 ], [ 105.851873, 21.026661 ], [ 105.851835, 21.026753 ], [ 105.85176, 21.026883 ], [ 105.851753, 21.026893 ] ] } },
{ "type": "Feature", "properties": { "u": 11307716605, "v": 11307716623, "key": 0 }, "geometry": { "type": "LineString", "coordinates": [ [ 105.851779, 21.026378 ], [ 105.851692, 21.026353 ] ] } },
{ "type": "Feature", "properties": { "u": 11307716605, "v": 11307716697, "key": 0 }, "geometry": { "type": "LineString", "coordinates": [ [ 105.851779, 21.026378 ], [ 105.851871, 21.026406 ] ] } },
{ "type": "Feature", "properties": { "u": 11307716605, "v": 11307716624, "key": 0 }, "geometry": { "type": "LineString", "coordinates": [ [ 105.851779, 21.026378 ], [ 105.851761, 21.026425 ], [ 105.851755, 21.026462 ] ] } },
{ "type": "Feature", "properties": { "u": 11307716605, "v": 11307611921, "key": 0 }, "geometry": { "type": "LineString", "coordinates": [ [ 105.851779, 21.026378 ], [ 105.851819, 21.026316 ], [ 105.851837, 21.026278 ], [ 105.851858, 21.026252 ], [ 105.851892, 21.026228 ], [ 105.851945, 21.026201 ] ] } },
{ "type": "Feature", "properties": { "u": 11307716623, "v": 5857305452, "key": 0 }, "geometry": { "type": "LineString", "coordinates": [ [ 105.851692, 21.026353 ], [ 105.85174, 21.026161 ] ] } },
{ "type": "Feature", "properties": { "u": 11307716623, "v": 11307716605, "key": 0 }, "geometry": { "type": "LineString", "coordinates": [ [ 105.851692, 21.026353 ], [ 105.851779, 21.026378 ] ] } },
{ "type": "Feature", "properties": { "u": 11307716623, "v": 11307716636, "key": 0 }, "geometry": { "type": "LineString", "coordinates": [ [ 105.851692, 21.026353 ], [ 105.851662, 21.026474 ], [ 105.851647, 21.026529 ] ] } },
{ "type": "Feature", "properties": { "u": 11307716624, "v": 11307716626, "key": 0 }, "geometry": { "type": "LineString", "coordinates": [ [ 105.851755, 21.026462 ], [ 105.851756, 21.026517 ], [ 105.851763, 21.026543 ], [ 105.851774, 21.026563 ] ] } },
{ "type": "Feature", "properties": { "u": 11307716624, "v": 11307716605, "key": 0 }, "geometry": { "type": "LineString", "coordinates": [ [ 105.851755, 21.026462 ], [ 105.851761, 21.026425 ], [ 105.851779, 21.026378 ] ] } },
{ "type": "Feature", "properties": { "u": 11307716624, "v": 11307611942, "key": 0 }, "geometry": { "type": "LineString", "coordinates": [ [ 105.851755, 21.026462 ], [ 105.851768, 21.026478 ], [ 105.851785, 21.026488 ], [ 105.851808, 21.02649 ], [ 105.851823, 21.026488 ], [ 105.851838, 21.026485 ] ] } },
{ "type": "Feature", "properties": { "u": 11307716626, "v": 11307716624, "key": 0 }, "geometry": { "type": "LineString", "coordinates": [ [ 105.851774, 21.026563 ], [ 105.851763, 21.026543 ], [ 105.851756, 21.026517 ], [ 105.851755, 21.026462 ] ] } },
{ "type": "Feature", "properties": { "u": 11307716626, "v": 11307716627, "key": 0 }, "geometry": { "type": "LineString", "coordinates": [ [ 105.851774, 21.026563 ], [ 105.851804, 21.026572 ], [ 105.851836, 21.026582 ] ] } },
{ "type": "Feature", "properties": { "u": 11307716626, "v": 11307716636, "key": 0 }, "geometry": { "type": "LineString", "coordinates": [ [ 105.851774, 21.026563 ], [ 105.85171, 21.026544 ], [ 105.851647, 21.026529 ] ] } },
{ "type": "Feature", "properties": { "u": 11307716627, "v": 11307611943, "key": 0 }, "geometry": { "type": "LineString", "coordinates": [ [ 105.851836, 21.026582 ], [ 105.851843, 21.02657 ] ] } },
{ "type": "Feature", "properties": { "u": 11307716627, "v": 11307716698, "key": 0 }, "geometry": { "type": "LineString", "coordinates": [ [ 105.851836, 21.026582 ], [ 105.851698, 21.026865 ] ] } },
{ "type": "Feature", "properties": { "u": 11307716627, "v": 11307716626, "key": 0 }, "geometry": { "type": "LineString", "coordinates": [ [ 105.851836, 21.026582 ], [ 105.851804, 21.026572 ], [ 105.851774, 21.026563 ] ] } },
{ "type": "Feature", "properties": { "u": 11307716636, "v": 11307716623, "key": 0 }, "geometry": { "type": "LineString", "coordinates": [ [ 105.851647, 21.026529 ], [ 105.851662, 21.026474 ], [ 105.851692, 21.026353 ] ] } },
{ "type": "Feature", "properties": { "u": 11307716636, "v": 6644656677, "key": 0 }, "geometry": { "type": "LineString", "coordinates": [ [ 105.851647, 21.026529 ], [ 105.851643, 21.02654 ], [ 105.851583, 21.026764 ] ] } },
{ "type": "Feature", "properties": { "u": 11307716636, "v": 11307716626, "key": 0 }, "geometry": { "type": "LineString", "coordinates": [ [ 105.851647, 21.026529 ], [ 105.85171, 21.026544 ], [ 105.851774, 21.026563 ] ] } },
{ "type": "Feature", "properties": { "u": 11307716697, "v": 11307716605, "key": 0 }, "geometry": { "type": "LineString", "coordinates": [ [ 105.851871, 21.026406 ], [ 105.851779, 21.026378 ] ] } },
{ "type": "Feature", "properties": { "u": 11307716697, "v": 11307611920, "key": 0 }, "geometry": { "type": "LineString", "coordinates": [ [ 105.851871, 21.026406 ], [ 105.851884, 21.026384 ], [ 105.851906, 21.026358 ], [ 105.851937, 21.026326 ], [ 105.852019, 21.026266 ] ] } },
{ "type": "Feature", "properties": { "u": 11307716697, "v": 11307611942, "key": 0 }, "geometry": { "type": "LineString", "coordinates": [ [ 105.851871, 21.026406 ], [ 105.851865, 21.026417 ], [ 105.851844, 21.026458 ], [ 105.851838, 21.026485 ] ] } },
{ "type": "Feature", "properties": { "u": 11307716698, "v": 11307716627, "key": 0 }, "geometry": { "type": "LineString", "coordinates": [ [ 105.851698, 21.026865 ], [ 105.851836, 21.026582 ] ] } },
{ "type": "Feature", "properties": { "u": 11307716698, "v": 11307716732, "key": 0 }, "geometry": { "type": "LineString", "coordinates": [ [ 105.851698, 21.026865 ], [ 105.851753, 21.026893 ] ] } },
{ "type": "Feature", "properties": { "u": 11307716698, "v": 11307716749, "key": 0 }, "geometry": { "type": "LineString", "coordinates": [ [ 105.851698, 21.026865 ], [ 105.851648, 21.026966 ], [ 105.851621, 21.027041 ] ] } },
{ "type": "Feature", "properties": { "u": 11307716698, "v": 11307716700, "key": 0 }, "geometry": { "type": "LineString", "coordinates": [ [ 105.851698, 21.026865 ], [ 105.851636, 21.026849 ], [ 105.851564, 21.026831 ] ] } },
{ "type": "Feature", "properties": { "u": 11307716700, "v": 6644656677, "key": 0 }, "geometry": { "type": "LineString", "coordinates": [ [ 105.851564, 21.026831 ], [ 105.851583, 21.026764 ] ] } },
{ "type": "Feature", "properties": { "u": 11307716700, "v": 11307716750, "key": 0 }, "geometry": { "type": "LineString", "coordinates": [ [ 105.851564, 21.026831 ], [ 105.851517, 21.027004 ], [ 105.851514, 21.027015 ] ] } },
{ "type": "Feature", "properties": { "u": 11307716700, "v": 11307716698, "key": 0 }, "geometry": { "type": "LineString", "coordinates": [ [ 105.851564, 21.026831 ], [ 105.851636, 21.026849 ], [ 105.851698, 21.026865 ] ] } },
{ "type": "Feature", "properties": { "u": 11307716732, "v": 11307716698, "key": 0 }, "geometry": { "type": "LineString", "coordinates": [ [ 105.851753, 21.026893 ], [ 105.851698, 21.026865 ] ] } },
{ "type": "Feature", "properties": { "u": 11307716732, "v": 11307716602, "key": 0 }, "geometry": { "type": "LineString", "coordinates": [ [ 105.851753, 21.026893 ], [ 105.85176, 21.026883 ], [ 105.851835, 21.026753 ], [ 105.851873, 21.026661 ], [ 105.851901, 21.026591 ] ] } },
{ "type": "Feature", "properties": { "u": 11307716732, "v": 11307716784, "key": 0 }, "geometry": { "type": "LineString", "coordinates": [ [ 105.851753, 21.026893 ], [ 105.85169, 21.026994 ], [ 105.851669, 21.027047 ], [ 105.85165, 21.027123 ], [ 105.851635, 21.027223 ], [ 105.851632, 21.027248 ] ] } },
{ "type": "Feature", "properties": { "u": 11307716747, "v": 11307716848, "key": 0 }, "geometry": { "type": "LineString", "coordinates": [ [ 105.851456, 21.0276 ], [ 105.851367, 21.027579 ] ] } },
{ "type": "Feature", "properties": { "u": 11307716747, "v": 11307716862, "key": 0 }, "geometry": { "type": "LineString", "coordinates": [ [ 105.851456, 21.0276 ], [ 105.851538, 21.027619 ] ] } },
{ "type": "Feature", "properties": { "u": 11307716747, "v": 11307716836, "key": 0 }, "geometry": { "type": "LineString", "coordinates": [ [ 105.851456, 21.0276 ], [ 105.851494, 21.027487 ], [ 105.851526, 21.027377 ] ] } },
{ "type": "Feature", "properties": { "u": 11307716747, "v": 11307716868, "key": 0 }, "geometry": { "type": "LineString", "coordinates": [ [ 105.851456, 21.0276 ], [ 105.851448, 21.027679 ], [ 105.851452, 21.027779 ], [ 105.851451, 21.027826 ] ] } },
{ "type": "Feature", "properties": { "u": 11307716749, "v": 11307716750, "key": 0 }, "geometry": { "type": "LineString", "coordinates": [ [ 105.851621, 21.027041 ], [ 105.851514, 21.027015 ] ] } },
{ "type": "Feature", "properties": { "u": 11307716749, "v": 11307716698, "key": 0 }, "geometry": { "type": "LineString", "coordinates": [ [ 105.851621, 21.027041 ], [ 105.851648, 21.026966 ], [ 105.851698, 21.026865 ] ] } },
{ "type": "Feature", "properties": { "u": 11307716749, "v": 11307716782, "key": 0 }, "geometry": { "type": "LineString", "coordinates": [ [ 105.851621, 21.027041 ], [ 105.851614, 21.027057 ], [ 105.851564, 21.027243 ] ] } },
{ "type": "Feature", "properties": { "u": 11307716750, "v": 11307716783, "key": 0 }, "geometry": { "type": "LineString", "coordinates": [ [ 105.851514, 21.027015 ], [ 105.851461, 21.027219 ] ] } },
{ "type": "Feature", "properties": { "u": 11307716750, "v": 11307716749, "key": 0 }, "geometry": { "type": "LineString", "coordinates": [ [ 105.851514, 21.027015 ], [ 105.851621, 21.027041 ] ] } },
{ "type": "Feature", "properties": { "u": 11307716750, "v": 11307716700, "key": 0 }, "geometry": { "type": "LineString", "coordinates": [ [ 105.851514, 21.027015 ], [ 105.851517, 21.027004 ], [ 105.851564, 21.026831 ] ] } },
{ "type": "Feature", "properties": { "u": 11307716782, "v": 11307716783, "key": 0 }, "geometry": { "type": "LineString", "coordinates": [ [ 105.851564, 21.027243 ], [ 105.851461, 21.027219 ] ] } },
{ "type": "Feature", "properties": { "u": 11307716782, "v": 11307716784, "key": 0 }, "geometry": { "type": "LineString", "coordinates": [ [ 105.851564, 21.027243 ], [ 105.851632, 21.027248 ] ] } },
{ "type": "Feature", "properties": { "u": 11307716782, "v": 11307716749, "key": 0 }, "geometry": { "type": "LineString", "coordinates": [ [ 105.851564, 21.027243 ], [ 105.851614, 21.027057 ], [ 105.851621, 21.027041 ] ] } },
{ "type": "Feature", "properties": { "u": 11307716782, "v": 11307716836, "key": 0 }, "geometry": { "type": "LineString", "coordinates": [ [ 105.851564, 21.027243 ], [ 105.851543, 21.02732 ], [ 105.851533, 21.027356 ], [ 105.851526, 21.027377 ] ] } },
{ "type": "Feature", "properties": { "u": 11307716783, "v": 11307716750, "key": 0 }, "geometry": { "type": "LineString", "coordinates": [ [ 105.851461, 21.027219 ], [ 105.851514, 21.027015 ] ] } },
{ "type": "Feature", "properties": { "u": 11307716783, "v": 11307716787, "key": 0 }, "geometry": { "type": "LineString", "coordinates": [ [ 105.851461, 21.027219 ], [ 105.851431, 21.027334 ] ] } },
{ "type": "Feature", "properties": { "u": 11307716783, "v": 11307716782, "key": 0 }, "geometry": { "type": "LineString", "coordinates": [ [ 105.851461, 21.027219 ], [ 105.851564, 21.027243 ] ] } },
{ "type": "Feature", "properties": { "u": 11307716784, "v": 11307716782, "key": 0 }, "geometry": { "type": "LineString", "coordinates": [ [ 105.851632, 21.027248 ], [ 105.851564, 21.027243 ] ] } },
{ "type": "Feature", "properties": { "u": 11307716784, "v": 11307716732, "key": 0 }, "geometry": { "type": "LineString", "coordinates": [ [ 105.851632, 21.027248 ], [ 105.851635, 21.027223 ], [ 105.85165, 21.027123 ], [ 105.851669, 21.027047 ], [ 105.85169, 21.026994 ], [ 105.851753, 21.026893 ] ] } },
{ "type": "Feature", "properties": { "u": 11307716784, "v": 11307716862, "key": 0 }, "geometry": { "type": "LineString", "coordinates": [ [ 105.851632, 21.027248 ], [ 105.851629, 21.027272 ], [ 105.851613, 21.027346 ], [ 105.851587, 21.02742 ], [ 105.851566, 21.027473 ], [ 105.851544, 21.02758 ], [ 105.851538, 21.027619 ] ] } },
{ "type": "Feature", "properties": { "u": 11307716787, "v": 11307716783, "key": 0 }, "geometry": { "type": "LineString", "coordinates": [ [ 105.851431, 21.027334 ], [ 105.851461, 21.027219 ] ] } },
{ "type": "Feature", "properties": { "u": 11307716787, "v": 11307716828, "key": 0 }, "geometry": { "type": "LineString", "coordinates": [ [ 105.851431, 21.027334 ], [ 105.851423, 21.027366 ] ] } },
{ "type": "Feature", "properties": { "u": 11307716787, "v": 11307716835, "key": 0 }, "geometry": { "type": "LineString", "coordinates": [ [ 105.851431, 21.027334 ], [ 105.85145, 21.027329 ], [ 105.851466, 21.027328 ], [ 105.851482, 21.02733 ], [ 105.851496, 21.027333 ], [ 105.851505, 21.027341 ], [ 105.85151, 21.02735 ], [ 105.851505, 21.02737 ] ] } },
{ "type": "Feature", "properties": { "u": 11307716828, "v": 11307716787, "key": 0 }, "geometry": { "type": "LineString", "coordinates": [ [ 105.851423, 21.027366 ], [ 105.851431, 21.027334 ] ] } },
{ "type": "Feature", "properties": { "u": 11307716828, "v": 11307716848, "key": 0 }, "geometry": { "type": "LineString", "coordinates": [ [ 105.851423, 21.027366 ], [ 105.851367, 21.027579 ] ] } },
{ "type": "Feature", "properties": { "u": 11307716828, "v": 11307716835, "key": 0 }, "geometry": { "type": "LineString", "coordinates": [ [ 105.851423, 21.027366 ], [ 105.851435, 21.027379 ], [ 105.851451, 21.027387 ], [ 105.851466, 21.02739 ], [ 105.851479, 21.027392 ], [ 105.851492, 21.027391 ], [ 105.8515, 21.027389 ], [ 105.851505, 21.02737 ] ] } },
{ "type": "Feature", "properties": { "u": 11307716835, "v": 11307716836, "key": 0 }, "geometry": { "type": "LineString", "coordinates": [ [ 105.851505, 21.02737 ], [ 105.851526, 21.027377 ] ] } },
{ "type": "Feature", "properties": { "u": 11307716835, "v": 11307716787, "key": 0 }, "geometry": { "type": "LineString", "coordinates": [ [ 105.851505, 21.02737 ], [ 105.85151, 21.02735 ], [ 105.851505, 21.027341 ], [ 105.851496, 21.027333 ], [ 105.851482, 21.02733 ], [ 105.851466, 21.027328 ], [ 105.85145, 21.027329 ], [ 105.851431, 21.027334 ] ] } },
{ "type": "Feature", "properties": { "u": 11307716835, "v": 11307716828, "key": 0 }, "geometry": { "type": "LineString", "coordinates": [ [ 105.851505, 21.02737 ], [ 105.8515, 21.027389 ], [ 105.851492, 21.027391 ], [ 105.851479, 21.027392 ], [ 105.851466, 21.02739 ], [ 105.851451, 21.027387 ], [ 105.851435, 21.027379 ], [ 105.851423, 21.027366 ] ] } },
{ "type": "Feature", "properties": { "u": 11307716836, "v": 11307716835, "key": 0 }, "geometry": { "type": "LineString", "coordinates": [ [ 105.851526, 21.027377 ], [ 105.851505, 21.02737 ] ] } },
{ "type": "Feature", "properties": { "u": 11307716836, "v": 11307716782, "key": 0 }, "geometry": { "type": "LineString", "coordinates": [ [ 105.851526, 21.027377 ], [ 105.851533, 21.027356 ], [ 105.851543, 21.02732 ], [ 105.851564, 21.027243 ] ] } },
{ "type": "Feature", "properties": { "u": 11307716836, "v": 11307716747, "key": 0 }, "geometry": { "type": "LineString", "coordinates": [ [ 105.851526, 21.027377 ], [ 105.851494, 21.027487 ], [ 105.851456, 21.0276 ] ] } },
{ "type": "Feature", "properties": { "u": 11307716848, "v": 11307716828, "key": 0 }, "geometry": { "type": "LineString", "coordinates": [ [ 105.851367, 21.027579 ], [ 105.851423, 21.027366 ] ] } },
{ "type": "Feature", "properties": { "u": 11307716848, "v": 6644656682, "key": 0 }, "geometry": { "type": "LineString", "coordinates": [ [ 105.851367, 21.027579 ], [ 105.851315, 21.027771 ] ] } },
{ "type": "Feature", "properties": { "u": 11307716848, "v": 11307716747, "key": 0 }, "geometry": { "type": "LineString", "coordinates": [ [ 105.851367, 21.027579 ], [ 105.851456, 21.0276 ] ] } },
{ "type": "Feature", "properties": { "u": 11307716862, "v": 11307716747, "key": 0 }, "geometry": { "type": "LineString", "coordinates": [ [ 105.851538, 21.027619 ], [ 105.851456, 21.0276 ] ] } },
{ "type": "Feature", "properties": { "u": 11307716862, "v": 11307716784, "key": 0 }, "geometry": { "type": "LineString", "coordinates": [ [ 105.851538, 21.027619 ], [ 105.851544, 21.02758 ], [ 105.851566, 21.027473 ], [ 105.851587, 21.02742 ], [ 105.851613, 21.027346 ], [ 105.851629, 21.027272 ], [ 105.851632, 21.027248 ] ] } },
{ "type": "Feature", "properties": { "u": 11307716862, "v": 11304265534, "key": 0 }, "geometry": { "type": "LineString", "coordinates": [ [ 105.851538, 21.027619 ], [ 105.851515, 21.027766 ], [ 105.851479, 21.027975 ], [ 105.851452, 21.028079 ] ] } },
{ "type": "Feature", "properties": { "u": 11307716867, "v": 6644656682, "key": 0 }, "geometry": { "type": "LineString", "coordinates": [ [ 105.851309, 21.027793 ], [ 105.851315, 21.027771 ] ] } },
{ "type": "Feature", "properties": { "u": 11307716867, "v": 11307716891, "key": 0 }, "geometry": { "type": "LineString", "coordinates": [ [ 105.851309, 21.027793 ], [ 105.851279, 21.027902 ], [ 105.851271, 21.027962 ], [ 105.851279, 21.028036 ], [ 105.85131, 21.028143 ] ] } },
{ "type": "Feature", "properties": { "u": 11307716867, "v": 11307716868, "key": 0 }, "geometry": { "type": "LineString", "coordinates": [ [ 105.851309, 21.027793 ], [ 105.85138, 21.027809 ], [ 105.851451, 21.027826 ] ] } },
{ "type": "Feature", "properties": { "u": 11307716868, "v": 11307716747, "key": 0 }, "geometry": { "type": "LineString", "coordinates": [ [ 105.851451, 21.027826 ], [ 105.851452, 21.027779 ], [ 105.851448, 21.027679 ], [ 105.851456, 21.0276 ] ] } },
{ "type": "Feature", "properties": { "u": 11307716868, "v": 11307716872, "key": 0 }, "geometry": { "type": "LineString", "coordinates": [ [ 105.851451, 21.027826 ], [ 105.85145, 21.027891 ], [ 105.851423, 21.028072 ] ] } },
{ "type": "Feature", "properties": { "u": 11307716868, "v": 11307716867, "key": 0 }, "geometry": { "type": "LineString", "coordinates": [ [ 105.851451, 21.027826 ], [ 105.85138, 21.027809 ], [ 105.851309, 21.027793 ] ] } },
{ "type": "Feature", "properties": { "u": 11307716872, "v": 11307716891, "key": 0 }, "geometry": { "type": "LineString", "coordinates": [ [ 105.851423, 21.028072 ], [ 105.85131, 21.028143 ] ] } },
{ "type": "Feature", "properties": { "u": 11307716872, "v": 11304265534, "key": 0 }, "geometry": { "type": "LineString", "coordinates": [ [ 105.851423, 21.028072 ], [ 105.851452, 21.028079 ] ] } },
{ "type": "Feature", "properties": { "u": 11307716872, "v": 11307716868, "key": 0 }, "geometry": { "type": "LineString", "coordinates": [ [ 105.851423, 21.028072 ], [ 105.85145, 21.027891 ], [ 105.851451, 21.027826 ] ] } },
{ "type": "Feature", "properties": { "u": 11307716891, "v": 11307716872, "key": 0 }, "geometry": { "type": "LineString", "coordinates": [ [ 105.85131, 21.028143 ], [ 105.851423, 21.028072 ] ] } },
{ "type": "Feature", "properties": { "u": 11307716891, "v": 11307716867, "key": 0 }, "geometry": { "type": "LineString", "coordinates": [ [ 105.85131, 21.028143 ], [ 105.851279, 21.028036 ], [ 105.851271, 21.027962 ], [ 105.851279, 21.027902 ], [ 105.851309, 21.027793 ] ] } },
{ "type": "Feature", "properties": { "u": 11307716891, "v": 11311214214, "key": 0 }, "geometry": { "type": "LineString", "coordinates": [ [ 105.85131, 21.028143 ], [ 105.851317, 21.028166 ], [ 105.851335, 21.028236 ] ] } },
{ "type": "Feature", "properties": { "u": 11308870522, "v": 11306485254, "key": 0 }, "geometry": { "type": "LineString", "coordinates": [ [ 105.851368, 21.028381 ], [ 105.851393, 21.028492 ], [ 105.851401, 21.028533 ] ] } },
{ "type": "Feature", "properties": { "u": 11308870522, "v": 11308870554, "key": 0 }, "geometry": { "type": "LineString", "coordinates": [ [ 105.851368, 21.028381 ], [ 105.851363, 21.028358 ], [ 105.851358, 21.028334 ] ] } },
{ "type": "Feature", "properties": { "u": 11308870522, "v": 11308870523, "key": 0 }, "geometry": { "type": "LineString", "coordinates": [ [ 105.851368, 21.028381 ], [ 105.8514, 21.028374 ], [ 105.85141, 21.028366 ], [ 105.851424, 21.028347 ], [ 105.851436, 21.028328 ], [ 105.851442, 21.028318 ], [ 105.851448, 21.028311 ] ] } },
{ "type": "Feature", "properties": { "u": 11308870523, "v": 11304265534, "key": 0 }, "geometry": { "type": "LineString", "coordinates": [ [ 105.851448, 21.028311 ], [ 105.851445, 21.028279 ], [ 105.851441, 21.028215 ], [ 105.85144, 21.028164 ], [ 105.851446, 21.028104 ], [ 105.851452, 21.028079 ] ] } },
{ "type": "Feature", "properties": { "u": 11308870523, "v": 11306485255, "key": 0 }, "geometry": { "type": "LineString", "coordinates": [ [ 105.851448, 21.028311 ], [ 105.851458, 21.028334 ], [ 105.851465, 21.028415 ], [ 105.851477, 21.028528 ] ] } },
{ "type": "Feature", "properties": { "u": 11308870523, "v": 11308870522, "key": 0 }, "geometry": { "type": "LineString", "coordinates": [ [ 105.851448, 21.028311 ], [ 105.851442, 21.028318 ], [ 105.851436, 21.028328 ], [ 105.851424, 21.028347 ], [ 105.85141, 21.028366 ], [ 105.8514, 21.028374 ], [ 105.851368, 21.028381 ] ] } },
{ "type": "Feature", "properties": { "u": 11308870545, "v": 11311214214, "key": 0 }, "geometry": { "type": "LineString", "coordinates": [ [ 105.851343, 21.028267 ], [ 105.851335, 21.028236 ] ] } },
{ "type": "Feature", "properties": { "u": 11308870545, "v": 11308870554, "key": 0 }, "geometry": { "type": "LineString", "coordinates": [ [ 105.851343, 21.028267 ], [ 105.851345, 21.028276 ], [ 105.851358, 21.028334 ] ] } },
{ "type": "Feature", "properties": { "u": 11308870545, "v": 11308870554, "key": 1 }, "geometry": { "type": "LineString", "coordinates": [ [ 105.851343, 21.028267 ], [ 105.851369, 21.02826 ], [ 105.851392, 21.028255 ], [ 105.8514, 21.028255 ], [ 105.851404, 21.028258 ], [ 105.851419, 21.028315 ], [ 105.851417, 21.028319 ], [ 105.851413, 21.028321 ], [ 105.851387, 21.028327 ], [ 105.851358, 21.028334 ] ] } },
{ "type": "Feature", "properties": { "u": 11308870554, "v": 11308870522, "key": 0 }, "geometry": { "type": "LineString", "coordinates": [ [ 105.851358, 21.028334 ], [ 105.851363, 21.028358 ], [ 105.851368, 21.028381 ] ] } },
{ "type": "Feature", "properties": { "u": 11308870554, "v": 11308870545, "key": 0 }, "geometry": { "type": "LineString", "coordinates": [ [ 105.851358, 21.028334 ], [ 105.851345, 21.028276 ], [ 105.851343, 21.028267 ] ] } },
{ "type": "Feature", "properties": { "u": 11308870554, "v": 11308870545, "key": 1 }, "geometry": { "type": "LineString", "coordinates": [ [ 105.851358, 21.028334 ], [ 105.851387, 21.028327 ], [ 105.851413, 21.028321 ], [ 105.851417, 21.028319 ], [ 105.851419, 21.028315 ], [ 105.851404, 21.028258 ], [ 105.8514, 21.028255 ], [ 105.851392, 21.028255 ], [ 105.851369, 21.02826 ], [ 105.851343, 21.028267 ] ] } },
{ "type": "Feature", "properties": { "u": 11311214214, "v": 11308870545, "key": 0 }, "geometry": { "type": "LineString", "coordinates": [ [ 105.851335, 21.028236 ], [ 105.851343, 21.028267 ] ] } },
{ "type": "Feature", "properties": { "u": 11311214214, "v": 11307716891, "key": 0 }, "geometry": { "type": "LineString", "coordinates": [ [ 105.851335, 21.028236 ], [ 105.851317, 21.028166 ], [ 105.85131, 21.028143 ] ] } },
{ "type": "Feature", "properties": { "u": 11311214214, "v": 6644523698, "key": 0 }, "geometry": { "type": "LineString", "coordinates": [ [ 105.851335, 21.028236 ], [ 105.851314, 21.028241 ], [ 105.851266, 21.028248 ] ] } },
{ "type": "Feature", "properties": { "u": 11311214215, "v": 6644523698, "key": 0 }, "geometry": { "type": "LineString", "coordinates": [ [ 105.851218, 21.028267 ], [ 105.851266, 21.028248 ] ] } },
{ "type": "Feature", "properties": { "u": 11314900771, "v": 11304265613, "key": 0 }, "geometry": { "type": "LineString", "coordinates": [ [ 105.851383, 21.031677 ], [ 105.851354, 21.031644 ] ] } },
{ "type": "Feature", "properties": { "u": 11314900771, "v": 11304890243, "key": 0 }, "geometry": { "type": "LineString", "coordinates": [ [ 105.851383, 21.031677 ], [ 105.8514, 21.031696 ], [ 105.851468, 21.031741 ], [ 105.851547, 21.031772 ], [ 105.851614, 21.031786 ] ] } },
{ "type": "Feature", "properties": { "u": 11314900771, "v": 11314900772, "key": 0 }, "geometry": { "type": "LineString", "coordinates": [ [ 105.851383, 21.031677 ], [ 105.851358, 21.031699 ], [ 105.851313, 21.03174 ] ] } },
{ "type": "Feature", "properties": { "u": 11314900772, "v": 11314900771, "key": 0 }, "geometry": { "type": "LineString", "coordinates": [ [ 105.851313, 21.03174 ], [ 105.851358, 21.031699 ], [ 105.851383, 21.031677 ] ] } },
{ "type": "Feature", "properties": { "u": 11314900772, "v": 75617760, "key": 0 }, "geometry": { "type": "LineString", "coordinates": [ [ 105.851313, 21.03174 ], [ 105.851152, 21.03158 ], [ 105.851053, 21.031469 ], [ 105.851002, 21.031406 ] ] } },
{ "type": "Feature", "properties": { "u": 11323279183, "v": 11304265655, "key": 0 }, "geometry": { "type": "LineString", "coordinates": [ [ 105.853179, 21.025778 ], [ 105.853104, 21.025779 ] ] } },
{ "type": "Feature", "properties": { "u": 11323279183, "v": 11163896863, "key": 0 }, "geometry": { "type": "LineString", "coordinates": [ [ 105.853179, 21.025778 ], [ 105.853173, 21.025752 ], [ 105.853165, 21.025732 ], [ 105.853152, 21.025711 ] ] } },
{ "type": "Feature", "properties": { "u": 11323279183, "v": 11304265507, "key": 0 }, "geometry": { "type": "LineString", "coordinates": [ [ 105.853179, 21.025778 ], [ 105.85318, 21.025786 ], [ 105.853192, 21.025839 ], [ 105.853219, 21.025971 ], [ 105.85325, 21.026102 ], [ 105.853258, 21.026175 ], [ 105.853259, 21.026184 ] ] } },
{ "type": "Feature", "properties": { "u": 11323279195, "v": 10555858429, "key": 0 }, "geometry": { "type": "LineString", "coordinates": [ [ 105.853381, 21.026864 ], [ 105.853352, 21.02669 ] ] } },
{ "type": "Feature", "properties": { "u": 11323279195, "v": 11323279196, "key": 0 }, "geometry": { "type": "LineString", "coordinates": [ [ 105.853381, 21.026864 ], [ 105.85329, 21.026874 ] ] } },
{ "type": "Feature", "properties": { "u": 11323279195, "v": 11304265668, "key": 0 }, "geometry": { "type": "LineString", "coordinates": [ [ 105.853381, 21.026864 ], [ 105.853403, 21.026994 ], [ 105.853424, 21.027128 ] ] } },
{ "type": "Feature", "properties": { "u": 11323279196, "v": 11323279195, "key": 0 }, "geometry": { "type": "LineString", "coordinates": [ [ 105.85329, 21.026874 ], [ 105.853381, 21.026864 ] ] } },
{ "type": "Feature", "properties": { "u": 11323279196, "v": 11304265669, "key": 0 }, "geometry": { "type": "LineString", "coordinates": [ [ 105.85329, 21.026874 ], [ 105.853318, 21.027063 ], [ 105.853331, 21.02714 ] ] } },
{ "type": "Feature", "properties": { "u": 11323279196, "v": 11304265666, "key": 0 }, "geometry": { "type": "LineString", "coordinates": [ [ 105.85329, 21.026874 ], [ 105.853261, 21.026678 ], [ 105.853258, 21.026663 ] ] } },
{ "type": "Feature", "properties": { "u": 11323279228, "v": 963611926, "key": 0 }, "geometry": { "type": "LineString", "coordinates": [ [ 105.853663, 21.028632 ], [ 105.85368, 21.028735 ] ] } },
{ "type": "Feature", "properties": { "u": 11323279228, "v": 11304898110, "key": 0 }, "geometry": { "type": "LineString", "coordinates": [ [ 105.853663, 21.028632 ], [ 105.853659, 21.028611 ], [ 105.853651, 21.028563 ], [ 105.853645, 21.028521 ], [ 105.853623, 21.028377 ] ] } },
{ "type": "Feature", "properties": { "u": 11323279228, "v": 11304265575, "key": 0 }, "geometry": { "type": "LineString", "coordinates": [ [ 105.853663, 21.028632 ], [ 105.853649, 21.028637 ], [ 105.853635, 21.028643 ], [ 105.85362, 21.028656 ], [ 105.853612, 21.028677 ], [ 105.853604, 21.028714 ], [ 105.853598, 21.028752 ], [ 105.853592, 21.02876 ], [ 105.853578, 21.028763 ] ] } },
{ "type": "Feature", "properties": { "u": 11329521243, "v": 11304898111, "key": 0 }, "geometry": { "type": "LineString", "coordinates": [ [ 105.853504, 21.028239 ], [ 105.853526, 21.028389 ] ] } },
{ "type": "Feature", "properties": { "u": 11329521243, "v": 11305152243, "key": 0 }, "geometry": { "type": "LineString", "coordinates": [ [ 105.853504, 21.028239 ], [ 105.853483, 21.028095 ] ] } },
{ "type": "Feature", "properties": { "u": 11329521243, "v": 11329521244, "key": 0 }, "geometry": { "type": "LineString", "coordinates": [ [ 105.853504, 21.028239 ], [ 105.853599, 21.028226 ] ] } },
{ "type": "Feature", "properties": { "u": 11329521244, "v": 11305152242, "key": 0 }, "geometry": { "type": "LineString", "coordinates": [ [ 105.853599, 21.028226 ], [ 105.853577, 21.028082 ] ] } },
{ "type": "Feature", "properties": { "u": 11329521244, "v": 11304898110, "key": 0 }, "geometry": { "type": "LineString", "coordinates": [ [ 105.853599, 21.028226 ], [ 105.853623, 21.028377 ] ] } },
{ "type": "Feature", "properties": { "u": 11329521244, "v": 11329521243, "key": 0 }, "geometry": { "type": "LineString", "coordinates": [ [ 105.853599, 21.028226 ], [ 105.853504, 21.028239 ] ] } },
{ "type": "Feature", "properties": { "u": 11331266689, "v": 11331266724, "key": 0 }, "geometry": { "type": "LineString", "coordinates": [ [ 105.852369, 21.031605 ], [ 105.852533, 21.031585 ] ] } },
{ "type": "Feature", "properties": { "u": 11331266689, "v": 11304581255, "key": 0 }, "geometry": { "type": "LineString", "coordinates": [ [ 105.852369, 21.031605 ], [ 105.852298, 21.031664 ] ] } },
{ "type": "Feature", "properties": { "u": 11331266689, "v": 11304581254, "key": 0 }, "geometry": { "type": "LineString", "coordinates": [ [ 105.852369, 21.031605 ], [ 105.852314, 21.031612 ], [ 105.852205, 21.031623 ] ] } },
{ "type": "Feature", "properties": { "u": 11331266723, "v": 11304890232, "key": 0 }, "geometry": { "type": "LineString", "coordinates": [ [ 105.85254, 21.031635 ], [ 105.852731, 21.031612 ] ] } },
{ "type": "Feature", "properties": { "u": 11331266723, "v": 10584029095, "key": 0 }, "geometry": { "type": "LineString", "coordinates": [ [ 105.85254, 21.031635 ], [ 105.852469, 21.031644 ] ] } },
{ "type": "Feature", "properties": { "u": 11331266723, "v": 11331266724, "key": 0 }, "geometry": { "type": "LineString", "coordinates": [ [ 105.85254, 21.031635 ], [ 105.852533, 21.031585 ] ] } },
{ "type": "Feature", "properties": { "u": 11331266724, "v": 11331266689, "key": 0 }, "geometry": { "type": "LineString", "coordinates": [ [ 105.852533, 21.031585 ], [ 105.852369, 21.031605 ] ] } },
{ "type": "Feature", "properties": { "u": 11331266724, "v": 11331266723, "key": 0 }, "geometry": { "type": "LineString", "coordinates": [ [ 105.852533, 21.031585 ], [ 105.85254, 21.031635 ] ] } },
{ "type": "Feature", "properties": { "u": 11331266724, "v": 11304890233, "key": 0 }, "geometry": { "type": "LineString", "coordinates": [ [ 105.852533, 21.031585 ], [ 105.852644, 21.031572 ], [ 105.852722, 21.031557 ] ] } },
{ "type": "Feature", "properties": { "u": 11335293278, "v": 11335293280, "key": 0 }, "geometry": { "type": "LineString", "coordinates": [ [ 105.854542, 21.030233 ], [ 105.85489, 21.030285 ] ] } },
{ "type": "Feature", "properties": { "u": 11335293279, "v": 11335293280, "key": 0 }, "geometry": { "type": "LineString", "coordinates": [ [ 105.85495, 21.030293 ], [ 105.85489, 21.030285 ] ] } },
{ "type": "Feature", "properties": { "u": 11335293279, "v": 309642113, "key": 0 }, "geometry": { "type": "LineString", "coordinates": [ [ 105.85495, 21.030293 ], [ 105.854964, 21.030252 ], [ 105.855399, 21.029054 ], [ 105.855438, 21.02895 ] ] } },
{ "type": "Feature", "properties": { "u": 11335293280, "v": 11335293279, "key": 0 }, "geometry": { "type": "LineString", "coordinates": [ [ 105.85489, 21.030285 ], [ 105.85495, 21.030293 ] ] } },
{ "type": "Feature", "properties": { "u": 11335293280, "v": 11335293278, "key": 0 }, "geometry": { "type": "LineString", "coordinates": [ [ 105.85489, 21.030285 ], [ 105.854542, 21.030233 ] ] } },
{ "type": "Feature", "properties": { "u": 11335293280, "v": 10584029031, "key": 0 }, "geometry": { "type": "LineString", "coordinates": [ [ 105.85489, 21.030285 ], [ 105.854995, 21.029958 ], [ 105.855133, 21.029564 ], [ 105.855328, 21.029053 ], [ 105.855334, 21.029034 ], [ 105.855336, 21.029016 ], [ 105.855327, 21.029 ], [ 105.855319, 21.028997 ] ] } },
{ "type": "Feature", "properties": { "u": 11335293280, "v": 10584029104, "key": 0 }, "geometry": { "type": "LineString", "coordinates": [ [ 105.85489, 21.030285 ], [ 105.854739, 21.030752 ], [ 105.854627, 21.031108 ], [ 105.854545, 21.031357 ], [ 105.854536, 21.031377 ], [ 105.854524, 21.031389 ], [ 105.854505, 21.031392 ], [ 105.854021, 21.031351 ], [ 105.854004, 21.031344 ], [ 105.853993, 21.03133 ], [ 105.853988, 21.031312 ], [ 105.853987, 21.031278 ] ] } },
{ "type": "Feature", "properties": { "u": 11336026482, "v": 11305178179, "key": 0 }, "geometry": { "type": "LineString", "coordinates": [ [ 105.851188, 21.03033 ], [ 105.851172, 21.03039 ] ] } },
{ "type": "Feature", "properties": { "u": 11336026482, "v": 11305178211, "key": 0 }, "geometry": { "type": "LineString", "coordinates": [ [ 105.851188, 21.03033 ], [ 105.851198, 21.030295 ] ] } },
{ "type": "Feature", "properties": { "u": 11336026482, "v": 6644523700, "key": 0 }, "geometry": { "type": "LineString", "coordinates": [ [ 105.851188, 21.03033 ], [ 105.851156, 21.030322 ], [ 105.85111, 21.030311 ] ] } },
{ "type": "Feature", "properties": { "u": 11336026483, "v": 11305178171, "key": 0 }, "geometry": { "type": "LineString", "coordinates": [ [ 105.851113, 21.030614 ], [ 105.85115, 21.030475 ] ] } },
{ "type": "Feature", "properties": { "u": 11336026483, "v": 11305178169, "key": 0 }, "geometry": { "type": "LineString", "coordinates": [ [ 105.851113, 21.030614 ], [ 105.85111, 21.030626 ], [ 105.851101, 21.03066 ] ] } },
{ "type": "Feature", "properties": { "u": 11336026483, "v": 6644523701, "key": 0 }, "geometry": { "type": "LineString", "coordinates": [ [ 105.851113, 21.030614 ], [ 105.851082, 21.030607 ], [ 105.851037, 21.030597 ] ] } },
{ "type": "Feature", "properties": { "u": 11336026500, "v": 11336026501, "key": 0 }, "geometry": { "type": "LineString", "coordinates": [ [ 105.85198, 21.031845 ], [ 105.851951, 21.031849 ] ] } },
{ "type": "Feature", "properties": { "u": 11336026501, "v": 13131093753, "key": 0 }, "geometry": { "type": "LineString", "coordinates": [ [ 105.851951, 21.031849 ], [ 105.851956, 21.031882 ] ] } },
{ "type": "Feature", "properties": { "u": 11336026501, "v": 6644554183, "key": 0 }, "geometry": { "type": "LineString", "coordinates": [ [ 105.851951, 21.031849 ], [ 105.851943, 21.031802 ] ] } },
{ "type": "Feature", "properties": { "u": 11336026501, "v": 11336026500, "key": 0 }, "geometry": { "type": "LineString", "coordinates": [ [ 105.851951, 21.031849 ], [ 105.85198, 21.031845 ] ] } },
{ "type": "Feature", "properties": { "u": 11348293010, "v": 11348293011, "key": 0 }, "geometry": { "type": "LineString", "coordinates": [ [ 105.855326, 21.02894 ], [ 105.853909, 21.028809 ] ] } },
{ "type": "Feature", "properties": { "u": 11348293010, "v": 309642113, "key": 0 }, "geometry": { "type": "LineString", "coordinates": [ [ 105.855326, 21.02894 ], [ 105.855438, 21.02895 ] ] } },
{ "type": "Feature", "properties": { "u": 11348293010, "v": 9966237357, "key": 0 }, "geometry": { "type": "LineString", "coordinates": [ [ 105.855326, 21.02894 ], [ 105.855333, 21.028883 ] ] } },
{ "type": "Feature", "properties": { "u": 11348293010, "v": 10584029031, "key": 0 }, "geometry": { "type": "LineString", "coordinates": [ [ 105.855326, 21.02894 ], [ 105.855319, 21.028997 ] ] } },
{ "type": "Feature", "properties": { "u": 11348293011, "v": 309642117, "key": 0 }, "geometry": { "type": "LineString", "coordinates": [ [ 105.853909, 21.028809 ], [ 105.85379, 21.028799 ] ] } },
{ "type": "Feature", "properties": { "u": 11348293011, "v": 11348293010, "key": 0 }, "geometry": { "type": "LineString", "coordinates": [ [ 105.853909, 21.028809 ], [ 105.855326, 21.02894 ] ] } },
{ "type": "Feature", "properties": { "u": 11348293011, "v": 10583987377, "key": 0 }, "geometry": { "type": "LineString", "coordinates": [ [ 105.853909, 21.028809 ], [ 105.853915, 21.028876 ] ] } },
{ "type": "Feature", "properties": { "u": 11348293011, "v": 10584029034, "key": 0 }, "geometry": { "type": "LineString", "coordinates": [ [ 105.853909, 21.028809 ], [ 105.853904, 21.028749 ] ] } },
{ "type": "Feature", "properties": { "u": 11379754649, "v": 11379754650, "key": 0 }, "geometry": { "type": "LineString", "coordinates": [ [ 105.854577, 21.023767 ], [ 105.853536, 21.024072 ] ] } },
{ "type": "Feature", "properties": { "u": 11379754649, "v": 98010042, "key": 0 }, "geometry": { "type": "LineString", "coordinates": [ [ 105.854577, 21.023767 ], [ 105.854755, 21.023716 ] ] } },
{ "type": "Feature", "properties": { "u": 11379754649, "v": 8178544907, "key": 0 }, "geometry": { "type": "LineString", "coordinates": [ [ 105.854577, 21.023767 ], [ 105.854558, 21.023692 ] ] } },
{ "type": "Feature", "properties": { "u": 11379754649, "v": 8178544886, "key": 0 }, "geometry": { "type": "LineString", "coordinates": [ [ 105.854577, 21.023767 ], [ 105.854592, 21.023828 ] ] } },
{ "type": "Feature", "properties": { "u": 11379754650, "v": 6689685037, "key": 0 }, "geometry": { "type": "LineString", "coordinates": [ [ 105.853536, 21.024072 ], [ 105.853081, 21.024205 ] ] } },
{ "type": "Feature", "properties": { "u": 11379754650, "v": 11379754649, "key": 0 }, "geometry": { "type": "LineString", "coordinates": [ [ 105.853536, 21.024072 ], [ 105.854577, 21.023767 ] ] } },
{ "type": "Feature", "properties": { "u": 11379754650, "v": 8347890322, "key": 0 }, "geometry": { "type": "LineString", "coordinates": [ [ 105.853536, 21.024072 ], [ 105.853558, 21.024146 ] ] } },
{ "type": "Feature", "properties": { "u": 11379754651, "v": 8347890322, "key": 0 }, "geometry": { "type": "LineString", "coordinates": [ [ 105.853678, 21.024485 ], [ 105.853558, 21.024146 ] ] } },
{ "type": "Feature", "properties": { "u": 11433601785, "v": 13886629298, "key": 0 }, "geometry": { "type": "LineString", "coordinates": [ [ 105.847785, 21.02977 ], [ 105.847769, 21.029863 ] ] } },
{ "type": "Feature", "properties": { "u": 11433601785, "v": 6408474767, "key": 0 }, "geometry": { "type": "LineString", "coordinates": [ [ 105.847785, 21.02977 ], [ 105.848101, 21.029912 ], [ 105.848212, 21.029724 ] ] } },
{ "type": "Feature", "properties": { "u": 11435098061, "v": 11435116599, "key": 0 }, "geometry": { "type": "LineString", "coordinates": [ [ 105.855778, 21.027296 ], [ 105.855781, 21.02732 ] ] } },
{ "type": "Feature", "properties": { "u": 11435098061, "v": 8184606303, "key": 0 }, "geometry": { "type": "LineString", "coordinates": [ [ 105.855778, 21.027296 ], [ 105.855755, 21.027102 ], [ 105.855749, 21.027091 ], [ 105.855739, 21.027086 ], [ 105.855689, 21.027092 ], [ 105.855654, 21.027097 ] ] } },
{ "type": "Feature", "properties": { "u": 11435098061, "v": 11455065730, "key": 0 }, "geometry": { "type": "LineString", "coordinates": [ [ 105.855778, 21.027296 ], [ 105.855807, 21.027294 ], [ 105.855913, 21.027289 ] ] } },
{ "type": "Feature", "properties": { "u": 11435116363, "v": 11435116393, "key": 0 }, "geometry": { "type": "LineString", "coordinates": [ [ 105.854396, 21.027504 ], [ 105.85441, 21.027595 ], [ 105.854413, 21.02761 ], [ 105.854419, 21.027647 ], [ 105.854421, 21.027662 ] ] } },
{ "type": "Feature", "properties": { "u": 11435116363, "v": 11435116403, "key": 0 }, "geometry": { "type": "LineString", "coordinates": [ [ 105.854396, 21.027504 ], [ 105.854379, 21.0274 ], [ 105.854373, 21.027365 ], [ 105.854371, 21.027349 ] ] } },
{ "type": "Feature", "properties": { "u": 11435116363, "v": 11435116395, "key": 0 }, "geometry": { "type": "LineString", "coordinates": [ [ 105.854396, 21.027504 ], [ 105.854268, 21.027522 ], [ 105.854233, 21.027527 ], [ 105.854209, 21.02753 ] ] } },
{ "type": "Feature", "properties": { "u": 11435116364, "v": 11217220360, "key": 0 }, "geometry": { "type": "LineString", "coordinates": [ [ 105.854359, 21.027279 ], [ 105.853732, 21.027367 ] ] } },
{ "type": "Feature", "properties": { "u": 11435116364, "v": 11435116434, "key": 0 }, "geometry": { "type": "LineString", "coordinates": [ [ 105.854359, 21.027279 ], [ 105.85484, 21.027212 ] ] } },
{ "type": "Feature", "properties": { "u": 11435116364, "v": 11435116403, "key": 0 }, "geometry": { "type": "LineString", "coordinates": [ [ 105.854359, 21.027279 ], [ 105.854371, 21.027349 ] ] } },
{ "type": "Feature", "properties": { "u": 11435116365, "v": 11435116436, "key": 0 }, "geometry": { "type": "LineString", "coordinates": [ [ 105.854432, 21.027732 ], [ 105.854906, 21.027668 ] ] } },
{ "type": "Feature", "properties": { "u": 11435116365, "v": 9966237354, "key": 0 }, "geometry": { "type": "LineString", "coordinates": [ [ 105.854432, 21.027732 ], [ 105.853803, 21.027817 ] ] } },
{ "type": "Feature", "properties": { "u": 11435116365, "v": 11435116393, "key": 0 }, "geometry": { "type": "LineString", "coordinates": [ [ 105.854432, 21.027732 ], [ 105.854421, 21.027662 ] ] } },
{ "type": "Feature", "properties": { "u": 11435116374, "v": 11435116434, "key": 0 }, "geometry": { "type": "LineString", "coordinates": [ [ 105.855246, 21.027155 ], [ 105.85484, 21.027212 ] ] } },
{ "type": "Feature", "properties": { "u": 11435116374, "v": 11435116639, "key": 0 }, "geometry": { "type": "LineString", "coordinates": [ [ 105.855246, 21.027155 ], [ 105.855508, 21.027118 ] ] } },
{ "type": "Feature", "properties": { "u": 11435116374, "v": 11435116379, "key": 0 }, "geometry": { "type": "LineString", "coordinates": [ [ 105.855246, 21.027155 ], [ 105.85528, 21.027382 ] ] } },
{ "type": "Feature", "properties": { "u": 11435116375, "v": 11435116643, "key": 0 }, "geometry": { "type": "LineString", "coordinates": [ [ 105.855314, 21.027613 ], [ 105.855577, 21.027578 ] ] } },
{ "type": "Feature", "properties": { "u": 11435116375, "v": 11435116436, "key": 0 }, "geometry": { "type": "LineString", "coordinates": [ [ 105.855314, 21.027613 ], [ 105.854906, 21.027668 ] ] } },
{ "type": "Feature", "properties": { "u": 11435116375, "v": 11435116379, "key": 0 }, "geometry": { "type": "LineString", "coordinates": [ [ 105.855314, 21.027613 ], [ 105.85528, 21.027382 ] ] } },
{ "type": "Feature", "properties": { "u": 11435116379, "v": 11435116375, "key": 0 }, "geometry": { "type": "LineString", "coordinates": [ [ 105.85528, 21.027382 ], [ 105.855314, 21.027613 ] ] } },
{ "type": "Feature", "properties": { "u": 11435116379, "v": 11435116374, "key": 0 }, "geometry": { "type": "LineString", "coordinates": [ [ 105.85528, 21.027382 ], [ 105.855246, 21.027155 ] ] } },
{ "type": "Feature", "properties": { "u": 11435116379, "v": 11435116437, "key": 0 }, "geometry": { "type": "LineString", "coordinates": [ [ 105.85528, 21.027382 ], [ 105.855014, 21.027419 ] ] } },
{ "type": "Feature", "properties": { "u": 11435116379, "v": 11435116479, "key": 0 }, "geometry": { "type": "LineString", "coordinates": [ [ 105.85528, 21.027382 ], [ 105.855441, 21.027362 ], [ 105.855456, 21.02736 ] ] } },
{ "type": "Feature", "properties": { "u": 11435116386, "v": 11435116390, "key": 0 }, "geometry": { "type": "LineString", "coordinates": [ [ 105.853827, 21.027585 ], [ 105.853812, 21.027489 ] ] } },
{ "type": "Feature", "properties": { "u": 11435116386, "v": 11435116388, "key": 0 }, "geometry": { "type": "LineString", "coordinates": [ [ 105.853827, 21.027585 ], [ 105.853843, 21.027692 ] ] } },
{ "type": "Feature", "properties": { "u": 11435116386, "v": 5857305389, "key": 0 }, "geometry": { "type": "LineString", "coordinates": [ [ 105.853827, 21.027585 ], [ 105.853713, 21.027602 ] ] } },
{ "type": "Feature", "properties": { "u": 11435116386, "v": 11435116395, "key": 0 }, "geometry": { "type": "LineString", "coordinates": [ [ 105.853827, 21.027585 ], [ 105.853942, 21.027569 ], [ 105.853963, 21.027566 ], [ 105.854209, 21.02753 ] ] } },
{ "type": "Feature", "properties": { "u": 11435116387, "v": 5857305389, "key": 0 }, "geometry": { "type": "LineString", "coordinates": [ [ 105.853728, 21.027708 ], [ 105.853713, 21.027602 ] ] } },
{ "type": "Feature", "properties": { "u": 11435116387, "v": 11435116388, "key": 0 }, "geometry": { "type": "LineString", "coordinates": [ [ 105.853728, 21.027708 ], [ 105.853843, 21.027692 ] ] } },
{ "type": "Feature", "properties": { "u": 11435116387, "v": 9966237354, "key": 0 }, "geometry": { "type": "LineString", "coordinates": [ [ 105.853728, 21.027708 ], [ 105.85374, 21.027791 ], [ 105.853743, 21.027809 ], [ 105.853752, 21.027819 ], [ 105.853767, 21.027822 ], [ 105.853803, 21.027817 ] ] } },
{ "type": "Feature", "properties": { "u": 11435116388, "v": 11435116386, "key": 0 }, "geometry": { "type": "LineString", "coordinates": [ [ 105.853843, 21.027692 ], [ 105.853827, 21.027585 ] ] } },
{ "type": "Feature", "properties": { "u": 11435116388, "v": 11435116387, "key": 0 }, "geometry": { "type": "LineString", "coordinates": [ [ 105.853843, 21.027692 ], [ 105.853728, 21.027708 ] ] } },
{ "type": "Feature", "properties": { "u": 11435116388, "v": 9966237354, "key": 0 }, "geometry": { "type": "LineString", "coordinates": [ [ 105.853843, 21.027692 ], [ 105.853851, 21.02774 ], [ 105.853803, 21.027817 ] ] } },
{ "type": "Feature", "properties": { "u": 11435116389, "v": 5857305389, "key": 0 }, "geometry": { "type": "LineString", "coordinates": [ [ 105.853698, 21.027503 ], [ 105.853713, 21.027602 ] ] } },
{ "type": "Feature", "properties": { "u": 11435116389, "v": 11435116390, "key": 0 }, "geometry": { "type": "LineString", "coordinates": [ [ 105.853698, 21.027503 ], [ 105.853812, 21.027489 ] ] } },
{ "type": "Feature", "properties": { "u": 11435116389, "v": 11217220360, "key": 0 }, "geometry": { "type": "LineString", "coordinates": [ [ 105.853698, 21.027503 ], [ 105.853685, 21.027408 ], [ 105.853683, 21.027392 ], [ 105.853688, 21.02738 ], [ 105.853697, 21.027372 ], [ 105.853732, 21.027367 ] ] } },
{ "type": "Feature", "properties": { "u": 11435116390, "v": 11435116386, "key": 0 }, "geometry": { "type": "LineString", "coordinates": [ [ 105.853812, 21.027489 ], [ 105.853827, 21.027585 ] ] } },
{ "type": "Feature", "properties": { "u": 11435116390, "v": 11435116389, "key": 0 }, "geometry": { "type": "LineString", "coordinates": [ [ 105.853812, 21.027489 ], [ 105.853698, 21.027503 ] ] } },
{ "type": "Feature", "properties": { "u": 11435116390, "v": 11217220360, "key": 0 }, "geometry": { "type": "LineString", "coordinates": [ [ 105.853812, 21.027489 ], [ 105.853802, 21.027427 ], [ 105.853732, 21.027367 ] ] } },
{ "type": "Feature", "properties": { "u": 11435116392, "v": 11435116393, "key": 0 }, "geometry": { "type": "LineString", "coordinates": [ [ 105.854749, 21.027617 ], [ 105.854421, 21.027662 ] ] } },
{ "type": "Feature", "properties": { "u": 11435116392, "v": 11435116432, "key": 0 }, "geometry": { "type": "LineString", "coordinates": [ [ 105.854749, 21.027617 ], [ 105.854798, 21.027556 ] ] } },
{ "type": "Feature", "properties": { "u": 11435116392, "v": 11435116402, "key": 0 }, "geometry": { "type": "LineString", "coordinates": [ [ 105.854749, 21.027617 ], [ 105.85472, 21.027597 ], [ 105.854685, 21.027572 ], [ 105.854659, 21.027547 ], [ 105.85464, 21.027508 ], [ 105.854631, 21.027467 ], [ 105.854628, 21.027433 ], [ 105.85463, 21.027405 ], [ 105.854635, 21.027373 ], [ 105.854655, 21.027334 ], [ 105.854694, 21.027295 ] ] } },
{ "type": "Feature", "properties": { "u": 11435116393, "v": 11435116365, "key": 0 }, "geometry": { "type": "LineString", "coordinates": [ [ 105.854421, 21.027662 ], [ 105.854432, 21.027732 ] ] } },
{ "type": "Feature", "properties": { "u": 11435116393, "v": 11435116392, "key": 0 }, "geometry": { "type": "LineString", "coordinates": [ [ 105.854421, 21.027662 ], [ 105.854749, 21.027617 ] ] } },
{ "type": "Feature", "properties": { "u": 11435116393, "v": 11435116363, "key": 0 }, "geometry": { "type": "LineString", "coordinates": [ [ 105.854421, 21.027662 ], [ 105.854419, 21.027647 ], [ 105.854413, 21.02761 ], [ 105.85441, 21.027595 ], [ 105.854396, 21.027504 ] ] } },
{ "type": "Feature", "properties": { "u": 11435116393, "v": 11435116395, "key": 0 }, "geometry": { "type": "LineString", "coordinates": [ [ 105.854421, 21.027662 ], [ 105.854235, 21.027688 ], [ 105.854209, 21.02753 ] ] } },
{ "type": "Feature", "properties": { "u": 11435116395, "v": 11435116363, "key": 0 }, "geometry": { "type": "LineString", "coordinates": [ [ 105.854209, 21.02753 ], [ 105.854233, 21.027527 ], [ 105.854268, 21.027522 ], [ 105.854396, 21.027504 ] ] } },
{ "type": "Feature", "properties": { "u": 11435116395, "v": 11435116386, "key": 0 }, "geometry": { "type": "LineString", "coordinates": [ [ 105.854209, 21.02753 ], [ 105.853963, 21.027566 ], [ 105.853942, 21.027569 ], [ 105.853827, 21.027585 ] ] } },
{ "type": "Feature", "properties": { "u": 11435116395, "v": 11435116403, "key": 0 }, "geometry": { "type": "LineString", "coordinates": [ [ 105.854209, 21.02753 ], [ 105.854183, 21.027375 ], [ 105.854371, 21.027349 ] ] } },
{ "type": "Feature", "properties": { "u": 11435116395, "v": 11435116393, "key": 0 }, "geometry": { "type": "LineString", "coordinates": [ [ 105.854209, 21.02753 ], [ 105.854235, 21.027688 ], [ 105.854421, 21.027662 ] ] } },
{ "type": "Feature", "properties": { "u": 11435116402, "v": 11435116433, "key": 0 }, "geometry": { "type": "LineString", "coordinates": [ [ 105.854694, 21.027295 ], [ 105.854776, 21.027334 ] ] } },
{ "type": "Feature", "properties": { "u": 11435116402, "v": 11435116403, "key": 0 }, "geometry": { "type": "LineString", "coordinates": [ [ 105.854694, 21.027295 ], [ 105.854666, 21.027286 ], [ 105.85463, 21.02728 ], [ 105.854587, 21.027283 ], [ 105.854544, 21.027296 ], [ 105.854502, 21.027317 ], [ 105.854472, 21.027336 ], [ 105.854371, 21.027349 ] ] } },
{ "type": "Feature", "properties": { "u": 11435116402, "v": 11435116392, "key": 0 }, "geometry": { "type": "LineString", "coordinates": [ [ 105.854694, 21.027295 ], [ 105.854655, 21.027334 ], [ 105.854635, 21.027373 ], [ 105.85463, 21.027405 ], [ 105.854628, 21.027433 ], [ 105.854631, 21.027467 ], [ 105.85464, 21.027508 ], [ 105.854659, 21.027547 ], [ 105.854685, 21.027572 ], [ 105.85472, 21.027597 ], [ 105.854749, 21.027617 ] ] } },
{ "type": "Feature", "properties": { "u": 11435116403, "v": 11435116364, "key": 0 }, "geometry": { "type": "LineString", "coordinates": [ [ 105.854371, 21.027349 ], [ 105.854359, 21.027279 ] ] } },
{ "type": "Feature", "properties": { "u": 11435116403, "v": 11435116363, "key": 0 }, "geometry": { "type": "LineString", "coordinates": [ [ 105.854371, 21.027349 ], [ 105.854373, 21.027365 ], [ 105.854379, 21.0274 ], [ 105.854396, 21.027504 ] ] } },
{ "type": "Feature", "properties": { "u": 11435116403, "v": 11435116402, "key": 0 }, "geometry": { "type": "LineString", "coordinates": [ [ 105.854371, 21.027349 ], [ 105.854472, 21.027336 ], [ 105.854502, 21.027317 ], [ 105.854544, 21.027296 ], [ 105.854587, 21.027283 ], [ 105.85463, 21.02728 ], [ 105.854666, 21.027286 ], [ 105.854694, 21.027295 ] ] } },
{ "type": "Feature", "properties": { "u": 11435116403, "v": 11435116395, "key": 0 }, "geometry": { "type": "LineString", "coordinates": [ [ 105.854371, 21.027349 ], [ 105.854183, 21.027375 ], [ 105.854209, 21.02753 ] ] } },
{ "type": "Feature", "properties": { "u": 11435116421, "v": 11435116434, "key": 0 }, "geometry": { "type": "LineString", "coordinates": [ [ 105.854854, 21.027302 ], [ 105.85484, 21.027212 ] ] } },
{ "type": "Feature", "properties": { "u": 11435116421, "v": 11435116437, "key": 0 }, "geometry": { "type": "LineString", "coordinates": [ [ 105.854854, 21.027302 ], [ 105.854902, 21.027304 ], [ 105.854947, 21.027322 ], [ 105.854984, 21.027352 ], [ 105.855008, 21.027392 ], [ 105.855014, 21.027419 ] ] } },
{ "type": "Feature", "properties": { "u": 11435116421, "v": 11435116433, "key": 0 }, "geometry": { "type": "LineString", "coordinates": [ [ 105.854854, 21.027302 ], [ 105.854807, 21.027314 ], [ 105.854776, 21.027334 ] ] } },
{ "type": "Feature", "properties": { "u": 11435116432, "v": 11435116392, "key": 0 }, "geometry": { "type": "LineString", "coordinates": [ [ 105.854798, 21.027556 ], [ 105.854749, 21.027617 ] ] } },
{ "type": "Feature", "properties": { "u": 11435116432, "v": 11435116433, "key": 0 }, "geometry": { "type": "LineString", "coordinates": [ [ 105.854798, 21.027556 ], [ 105.854773, 21.027542 ], [ 105.854743, 21.027508 ], [ 105.854725, 21.027466 ], [ 105.854724, 21.027421 ], [ 105.854738, 21.027377 ], [ 105.854767, 21.027341 ], [ 105.854776, 21.027334 ] ] } },
{ "type": "Feature", "properties": { "u": 11435116432, "v": 11435116435, "key": 0 }, "geometry": { "type": "LineString", "coordinates": [ [ 105.854798, 21.027556 ], [ 105.854814, 21.027566 ], [ 105.854861, 21.027576 ], [ 105.854892, 21.027573 ] ] } },
{ "type": "Feature", "properties": { "u": 11435116433, "v": 11435116402, "key": 0 }, "geometry": { "type": "LineString", "coordinates": [ [ 105.854776, 21.027334 ], [ 105.854694, 21.027295 ] ] } },
{ "type": "Feature", "properties": { "u": 11435116433, "v": 11435116421, "key": 0 }, "geometry": { "type": "LineString", "coordinates": [ [ 105.854776, 21.027334 ], [ 105.854807, 21.027314 ], [ 105.854854, 21.027302 ] ] } },
{ "type": "Feature", "properties": { "u": 11435116433, "v": 11435116432, "key": 0 }, "geometry": { "type": "LineString", "coordinates": [ [ 105.854776, 21.027334 ], [ 105.854767, 21.027341 ], [ 105.854738, 21.027377 ], [ 105.854724, 21.027421 ], [ 105.854725, 21.027466 ], [ 105.854743, 21.027508 ], [ 105.854773, 21.027542 ], [ 105.854798, 21.027556 ] ] } },
{ "type": "Feature", "properties": { "u": 11435116434, "v": 11435116364, "key": 0 }, "geometry": { "type": "LineString", "coordinates": [ [ 105.85484, 21.027212 ], [ 105.854359, 21.027279 ] ] } },
{ "type": "Feature", "properties": { "u": 11435116434, "v": 11435116374, "key": 0 }, "geometry": { "type": "LineString", "coordinates": [ [ 105.85484, 21.027212 ], [ 105.855246, 21.027155 ] ] } },
{ "type": "Feature", "properties": { "u": 11435116434, "v": 11435116421, "key": 0 }, "geometry": { "type": "LineString", "coordinates": [ [ 105.85484, 21.027212 ], [ 105.854854, 21.027302 ] ] } },
{ "type": "Feature", "properties": { "u": 11435116435, "v": 11435116436, "key": 0 }, "geometry": { "type": "LineString", "coordinates": [ [ 105.854892, 21.027573 ], [ 105.854906, 21.027668 ] ] } },
{ "type": "Feature", "properties": { "u": 11435116435, "v": 11435116432, "key": 0 }, "geometry": { "type": "LineString", "coordinates": [ [ 105.854892, 21.027573 ], [ 105.854861, 21.027576 ], [ 105.854814, 21.027566 ], [ 105.854798, 21.027556 ] ] } },
{ "type": "Feature", "properties": { "u": 11435116435, "v": 11435116437, "key": 0 }, "geometry": { "type": "LineString", "coordinates": [ [ 105.854892, 21.027573 ], [ 105.854909, 21.027571 ], [ 105.854953, 21.027552 ], [ 105.854988, 21.027521 ], [ 105.85501, 21.027481 ], [ 105.855017, 21.027436 ], [ 105.855014, 21.027419 ] ] } },
{ "type": "Feature", "properties": { "u": 11435116436, "v": 11435116375, "key": 0 }, "geometry": { "type": "LineString", "coordinates": [ [ 105.854906, 21.027668 ], [ 105.855314, 21.027613 ] ] } },
{ "type": "Feature", "properties": { "u": 11435116436, "v": 11435116365, "key": 0 }, "geometry": { "type": "LineString", "coordinates": [ [ 105.854906, 21.027668 ], [ 105.854432, 21.027732 ] ] } },
{ "type": "Feature", "properties": { "u": 11435116436, "v": 11435116435, "key": 0 }, "geometry": { "type": "LineString", "coordinates": [ [ 105.854906, 21.027668 ], [ 105.854892, 21.027573 ] ] } },
{ "type": "Feature", "properties": { "u": 11435116437, "v": 11435116379, "key": 0 }, "geometry": { "type": "LineString", "coordinates": [ [ 105.855014, 21.027419 ], [ 105.85528, 21.027382 ] ] } },
{ "type": "Feature", "properties": { "u": 11435116437, "v": 11435116435, "key": 0 }, "geometry": { "type": "LineString", "coordinates": [ [ 105.855014, 21.027419 ], [ 105.855017, 21.027436 ], [ 105.85501, 21.027481 ], [ 105.854988, 21.027521 ], [ 105.854953, 21.027552 ], [ 105.854909, 21.027571 ], [ 105.854892, 21.027573 ] ] } },
{ "type": "Feature", "properties": { "u": 11435116437, "v": 11435116421, "key": 0 }, "geometry": { "type": "LineString", "coordinates": [ [ 105.855014, 21.027419 ], [ 105.855008, 21.027392 ], [ 105.854984, 21.027352 ], [ 105.854947, 21.027322 ], [ 105.854902, 21.027304 ], [ 105.854854, 21.027302 ] ] } },
{ "type": "Feature", "properties": { "u": 11435116479, "v": 11435116379, "key": 0 }, "geometry": { "type": "LineString", "coordinates": [ [ 105.855456, 21.02736 ], [ 105.855441, 21.027362 ], [ 105.85528, 21.027382 ] ] } },
{ "type": "Feature", "properties": { "u": 11435116479, "v": 11435116640, "key": 0 }, "geometry": { "type": "LineString", "coordinates": [ [ 105.855456, 21.02736 ], [ 105.855456, 21.027333 ], [ 105.855465, 21.027309 ], [ 105.855483, 21.027288 ], [ 105.855507, 21.027273 ], [ 105.855532, 21.027268 ] ] } },
{ "type": "Feature", "properties": { "u": 11435116479, "v": 11435116642, "key": 0 }, "geometry": { "type": "LineString", "coordinates": [ [ 105.855456, 21.02736 ], [ 105.855465, 21.027385 ], [ 105.855482, 21.027406 ], [ 105.855506, 21.02742 ], [ 105.855533, 21.027427 ], [ 105.855553, 21.027425 ] ] } },
{ "type": "Feature", "properties": { "u": 11435116598, "v": 11435116599, "key": 0 }, "geometry": { "type": "LineString", "coordinates": [ [ 105.855624, 21.027338 ], [ 105.855781, 21.02732 ] ] } },
{ "type": "Feature", "properties": { "u": 11435116598, "v": 11435116642, "key": 0 }, "geometry": { "type": "LineString", "coordinates": [ [ 105.855624, 21.027338 ], [ 105.855626, 21.027348 ], [ 105.855621, 21.027373 ], [ 105.855608, 21.027396 ], [ 105.855587, 21.027414 ], [ 105.855561, 21.027424 ], [ 105.855553, 21.027425 ] ] } },
{ "type": "Feature", "properties": { "u": 11435116598, "v": 11435116640, "key": 0 }, "geometry": { "type": "LineString", "coordinates": [ [ 105.855624, 21.027338 ], [ 105.855621, 21.027322 ], [ 105.855608, 21.027298 ], [ 105.855588, 21.02728 ], [ 105.855562, 21.02727 ], [ 105.855534, 21.027267 ], [ 105.855532, 21.027268 ] ] } },
{ "type": "Feature", "properties": { "u": 11435116599, "v": 11435098061, "key": 0 }, "geometry": { "type": "LineString", "coordinates": [ [ 105.855781, 21.02732 ], [ 105.855778, 21.027296 ] ] } },
{ "type": "Feature", "properties": { "u": 11435116599, "v": 11435116598, "key": 0 }, "geometry": { "type": "LineString", "coordinates": [ [ 105.855781, 21.02732 ], [ 105.855624, 21.027338 ] ] } },
{ "type": "Feature", "properties": { "u": 11435116599, "v": 11217220366, "key": 0 }, "geometry": { "type": "LineString", "coordinates": [ [ 105.855781, 21.02732 ], [ 105.855805, 21.027521 ], [ 105.855805, 21.027537 ], [ 105.855794, 21.027546 ], [ 105.855773, 21.027552 ] ] } },
{ "type": "Feature", "properties": { "u": 11435116603, "v": 11435116643, "key": 0 }, "geometry": { "type": "LineString", "coordinates": [ [ 105.85557, 21.027522 ], [ 105.855577, 21.027578 ] ] } },
{ "type": "Feature", "properties": { "u": 11435116603, "v": 11435116641, "key": 0 }, "geometry": { "type": "LineString", "coordinates": [ [ 105.85557, 21.027522 ], [ 105.855555, 21.027523 ], [ 105.855541, 21.027519 ], [ 105.855529, 21.027511 ], [ 105.855521, 21.027501 ], [ 105.855516, 21.027488 ], [ 105.855517, 21.027474 ], [ 105.855522, 21.027461 ], [ 105.855531, 21.027451 ], [ 105.855544, 21.027443 ], [ 105.855555, 21.027441 ] ] } },
{ "type": "Feature", "properties": { "u": 11435116603, "v": 11435116641, "key": 1 }, "geometry": { "type": "LineString", "coordinates": [ [ 105.85557, 21.027522 ], [ 105.855583, 21.027517 ], [ 105.855594, 21.027509 ], [ 105.855602, 21.027497 ], [ 105.855605, 21.027484 ], [ 105.855603, 21.02747 ], [ 105.855597, 21.027458 ], [ 105.855586, 21.027448 ], [ 105.855573, 21.027442 ], [ 105.855558, 21.02744 ], [ 105.855555, 21.027441 ] ] } },
{ "type": "Feature", "properties": { "u": 11435116623, "v": 11435116640, "key": 0 }, "geometry": { "type": "LineString", "coordinates": [ [ 105.855529, 21.027245 ], [ 105.855532, 21.027268 ] ] } },
{ "type": "Feature", "properties": { "u": 11435116623, "v": 11435116638, "key": 0 }, "geometry": { "type": "LineString", "coordinates": [ [ 105.855529, 21.027245 ], [ 105.855515, 21.027245 ], [ 105.855501, 21.027241 ], [ 105.85549, 21.027234 ], [ 105.855482, 21.027223 ], [ 105.855478, 21.02721 ], [ 105.855478, 21.027196 ], [ 105.855484, 21.027184 ], [ 105.855493, 21.027173 ], [ 105.855506, 21.027166 ], [ 105.855515, 21.027165 ] ] } },
{ "type": "Feature", "properties": { "u": 11435116623, "v": 11435116638, "key": 1 }, "geometry": { "type": "LineString", "coordinates": [ [ 105.855529, 21.027245 ], [ 105.855542, 21.027241 ], [ 105.855553, 21.027233 ], [ 105.855561, 21.027222 ], [ 105.855565, 21.027209 ], [ 105.855564, 21.027196 ], [ 105.855558, 21.027183 ], [ 105.855548, 21.027173 ], [ 105.855535, 21.027166 ], [ 105.855521, 21.027164 ], [ 105.855515, 21.027165 ] ] } },
{ "type": "Feature", "properties": { "u": 11435116638, "v": 11435116639, "key": 0 }, "geometry": { "type": "LineString", "coordinates": [ [ 105.855515, 21.027165 ], [ 105.855508, 21.027118 ] ] } },
{ "type": "Feature", "properties": { "u": 11435116638, "v": 11435116623, "key": 0 }, "geometry": { "type": "LineString", "coordinates": [ [ 105.855515, 21.027165 ], [ 105.855521, 21.027164 ], [ 105.855535, 21.027166 ], [ 105.855548, 21.027173 ], [ 105.855558, 21.027183 ], [ 105.855564, 21.027196 ], [ 105.855565, 21.027209 ], [ 105.855561, 21.027222 ], [ 105.855553, 21.027233 ], [ 105.855542, 21.027241 ], [ 105.855529, 21.027245 ] ] } },
{ "type": "Feature", "properties": { "u": 11435116638, "v": 11435116623, "key": 1 }, "geometry": { "type": "LineString", "coordinates": [ [ 105.855515, 21.027165 ], [ 105.855506, 21.027166 ], [ 105.855493, 21.027173 ], [ 105.855484, 21.027184 ], [ 105.855478, 21.027196 ], [ 105.855478, 21.02721 ], [ 105.855482, 21.027223 ], [ 105.85549, 21.027234 ], [ 105.855501, 21.027241 ], [ 105.855515, 21.027245 ], [ 105.855529, 21.027245 ] ] } },
{ "type": "Feature", "properties": { "u": 11435116639, "v": 11435116374, "key": 0 }, "geometry": { "type": "LineString", "coordinates": [ [ 105.855508, 21.027118 ], [ 105.855246, 21.027155 ] ] } },
{ "type": "Feature", "properties": { "u": 11435116639, "v": 8184606303, "key": 0 }, "geometry": { "type": "LineString", "coordinates": [ [ 105.855508, 21.027118 ], [ 105.855654, 21.027097 ] ] } },
{ "type": "Feature", "properties": { "u": 11435116639, "v": 11435116638, "key": 0 }, "geometry": { "type": "LineString", "coordinates": [ [ 105.855508, 21.027118 ], [ 105.855515, 21.027165 ] ] } },
{ "type": "Feature", "properties": { "u": 11435116640, "v": 11435116623, "key": 0 }, "geometry": { "type": "LineString", "coordinates": [ [ 105.855532, 21.027268 ], [ 105.855529, 21.027245 ] ] } },
{ "type": "Feature", "properties": { "u": 11435116640, "v": 11435116598, "key": 0 }, "geometry": { "type": "LineString", "coordinates": [ [ 105.855532, 21.027268 ], [ 105.855534, 21.027267 ], [ 105.855562, 21.02727 ], [ 105.855588, 21.02728 ], [ 105.855608, 21.027298 ], [ 105.855621, 21.027322 ], [ 105.855624, 21.027338 ] ] } },
{ "type": "Feature", "properties": { "u": 11435116640, "v": 11435116479, "key": 0 }, "geometry": { "type": "LineString", "coordinates": [ [ 105.855532, 21.027268 ], [ 105.855507, 21.027273 ], [ 105.855483, 21.027288 ], [ 105.855465, 21.027309 ], [ 105.855456, 21.027333 ], [ 105.855456, 21.02736 ] ] } },
{ "type": "Feature", "properties": { "u": 11435116641, "v": 11435116642, "key": 0 }, "geometry": { "type": "LineString", "coordinates": [ [ 105.855555, 21.027441 ], [ 105.855553, 21.027425 ] ] } },
{ "type": "Feature", "properties": { "u": 11435116641, "v": 11435116603, "key": 0 }, "geometry": { "type": "LineString", "coordinates": [ [ 105.855555, 21.027441 ], [ 105.855558, 21.02744 ], [ 105.855573, 21.027442 ], [ 105.855586, 21.027448 ], [ 105.855597, 21.027458 ], [ 105.855603, 21.02747 ], [ 105.855605, 21.027484 ], [ 105.855602, 21.027497 ], [ 105.855594, 21.027509 ], [ 105.855583, 21.027517 ], [ 105.85557, 21.027522 ] ] } },
{ "type": "Feature", "properties": { "u": 11435116641, "v": 11435116603, "key": 1 }, "geometry": { "type": "LineString", "coordinates": [ [ 105.855555, 21.027441 ], [ 105.855544, 21.027443 ], [ 105.855531, 21.027451 ], [ 105.855522, 21.027461 ], [ 105.855517, 21.027474 ], [ 105.855516, 21.027488 ], [ 105.855521, 21.027501 ], [ 105.855529, 21.027511 ], [ 105.855541, 21.027519 ], [ 105.855555, 21.027523 ], [ 105.85557, 21.027522 ] ] } },
{ "type": "Feature", "properties": { "u": 11435116642, "v": 11435116641, "key": 0 }, "geometry": { "type": "LineString", "coordinates": [ [ 105.855553, 21.027425 ], [ 105.855555, 21.027441 ] ] } },
{ "type": "Feature", "properties": { "u": 11435116642, "v": 11435116479, "key": 0 }, "geometry": { "type": "LineString", "coordinates": [ [ 105.855553, 21.027425 ], [ 105.855533, 21.027427 ], [ 105.855506, 21.02742 ], [ 105.855482, 21.027406 ], [ 105.855465, 21.027385 ], [ 105.855456, 21.02736 ] ] } },
{ "type": "Feature", "properties": { "u": 11435116642, "v": 11435116598, "key": 0 }, "geometry": { "type": "LineString", "coordinates": [ [ 105.855553, 21.027425 ], [ 105.855561, 21.027424 ], [ 105.855587, 21.027414 ], [ 105.855608, 21.027396 ], [ 105.855621, 21.027373 ], [ 105.855626, 21.027348 ], [ 105.855624, 21.027338 ] ] } },
{ "type": "Feature", "properties": { "u": 11435116643, "v": 11217220366, "key": 0 }, "geometry": { "type": "LineString", "coordinates": [ [ 105.855577, 21.027578 ], [ 105.855773, 21.027552 ] ] } },
{ "type": "Feature", "properties": { "u": 11435116643, "v": 11435116375, "key": 0 }, "geometry": { "type": "LineString", "coordinates": [ [ 105.855577, 21.027578 ], [ 105.855314, 21.027613 ] ] } },
{ "type": "Feature", "properties": { "u": 11435116643, "v": 11435116603, "key": 0 }, "geometry": { "type": "LineString", "coordinates": [ [ 105.855577, 21.027578 ], [ 105.85557, 21.027522 ] ] } },
{ "type": "Feature", "properties": { "u": 11438626836, "v": 11438626847, "key": 0 }, "geometry": { "type": "LineString", "coordinates": [ [ 105.856326, 21.027012 ], [ 105.856214, 21.026996 ] ] } },
{ "type": "Feature", "properties": { "u": 11438626836, "v": 11438626839, "key": 0 }, "geometry": { "type": "LineString", "coordinates": [ [ 105.856326, 21.027012 ], [ 105.856338, 21.027043 ], [ 105.856352, 21.027085 ], [ 105.856358, 21.02712 ], [ 105.856356, 21.027267 ], [ 105.856348, 21.027332 ], [ 105.856324, 21.027378 ], [ 105.856302, 21.027411 ] ] } },
{ "type": "Feature", "properties": { "u": 11438626836, "v": 11438626839, "key": 1 }, "geometry": { "type": "LineString", "coordinates": [ [ 105.856326, 21.027012 ], [ 105.856333, 21.026866 ], [ 105.856353, 21.026839 ], [ 105.856383, 21.026833 ], [ 105.856447, 21.026836 ], [ 105.856916, 21.026861 ], [ 105.856883, 21.027563 ], [ 105.85642, 21.027538 ], [ 105.856342, 21.027534 ], [ 105.856313, 21.027522 ], [ 105.856299, 21.027501 ], [ 105.856302, 21.027411 ] ] } },
{ "type": "Feature", "properties": { "u": 11438626839, "v": 11438626846, "key": 0 }, "geometry": { "type": "LineString", "coordinates": [ [ 105.856302, 21.027411 ], [ 105.856192, 21.027412 ] ] } },
{ "type": "Feature", "properties": { "u": 11438626839, "v": 11438626836, "key": 0 }, "geometry": { "type": "LineString", "coordinates": [ [ 105.856302, 21.027411 ], [ 105.856324, 21.027378 ], [ 105.856348, 21.027332 ], [ 105.856356, 21.027267 ], [ 105.856358, 21.02712 ], [ 105.856352, 21.027085 ], [ 105.856338, 21.027043 ], [ 105.856326, 21.027012 ] ] } },
{ "type": "Feature", "properties": { "u": 11438626839, "v": 11438626836, "key": 1 }, "geometry": { "type": "LineString", "coordinates": [ [ 105.856302, 21.027411 ], [ 105.856299, 21.027501 ], [ 105.856313, 21.027522 ], [ 105.856342, 21.027534 ], [ 105.85642, 21.027538 ], [ 105.856883, 21.027563 ], [ 105.856916, 21.026861 ], [ 105.856447, 21.026836 ], [ 105.856383, 21.026833 ], [ 105.856353, 21.026839 ], [ 105.856333, 21.026866 ], [ 105.856326, 21.027012 ] ] } },
{ "type": "Feature", "properties": { "u": 11438626846, "v": 10586767757, "key": 0 }, "geometry": { "type": "LineString", "coordinates": [ [ 105.856192, 21.027412 ], [ 105.8562, 21.027278 ] ] } },
{ "type": "Feature", "properties": { "u": 11438626846, "v": 11455065731, "key": 0 }, "geometry": { "type": "LineString", "coordinates": [ [ 105.856192, 21.027412 ], [ 105.85614, 21.027413 ] ] } },
{ "type": "Feature", "properties": { "u": 11438626846, "v": 11438626839, "key": 0 }, "geometry": { "type": "LineString", "coordinates": [ [ 105.856192, 21.027412 ], [ 105.856302, 21.027411 ] ] } },
{ "type": "Feature", "properties": { "u": 11438626846, "v": 10586767823, "key": 0 }, "geometry": { "type": "LineString", "coordinates": [ [ 105.856192, 21.027412 ], [ 105.856187, 21.027518 ], [ 105.856187, 21.027543 ], [ 105.856194, 21.02756 ], [ 105.85621, 21.027574 ], [ 105.856229, 21.02758 ], [ 105.85629, 21.027585 ] ] } },
{ "type": "Feature", "properties": { "u": 11438626847, "v": 10586767757, "key": 0 }, "geometry": { "type": "LineString", "coordinates": [ [ 105.856214, 21.026996 ], [ 105.8562, 21.027278 ] ] } },
{ "type": "Feature", "properties": { "u": 11438626847, "v": 1813639973, "key": 0 }, "geometry": { "type": "LineString", "coordinates": [ [ 105.856214, 21.026996 ], [ 105.856118, 21.026989 ] ] } },
{ "type": "Feature", "properties": { "u": 11438626847, "v": 11438626836, "key": 0 }, "geometry": { "type": "LineString", "coordinates": [ [ 105.856214, 21.026996 ], [ 105.856326, 21.027012 ] ] } },
{ "type": "Feature", "properties": { "u": 11438626847, "v": 11443758450, "key": 0 }, "geometry": { "type": "LineString", "coordinates": [ [ 105.856214, 21.026996 ], [ 105.856217, 21.026867 ], [ 105.856219, 21.026845 ], [ 105.856222, 21.026826 ], [ 105.856229, 21.026801 ], [ 105.856238, 21.026772 ] ] } },
{ "type": "Feature", "properties": { "u": 11443758448, "v": 309597692, "key": 0 }, "geometry": { "type": "LineString", "coordinates": [ [ 105.856366, 21.025928 ], [ 105.856463, 21.025904 ] ] } },
{ "type": "Feature", "properties": { "u": 11443758448, "v": 11443758456, "key": 0 }, "geometry": { "type": "LineString", "coordinates": [ [ 105.856366, 21.025928 ], [ 105.855699, 21.02611 ] ] } },
{ "type": "Feature", "properties": { "u": 11443758448, "v": 11443758457, "key": 0 }, "geometry": { "type": "LineString", "coordinates": [ [ 105.856366, 21.025928 ], [ 105.85638, 21.025862 ] ] } },
{ "type": "Feature", "properties": { "u": 11443758448, "v": 11448958438, "key": 0 }, "geometry": { "type": "LineString", "coordinates": [ [ 105.856366, 21.025928 ], [ 105.856353, 21.025984 ], [ 105.856331, 21.026069 ] ] } },
{ "type": "Feature", "properties": { "u": 11443758450, "v": 10586767738, "key": 0 }, "geometry": { "type": "LineString", "coordinates": [ [ 105.856238, 21.026772 ], [ 105.856461, 21.02609 ] ] } },
{ "type": "Feature", "properties": { "u": 11443758450, "v": 6644906345, "key": 0 }, "geometry": { "type": "LineString", "coordinates": [ [ 105.856238, 21.026772 ], [ 105.856181, 21.026759 ] ] } },
{ "type": "Feature", "properties": { "u": 11443758450, "v": 11438626847, "key": 0 }, "geometry": { "type": "LineString", "coordinates": [ [ 105.856238, 21.026772 ], [ 105.856229, 21.026801 ], [ 105.856222, 21.026826 ], [ 105.856219, 21.026845 ], [ 105.856217, 21.026867 ], [ 105.856214, 21.026996 ] ] } },
{ "type": "Feature", "properties": { "u": 11443758455, "v": 11443758456, "key": 0 }, "geometry": { "type": "LineString", "coordinates": [ [ 105.855684, 21.026065 ], [ 105.855699, 21.02611 ] ] } },
{ "type": "Feature", "properties": { "u": 11443758455, "v": 8184606231, "key": 0 }, "geometry": { "type": "LineString", "coordinates": [ [ 105.855684, 21.026065 ], [ 105.855646, 21.026065 ], [ 105.855618, 21.026052 ], [ 105.855605, 21.02603 ] ] } },
{ "type": "Feature", "properties": { "u": 11443758455, "v": 11443758457, "key": 0 }, "geometry": { "type": "LineString", "coordinates": [ [ 105.855684, 21.026065 ], [ 105.85633, 21.025887 ], [ 105.856368, 21.025873 ], [ 105.85638, 21.025862 ] ] } },
{ "type": "Feature", "properties": { "u": 11443758456, "v": 11443758448, "key": 0 }, "geometry": { "type": "LineString", "coordinates": [ [ 105.855699, 21.02611 ], [ 105.856366, 21.025928 ] ] } },
{ "type": "Feature", "properties": { "u": 11443758456, "v": 98010333, "key": 0 }, "geometry": { "type": "LineString", "coordinates": [ [ 105.855699, 21.02611 ], [ 105.855551, 21.026152 ] ] } },
{ "type": "Feature", "properties": { "u": 11443758456, "v": 11443758455, "key": 0 }, "geometry": { "type": "LineString", "coordinates": [ [ 105.855699, 21.02611 ], [ 105.855684, 21.026065 ] ] } },
{ "type": "Feature", "properties": { "u": 11443758456, "v": 11448958439, "key": 0 }, "geometry": { "type": "LineString", "coordinates": [ [ 105.855699, 21.02611 ], [ 105.855715, 21.026161 ], [ 105.855772, 21.026333 ] ] } },
{ "type": "Feature", "properties": { "u": 11443758457, "v": 11443758448, "key": 0 }, "geometry": { "type": "LineString", "coordinates": [ [ 105.85638, 21.025862 ], [ 105.856366, 21.025928 ] ] } },
{ "type": "Feature", "properties": { "u": 11443758457, "v": 11443758455, "key": 0 }, "geometry": { "type": "LineString", "coordinates": [ [ 105.85638, 21.025862 ], [ 105.856368, 21.025873 ], [ 105.85633, 21.025887 ], [ 105.855684, 21.026065 ] ] } },
{ "type": "Feature", "properties": { "u": 11443758457, "v": 10586767716, "key": 0 }, "geometry": { "type": "LineString", "coordinates": [ [ 105.85638, 21.025862 ], [ 105.856394, 21.025849 ], [ 105.856417, 21.025797 ] ] } },
{ "type": "Feature", "properties": { "u": 11448958430, "v": 11448958434, "key": 0 }, "geometry": { "type": "LineString", "coordinates": [ [ 105.855857, 21.026825 ], [ 105.855929, 21.026803 ] ] } },
{ "type": "Feature", "properties": { "u": 11448958431, "v": 11448958433, "key": 0 }, "geometry": { "type": "LineString", "coordinates": [ [ 105.855972, 21.026869 ], [ 105.855992, 21.026784 ] ] } },
{ "type": "Feature", "properties": { "u": 11448958433, "v": 11448958434, "key": 0 }, "geometry": { "type": "LineString", "coordinates": [ [ 105.855992, 21.026784 ], [ 105.855929, 21.026803 ] ] } },
{ "type": "Feature", "properties": { "u": 11448958433, "v": 11448958436, "key": 0 }, "geometry": { "type": "LineString", "coordinates": [ [ 105.855992, 21.026784 ], [ 105.856024, 21.026646 ] ] } },
{ "type": "Feature", "properties": { "u": 11448958433, "v": 11448958431, "key": 0 }, "geometry": { "type": "LineString", "coordinates": [ [ 105.855992, 21.026784 ], [ 105.855972, 21.026869 ] ] } },
{ "type": "Feature", "properties": { "u": 11448958433, "v": 6644906345, "key": 0 }, "geometry": { "type": "LineString", "coordinates": [ [ 105.855992, 21.026784 ], [ 105.856117, 21.026746 ], [ 105.856181, 21.026759 ] ] } },
{ "type": "Feature", "properties": { "u": 11448958434, "v": 11448958433, "key": 0 }, "geometry": { "type": "LineString", "coordinates": [ [ 105.855929, 21.026803 ], [ 105.855992, 21.026784 ] ] } },
{ "type": "Feature", "properties": { "u": 11448958434, "v": 11448958430, "key": 0 }, "geometry": { "type": "LineString", "coordinates": [ [ 105.855929, 21.026803 ], [ 105.855857, 21.026825 ] ] } },
{ "type": "Feature", "properties": { "u": 11448958434, "v": 11448958435, "key": 0 }, "geometry": { "type": "LineString", "coordinates": [ [ 105.855929, 21.026803 ], [ 105.85589, 21.026686 ] ] } },
{ "type": "Feature", "properties": { "u": 11448958435, "v": 11448958459, "key": 0 }, "geometry": { "type": "LineString", "coordinates": [ [ 105.85589, 21.026686 ], [ 105.855836, 21.026525 ] ] } },
{ "type": "Feature", "properties": { "u": 11448958435, "v": 11448958434, "key": 0 }, "geometry": { "type": "LineString", "coordinates": [ [ 105.85589, 21.026686 ], [ 105.855929, 21.026803 ] ] } },
{ "type": "Feature", "properties": { "u": 11448958435, "v": 11448958436, "key": 0 }, "geometry": { "type": "LineString", "coordinates": [ [ 105.85589, 21.026686 ], [ 105.856024, 21.026646 ] ] } },
{ "type": "Feature", "properties": { "u": 11448958436, "v": 11448958433, "key": 0 }, "geometry": { "type": "LineString", "coordinates": [ [ 105.856024, 21.026646 ], [ 105.855992, 21.026784 ] ] } },
{ "type": "Feature", "properties": { "u": 11448958436, "v": 11448958435, "key": 0 }, "geometry": { "type": "LineString", "coordinates": [ [ 105.856024, 21.026646 ], [ 105.85589, 21.026686 ] ] } },
{ "type": "Feature", "properties": { "u": 11448958436, "v": 11448958442, "key": 0 }, "geometry": { "type": "LineString", "coordinates": [ [ 105.856024, 21.026646 ], [ 105.856056, 21.026506 ], [ 105.856082, 21.02642 ] ] } },
{ "type": "Feature", "properties": { "u": 11448958438, "v": 11448958440, "key": 0 }, "geometry": { "type": "LineString", "coordinates": [ [ 105.856331, 21.026069 ], [ 105.856174, 21.026111 ], [ 105.856139, 21.026228 ] ] } },
{ "type": "Feature", "properties": { "u": 11448958438, "v": 6662423009, "key": 0 }, "geometry": { "type": "LineString", "coordinates": [ [ 105.856331, 21.026069 ], [ 105.856359, 21.026062 ], [ 105.856409, 21.026076 ] ] } },
{ "type": "Feature", "properties": { "u": 11448958438, "v": 11443758448, "key": 0 }, "geometry": { "type": "LineString", "coordinates": [ [ 105.856331, 21.026069 ], [ 105.856353, 21.025984 ], [ 105.856366, 21.025928 ] ] } },
{ "type": "Feature", "properties": { "u": 11448958439, "v": 11448958441, "key": 0 }, "geometry": { "type": "LineString", "coordinates": [ [ 105.855772, 21.026333 ], [ 105.855826, 21.026495 ] ] } },
{ "type": "Feature", "properties": { "u": 11448958439, "v": 11448958440, "key": 0 }, "geometry": { "type": "LineString", "coordinates": [ [ 105.855772, 21.026333 ], [ 105.856139, 21.026228 ] ] } },
{ "type": "Feature", "properties": { "u": 11448958439, "v": 11443758456, "key": 0 }, "geometry": { "type": "LineString", "coordinates": [ [ 105.855772, 21.026333 ], [ 105.855715, 21.026161 ], [ 105.855699, 21.02611 ] ] } },
{ "type": "Feature", "properties": { "u": 11448958440, "v": 11448958442, "key": 0 }, "geometry": { "type": "LineString", "coordinates": [ [ 105.856139, 21.026228 ], [ 105.856082, 21.02642 ] ] } },
{ "type": "Feature", "properties": { "u": 11448958440, "v": 11448958439, "key": 0 }, "geometry": { "type": "LineString", "coordinates": [ [ 105.856139, 21.026228 ], [ 105.855772, 21.026333 ] ] } },
{ "type": "Feature", "properties": { "u": 11448958440, "v": 11448958438, "key": 0 }, "geometry": { "type": "LineString", "coordinates": [ [ 105.856139, 21.026228 ], [ 105.856174, 21.026111 ], [ 105.856331, 21.026069 ] ] } },
{ "type": "Feature", "properties": { "u": 11448958441, "v": 11448958439, "key": 0 }, "geometry": { "type": "LineString", "coordinates": [ [ 105.855826, 21.026495 ], [ 105.855772, 21.026333 ] ] } },
{ "type": "Feature", "properties": { "u": 11448958441, "v": 11448958459, "key": 0 }, "geometry": { "type": "LineString", "coordinates": [ [ 105.855826, 21.026495 ], [ 105.855836, 21.026525 ] ] } },
{ "type": "Feature", "properties": { "u": 11448958441, "v": 11448958442, "key": 0 }, "geometry": { "type": "LineString", "coordinates": [ [ 105.855826, 21.026495 ], [ 105.856082, 21.02642 ] ] } },
{ "type": "Feature", "properties": { "u": 11448958442, "v": 11448958440, "key": 0 }, "geometry": { "type": "LineString", "coordinates": [ [ 105.856082, 21.02642 ], [ 105.856139, 21.026228 ] ] } },
{ "type": "Feature", "properties": { "u": 11448958442, "v": 11448958441, "key": 0 }, "geometry": { "type": "LineString", "coordinates": [ [ 105.856082, 21.02642 ], [ 105.855826, 21.026495 ] ] } },
{ "type": "Feature", "properties": { "u": 11448958442, "v": 11448958436, "key": 0 }, "geometry": { "type": "LineString", "coordinates": [ [ 105.856082, 21.02642 ], [ 105.856056, 21.026506 ], [ 105.856024, 21.026646 ] ] } },
{ "type": "Feature", "properties": { "u": 11448958459, "v": 11448958441, "key": 0 }, "geometry": { "type": "LineString", "coordinates": [ [ 105.855836, 21.026525 ], [ 105.855826, 21.026495 ] ] } },
{ "type": "Feature", "properties": { "u": 11448958459, "v": 11448958435, "key": 0 }, "geometry": { "type": "LineString", "coordinates": [ [ 105.855836, 21.026525 ], [ 105.85589, 21.026686 ] ] } },
{ "type": "Feature", "properties": { "u": 11448958459, "v": 6644906346, "key": 0 }, "geometry": { "type": "LineString", "coordinates": [ [ 105.855836, 21.026525 ], [ 105.855762, 21.026548 ], [ 105.855686, 21.026568 ] ] } },
{ "type": "Feature", "properties": { "u": 11449233332, "v": 6662487543, "key": 0 }, "geometry": { "type": "LineString", "coordinates": [ [ 105.855949, 21.024696 ], [ 105.856695, 21.024482 ] ] } },
{ "type": "Feature", "properties": { "u": 11449233332, "v": 4022961195, "key": 0 }, "geometry": { "type": "LineString", "coordinates": [ [ 105.855949, 21.024696 ], [ 105.855857, 21.024722 ] ] } },
{ "type": "Feature", "properties": { "u": 11449233332, "v": 11449233335, "key": 0 }, "geometry": { "type": "LineString", "coordinates": [ [ 105.855949, 21.024696 ], [ 105.855966, 21.024747 ] ] } },
{ "type": "Feature", "properties": { "u": 11449233334, "v": 11449233335, "key": 0 }, "geometry": { "type": "LineString", "coordinates": [ [ 105.856112, 21.025191 ], [ 105.856064, 21.025046 ], [ 105.856029, 21.024942 ], [ 105.855978, 21.024785 ], [ 105.855966, 21.024747 ] ] } },
{ "type": "Feature", "properties": { "u": 11449233335, "v": 8184606221, "key": 0 }, "geometry": { "type": "LineString", "coordinates": [ [ 105.855966, 21.024747 ], [ 105.856708, 21.024532 ] ] } },
{ "type": "Feature", "properties": { "u": 11449233335, "v": 8184606220, "key": 0 }, "geometry": { "type": "LineString", "coordinates": [ [ 105.855966, 21.024747 ], [ 105.855308, 21.024938 ] ] } },
{ "type": "Feature", "properties": { "u": 11449233335, "v": 11449233332, "key": 0 }, "geometry": { "type": "LineString", "coordinates": [ [ 105.855966, 21.024747 ], [ 105.855949, 21.024696 ] ] } },
{ "type": "Feature", "properties": { "u": 11449233335, "v": 11449233334, "key": 0 }, "geometry": { "type": "LineString", "coordinates": [ [ 105.855966, 21.024747 ], [ 105.855978, 21.024785 ], [ 105.856029, 21.024942 ], [ 105.856064, 21.025046 ], [ 105.856112, 21.025191 ] ] } },
{ "type": "Feature", "properties": { "u": 11449233365, "v": 11449233368, "key": 0 }, "geometry": { "type": "LineString", "coordinates": [ [ 105.854888, 21.025258 ], [ 105.854972, 21.025233 ], [ 105.855096, 21.025196 ], [ 105.855147, 21.025181 ] ] } },
{ "type": "Feature", "properties": { "u": 11449233368, "v": 8184606232, "key": 0 }, "geometry": { "type": "LineString", "coordinates": [ [ 105.855147, 21.025181 ], [ 105.855109, 21.025075 ] ] } },
{ "type": "Feature", "properties": { "u": 11449233368, "v": 8184606165, "key": 0 }, "geometry": { "type": "LineString", "coordinates": [ [ 105.855147, 21.025181 ], [ 105.855195, 21.025318 ], [ 105.8552, 21.025338 ] ] } },
{ "type": "Feature", "properties": { "u": 11449233368, "v": 11449233365, "key": 0 }, "geometry": { "type": "LineString", "coordinates": [ [ 105.855147, 21.025181 ], [ 105.855096, 21.025196 ], [ 105.854972, 21.025233 ], [ 105.854888, 21.025258 ] ] } },
{ "type": "Feature", "properties": { "u": 11449663845, "v": 11449663848, "key": 0 }, "geometry": { "type": "LineString", "coordinates": [ [ 105.857053, 21.026775 ], [ 105.857087, 21.026664 ], [ 105.857585, 21.026797 ] ] } },
{ "type": "Feature", "properties": { "u": 11449663847, "v": 11449663848, "key": 0 }, "geometry": { "type": "LineString", "coordinates": [ [ 105.857625, 21.026808 ], [ 105.857585, 21.026797 ] ] } },
{ "type": "Feature", "properties": { "u": 11449663847, "v": 6689703486, "key": 0 }, "geometry": { "type": "LineString", "coordinates": [ [ 105.857625, 21.026808 ], [ 105.857629, 21.026794 ], [ 105.857671, 21.026662 ] ] } },
{ "type": "Feature", "properties": { "u": 11449663847, "v": 6689695902, "key": 0 }, "geometry": { "type": "LineString", "coordinates": [ [ 105.857625, 21.026808 ], [ 105.857546, 21.02706 ], [ 105.857367, 21.027611 ] ] } },
{ "type": "Feature", "properties": { "u": 11449663848, "v": 11449663847, "key": 0 }, "geometry": { "type": "LineString", "coordinates": [ [ 105.857585, 21.026797 ], [ 105.857625, 21.026808 ] ] } },
{ "type": "Feature", "properties": { "u": 11449663848, "v": 10586767790, "key": 0 }, "geometry": { "type": "LineString", "coordinates": [ [ 105.857585, 21.026797 ], [ 105.857735, 21.026288 ], [ 105.857738, 21.026259 ], [ 105.857736, 21.026245 ] ] } },
{ "type": "Feature", "properties": { "u": 11449663848, "v": 10586767724, "key": 0 }, "geometry": { "type": "LineString", "coordinates": [ [ 105.857585, 21.026797 ], [ 105.857552, 21.026909 ], [ 105.857328, 21.027602 ] ] } },
{ "type": "Feature", "properties": { "u": 11449663848, "v": 11449663845, "key": 0 }, "geometry": { "type": "LineString", "coordinates": [ [ 105.857585, 21.026797 ], [ 105.857087, 21.026664 ], [ 105.857053, 21.026775 ] ] } },
{ "type": "Feature", "properties": { "u": 11449663850, "v": 6689595581, "key": 0 }, "geometry": { "type": "LineString", "coordinates": [ [ 105.856951, 21.025987 ], [ 105.857701, 21.026153 ] ] } },
{ "type": "Feature", "properties": { "u": 11449663850, "v": 6662423011, "key": 0 }, "geometry": { "type": "LineString", "coordinates": [ [ 105.856951, 21.025987 ], [ 105.856585, 21.025903 ] ] } },
{ "type": "Feature", "properties": { "u": 11449663850, "v": 11449677570, "key": 0 }, "geometry": { "type": "LineString", "coordinates": [ [ 105.856951, 21.025987 ], [ 105.856934, 21.026035 ] ] } },
{ "type": "Feature", "properties": { "u": 11449677570, "v": 10586767743, "key": 0 }, "geometry": { "type": "LineString", "coordinates": [ [ 105.856934, 21.026035 ], [ 105.85657, 21.025954 ] ] } },
{ "type": "Feature", "properties": { "u": 11449677570, "v": 11449663850, "key": 0 }, "geometry": { "type": "LineString", "coordinates": [ [ 105.856934, 21.026035 ], [ 105.856951, 21.025987 ] ] } },
{ "type": "Feature", "properties": { "u": 11449677570, "v": 11449677594, "key": 0 }, "geometry": { "type": "LineString", "coordinates": [ [ 105.856934, 21.026035 ], [ 105.856805, 21.026401 ] ] } },
{ "type": "Feature", "properties": { "u": 11449677570, "v": 10586767753, "key": 0 }, "geometry": { "type": "LineString", "coordinates": [ [ 105.856934, 21.026035 ], [ 105.857454, 21.026152 ], [ 105.857687, 21.026204 ] ] } },
{ "type": "Feature", "properties": { "u": 11449677592, "v": 11449677594, "key": 0 }, "geometry": { "type": "LineString", "coordinates": [ [ 105.856984, 21.026558 ], [ 105.857016, 21.02646 ], [ 105.856805, 21.026401 ] ] } },
{ "type": "Feature", "properties": { "u": 11449677594, "v": 11449677570, "key": 0 }, "geometry": { "type": "LineString", "coordinates": [ [ 105.856805, 21.026401 ], [ 105.856934, 21.026035 ] ] } },
{ "type": "Feature", "properties": { "u": 11449677594, "v": 11449677595, "key": 0 }, "geometry": { "type": "LineString", "coordinates": [ [ 105.856805, 21.026401 ], [ 105.856709, 21.026677 ], [ 105.856791, 21.026699 ] ] } },
{ "type": "Feature", "properties": { "u": 11449677594, "v": 11449677592, "key": 0 }, "geometry": { "type": "LineString", "coordinates": [ [ 105.856805, 21.026401 ], [ 105.857016, 21.02646 ], [ 105.856984, 21.026558 ] ] } },
{ "type": "Feature", "properties": { "u": 11449677595, "v": 11449677594, "key": 0 }, "geometry": { "type": "LineString", "coordinates": [ [ 105.856791, 21.026699 ], [ 105.856709, 21.026677 ], [ 105.856805, 21.026401 ] ] } },
{ "type": "Feature", "properties": { "u": 11453135192, "v": 10586767821, "key": 0 }, "geometry": { "type": "LineString", "coordinates": [ [ 105.856202, 21.027819 ], [ 105.856558, 21.028893 ] ] } },
{ "type": "Feature", "properties": { "u": 11453135192, "v": 6644906349, "key": 0 }, "geometry": { "type": "LineString", "coordinates": [ [ 105.856202, 21.027819 ], [ 105.856132, 21.027842 ] ] } },
{ "type": "Feature", "properties": { "u": 11453135192, "v": 10586767808, "key": 0 }, "geometry": { "type": "LineString", "coordinates": [ [ 105.856202, 21.027819 ], [ 105.856187, 21.027773 ], [ 105.856189, 21.02774 ], [ 105.856198, 21.027709 ], [ 105.856232, 21.027687 ], [ 105.85628, 21.027678 ] ] } },
{ "type": "Feature", "properties": { "u": 11453135238, "v": 10583987365, "key": 0 }, "geometry": { "type": "LineString", "coordinates": [ [ 105.856195, 21.028233 ], [ 105.856426, 21.028909 ] ] } },
{ "type": "Feature", "properties": { "u": 11453135238, "v": 10586767825, "key": 0 }, "geometry": { "type": "LineString", "coordinates": [ [ 105.856195, 21.028233 ], [ 105.856105, 21.027972 ], [ 105.856066, 21.027862 ] ] } },
{ "type": "Feature", "properties": { "u": 11453135238, "v": 11453135240, "key": 0 }, "geometry": { "type": "LineString", "coordinates": [ [ 105.856195, 21.028233 ], [ 105.855836, 21.028215 ], [ 105.855781, 21.028248 ], [ 105.855742, 21.028247 ] ] } },
{ "type": "Feature", "properties": { "u": 11453135240, "v": 10584029030, "key": 0 }, "geometry": { "type": "LineString", "coordinates": [ [ 105.855742, 21.028247 ], [ 105.855556, 21.028845 ], [ 105.855549, 21.028862 ] ] } },
{ "type": "Feature", "properties": { "u": 11453135240, "v": 10583987374, "key": 0 }, "geometry": { "type": "LineString", "coordinates": [ [ 105.855742, 21.028247 ], [ 105.855798, 21.028063 ], [ 105.855896, 21.027774 ] ] } },
{ "type": "Feature", "properties": { "u": 11453135240, "v": 11453135238, "key": 0 }, "geometry": { "type": "LineString", "coordinates": [ [ 105.855742, 21.028247 ], [ 105.855781, 21.028248 ], [ 105.855836, 21.028215 ], [ 105.856195, 21.028233 ] ] } },
{ "type": "Feature", "properties": { "u": 11455065730, "v": 98010332, "key": 0 }, "geometry": { "type": "LineString", "coordinates": [ [ 105.855913, 21.027289 ], [ 105.855825, 21.027018 ] ] } },
{ "type": "Feature", "properties": { "u": 11455065730, "v": 11455065732, "key": 0 }, "geometry": { "type": "LineString", "coordinates": [ [ 105.855913, 21.027289 ], [ 105.856091, 21.027284 ] ] } },
{ "type": "Feature", "properties": { "u": 11455065730, "v": 11435098061, "key": 0 }, "geometry": { "type": "LineString", "coordinates": [ [ 105.855913, 21.027289 ], [ 105.855807, 21.027294 ], [ 105.855778, 21.027296 ] ] } },
{ "type": "Feature", "properties": { "u": 11455065731, "v": 11438626846, "key": 0 }, "geometry": { "type": "LineString", "coordinates": [ [ 105.85614, 21.027413 ], [ 105.856192, 21.027412 ] ] } },
{ "type": "Feature", "properties": { "u": 11455065732, "v": 13026719354, "key": 0 }, "geometry": { "type": "LineString", "coordinates": [ [ 105.856091, 21.027284 ], [ 105.856075, 21.027467 ] ] } },
{ "type": "Feature", "properties": { "u": 11455065732, "v": 11455065730, "key": 0 }, "geometry": { "type": "LineString", "coordinates": [ [ 105.856091, 21.027284 ], [ 105.855913, 21.027289 ] ] } },
{ "type": "Feature", "properties": { "u": 11455065732, "v": 10586767757, "key": 0 }, "geometry": { "type": "LineString", "coordinates": [ [ 105.856091, 21.027284 ], [ 105.8562, 21.027278 ] ] } },
{ "type": "Feature", "properties": { "u": 11455531154, "v": 11455538995, "key": 0 }, "geometry": { "type": "LineString", "coordinates": [ [ 105.857018, 21.023568 ], [ 105.857017, 21.023775 ] ] } },
{ "type": "Feature", "properties": { "u": 11455531154, "v": 11455538994, "key": 0 }, "geometry": { "type": "LineString", "coordinates": [ [ 105.857018, 21.023568 ], [ 105.857019, 21.02345 ] ] } },
{ "type": "Feature", "properties": { "u": 11455531154, "v": 11455531157, "key": 0 }, "geometry": { "type": "LineString", "coordinates": [ [ 105.857018, 21.023568 ], [ 105.856952, 21.023556 ], [ 105.856893, 21.023524 ], [ 105.856842, 21.023476 ] ] } },
{ "type": "Feature", "properties": { "u": 11455531154, "v": 11455531166, "key": 0 }, "geometry": { "type": "LineString", "coordinates": [ [ 105.857018, 21.023568 ], [ 105.857083, 21.023559 ], [ 105.85714, 21.023532 ], [ 105.857197, 21.023484 ] ] } },
{ "type": "Feature", "properties": { "u": 11455531157, "v": 11455538972, "key": 0 }, "geometry": { "type": "LineString", "coordinates": [ [ 105.856842, 21.023476 ], [ 105.85695, 21.023773 ] ] } },
{ "type": "Feature", "properties": { "u": 11455531157, "v": 11455531158, "key": 0 }, "geometry": { "type": "LineString", "coordinates": [ [ 105.856842, 21.023476 ], [ 105.856823, 21.023421 ] ] } },
{ "type": "Feature", "properties": { "u": 11455531157, "v": 11455531154, "key": 0 }, "geometry": { "type": "LineString", "coordinates": [ [ 105.856842, 21.023476 ], [ 105.856893, 21.023524 ], [ 105.856952, 21.023556 ], [ 105.857018, 21.023568 ] ] } },
{ "type": "Feature", "properties": { "u": 11455531158, "v": 11455531157, "key": 0 }, "geometry": { "type": "LineString", "coordinates": [ [ 105.856823, 21.023421 ], [ 105.856842, 21.023476 ] ] } },
{ "type": "Feature", "properties": { "u": 11455531158, "v": 10142034224, "key": 0 }, "geometry": { "type": "LineString", "coordinates": [ [ 105.856823, 21.023421 ], [ 105.856778, 21.02329 ] ] } },
{ "type": "Feature", "properties": { "u": 11455531158, "v": 11455539117, "key": 0 }, "geometry": { "type": "LineString", "coordinates": [ [ 105.856823, 21.023421 ], [ 105.856823, 21.023353 ], [ 105.856844, 21.023293 ], [ 105.856886, 21.023242 ], [ 105.856944, 21.023208 ], [ 105.856979, 21.0232 ] ] } },
{ "type": "Feature", "properties": { "u": 11455531165, "v": 11455531166, "key": 0 }, "geometry": { "type": "LineString", "coordinates": [ [ 105.857225, 21.023376 ], [ 105.857197, 21.023484 ] ] } },
{ "type": "Feature", "properties": { "u": 11455531165, "v": 11455539117, "key": 0 }, "geometry": { "type": "LineString", "coordinates": [ [ 105.857225, 21.023376 ], [ 105.85721, 21.023318 ], [ 105.857179, 21.023265 ], [ 105.857132, 21.023225 ], [ 105.857074, 21.0232 ], [ 105.85701, 21.023194 ], [ 105.856979, 21.0232 ] ] } },
{ "type": "Feature", "properties": { "u": 11455531166, "v": 11455538973, "key": 0 }, "geometry": { "type": "LineString", "coordinates": [ [ 105.857197, 21.023484 ], [ 105.857102, 21.023778 ] ] } },
{ "type": "Feature", "properties": { "u": 11455531166, "v": 11455531165, "key": 0 }, "geometry": { "type": "LineString", "coordinates": [ [ 105.857197, 21.023484 ], [ 105.857225, 21.023376 ] ] } },
{ "type": "Feature", "properties": { "u": 11455531166, "v": 11455531154, "key": 0 }, "geometry": { "type": "LineString", "coordinates": [ [ 105.857197, 21.023484 ], [ 105.85714, 21.023532 ], [ 105.857083, 21.023559 ], [ 105.857018, 21.023568 ] ] } },
{ "type": "Feature", "properties": { "u": 11455538972, "v": 10142034222, "key": 0 }, "geometry": { "type": "LineString", "coordinates": [ [ 105.85695, 21.023773 ], [ 105.856992, 21.023887 ] ] } },
{ "type": "Feature", "properties": { "u": 11455538972, "v": 11455531157, "key": 0 }, "geometry": { "type": "LineString", "coordinates": [ [ 105.85695, 21.023773 ], [ 105.856842, 21.023476 ] ] } },
{ "type": "Feature", "properties": { "u": 11455538972, "v": 11455538995, "key": 0 }, "geometry": { "type": "LineString", "coordinates": [ [ 105.85695, 21.023773 ], [ 105.857017, 21.023775 ] ] } },
{ "type": "Feature", "properties": { "u": 11455538973, "v": 11455531166, "key": 0 }, "geometry": { "type": "LineString", "coordinates": [ [ 105.857102, 21.023778 ], [ 105.857197, 21.023484 ] ] } },
{ "type": "Feature", "properties": { "u": 11455538973, "v": 11455538995, "key": 0 }, "geometry": { "type": "LineString", "coordinates": [ [ 105.857102, 21.023778 ], [ 105.857017, 21.023775 ] ] } },
{ "type": "Feature", "properties": { "u": 11455538973, "v": 10142034222, "key": 0 }, "geometry": { "type": "LineString", "coordinates": [ [ 105.857102, 21.023778 ], [ 105.857068, 21.023899 ], [ 105.857056, 21.023919 ], [ 105.857042, 21.023925 ], [ 105.857028, 21.023926 ], [ 105.857012, 21.023921 ], [ 105.857, 21.023906 ], [ 105.856992, 21.023887 ] ] } },
{ "type": "Feature", "properties": { "u": 11455538994, "v": 11455531154, "key": 0 }, "geometry": { "type": "LineString", "coordinates": [ [ 105.857019, 21.02345 ], [ 105.857018, 21.023568 ] ] } },
{ "type": "Feature", "properties": { "u": 11455538994, "v": 11455538994, "key": 0 }, "geometry": { "type": "LineString", "coordinates": [ [ 105.857019, 21.02345 ], [ 105.857008, 21.02345 ], [ 105.856987, 21.023444 ], [ 105.856969, 21.023432 ], [ 105.856956, 21.023416 ], [ 105.856948, 21.023397 ], [ 105.856948, 21.023376 ], [ 105.856955, 21.023354 ], [ 105.856969, 21.023336 ], [ 105.856989, 21.023324 ], [ 105.857013, 21.023318 ], [ 105.857037, 21.023321 ], [ 105.857059, 21.02333 ], [ 105.857076, 21.023346 ], [ 105.857086, 21.023367 ], [ 105.857088, 21.02339 ], [ 105.857082, 21.023412 ], [ 105.857068, 21.02343 ], [ 105.857051, 21.023443 ], [ 105.85703, 21.023449 ], [ 105.857019, 21.02345 ] ] } },
{ "type": "Feature", "properties": { "u": 11455538994, "v": 11455538994, "key": 1 }, "geometry": { "type": "LineString", "coordinates": [ [ 105.857019, 21.02345 ], [ 105.85703, 21.023449 ], [ 105.857051, 21.023443 ], [ 105.857068, 21.02343 ], [ 105.857082, 21.023412 ], [ 105.857088, 21.02339 ], [ 105.857086, 21.023367 ], [ 105.857076, 21.023346 ], [ 105.857059, 21.02333 ], [ 105.857037, 21.023321 ], [ 105.857013, 21.023318 ], [ 105.856989, 21.023324 ], [ 105.856969, 21.023336 ], [ 105.856955, 21.023354 ], [ 105.856948, 21.023376 ], [ 105.856948, 21.023397 ], [ 105.856956, 21.023416 ], [ 105.856969, 21.023432 ], [ 105.856987, 21.023444 ], [ 105.857008, 21.02345 ], [ 105.857019, 21.02345 ] ] } },
{ "type": "Feature", "properties": { "u": 11455538995, "v": 11455538972, "key": 0 }, "geometry": { "type": "LineString", "coordinates": [ [ 105.857017, 21.023775 ], [ 105.85695, 21.023773 ] ] } },
{ "type": "Feature", "properties": { "u": 11455538995, "v": 11455538973, "key": 0 }, "geometry": { "type": "LineString", "coordinates": [ [ 105.857017, 21.023775 ], [ 105.857102, 21.023778 ] ] } },
{ "type": "Feature", "properties": { "u": 11455538995, "v": 11455531154, "key": 0 }, "geometry": { "type": "LineString", "coordinates": [ [ 105.857017, 21.023775 ], [ 105.857018, 21.023568 ] ] } },
{ "type": "Feature", "properties": { "u": 11455539091, "v": 8176641005, "key": 0 }, "geometry": { "type": "LineString", "coordinates": [ [ 105.847978, 21.025789 ], [ 105.849299, 21.025385 ] ] } },
{ "type": "Feature", "properties": { "u": 11455539091, "v": 11455539093, "key": 0 }, "geometry": { "type": "LineString", "coordinates": [ [ 105.847978, 21.025789 ], [ 105.847953, 21.025706 ] ] } },
{ "type": "Feature", "properties": { "u": 11455539091, "v": 8176641003, "key": 0 }, "geometry": { "type": "LineString", "coordinates": [ [ 105.847978, 21.025789 ], [ 105.847578, 21.02591 ], [ 105.84756, 21.025918 ] ] } },
{ "type": "Feature", "properties": { "u": 11455539092, "v": 8176640982, "key": 0 }, "geometry": { "type": "LineString", "coordinates": [ [ 105.847924, 21.02561 ], [ 105.848039, 21.025571 ] ] } },
{ "type": "Feature", "properties": { "u": 11455539092, "v": 9903217942, "key": 0 }, "geometry": { "type": "LineString", "coordinates": [ [ 105.847924, 21.02561 ], [ 105.847771, 21.025657 ] ] } },
{ "type": "Feature", "properties": { "u": 11455539092, "v": 11455539093, "key": 0 }, "geometry": { "type": "LineString", "coordinates": [ [ 105.847924, 21.02561 ], [ 105.847953, 21.025706 ] ] } },
{ "type": "Feature", "properties": { "u": 11455539093, "v": 9903217936, "key": 0 }, "geometry": { "type": "LineString", "coordinates": [ [ 105.847953, 21.025706 ], [ 105.847802, 21.02575 ] ] } },
{ "type": "Feature", "properties": { "u": 11455539093, "v": 5704289449, "key": 0 }, "geometry": { "type": "LineString", "coordinates": [ [ 105.847953, 21.025706 ], [ 105.848071, 21.025671 ] ] } },
{ "type": "Feature", "properties": { "u": 11455539093, "v": 11455539092, "key": 0 }, "geometry": { "type": "LineString", "coordinates": [ [ 105.847953, 21.025706 ], [ 105.847924, 21.02561 ] ] } },
{ "type": "Feature", "properties": { "u": 11455539093, "v": 11455539091, "key": 0 }, "geometry": { "type": "LineString", "coordinates": [ [ 105.847953, 21.025706 ], [ 105.847978, 21.025789 ] ] } },
{ "type": "Feature", "properties": { "u": 11455539117, "v": 11455539118, "key": 0 }, "geometry": { "type": "LineString", "coordinates": [ [ 105.856979, 21.0232 ], [ 105.856963, 21.023151 ] ] } },
{ "type": "Feature", "properties": { "u": 11455539117, "v": 11455531165, "key": 0 }, "geometry": { "type": "LineString", "coordinates": [ [ 105.856979, 21.0232 ], [ 105.85701, 21.023194 ], [ 105.857074, 21.0232 ], [ 105.857132, 21.023225 ], [ 105.857179, 21.023265 ], [ 105.85721, 21.023318 ], [ 105.857225, 21.023376 ] ] } },
{ "type": "Feature", "properties": { "u": 11455539117, "v": 11455531158, "key": 0 }, "geometry": { "type": "LineString", "coordinates": [ [ 105.856979, 21.0232 ], [ 105.856944, 21.023208 ], [ 105.856886, 21.023242 ], [ 105.856844, 21.023293 ], [ 105.856823, 21.023353 ], [ 105.856823, 21.023421 ] ] } },
{ "type": "Feature", "properties": { "u": 11455539118, "v": 10142034225, "key": 0 }, "geometry": { "type": "LineString", "coordinates": [ [ 105.856963, 21.023151 ], [ 105.856799, 21.023203 ] ] } },
{ "type": "Feature", "properties": { "u": 11455539118, "v": 11455539117, "key": 0 }, "geometry": { "type": "LineString", "coordinates": [ [ 105.856963, 21.023151 ], [ 105.856979, 21.0232 ] ] } },
{ "type": "Feature", "properties": { "u": 11465167153, "v": 5405026120, "key": 0 }, "geometry": { "type": "LineString", "coordinates": [ [ 105.853379, 21.031184 ], [ 105.853306, 21.031303 ] ] } },
{ "type": "Feature", "properties": { "u": 11465167153, "v": 13724436489, "key": 0 }, "geometry": { "type": "LineString", "coordinates": [ [ 105.853379, 21.031184 ], [ 105.853462, 21.03122 ] ] } },
{ "type": "Feature", "properties": { "u": 11465167153, "v": 6324265708, "key": 0 }, "geometry": { "type": "LineString", "coordinates": [ [ 105.853379, 21.031184 ], [ 105.853328, 21.031166 ], [ 105.8533, 21.031149 ] ] } },
{ "type": "Feature", "properties": { "u": 11465167155, "v": 13131093753, "key": 0 }, "geometry": { "type": "LineString", "coordinates": [ [ 105.851959, 21.031902 ], [ 105.851956, 21.031882 ] ] } },
{ "type": "Feature", "properties": { "u": 11518471036, "v": 8173724276, "key": 0 }, "geometry": { "type": "LineString", "coordinates": [ [ 105.852797, 21.023644 ], [ 105.852721, 21.023659 ] ] } },
{ "type": "Feature", "properties": { "u": 11518471036, "v": 6689685038, "key": 0 }, "geometry": { "type": "LineString", "coordinates": [ [ 105.852797, 21.023644 ], [ 105.852896, 21.024085 ] ] } },
{ "type": "Feature", "properties": { "u": 11832076983, "v": 11832076992, "key": 0 }, "geometry": { "type": "LineString", "coordinates": [ [ 105.850931, 21.029046 ], [ 105.850919, 21.02907 ] ] } },
{ "type": "Feature", "properties": { "u": 11832076983, "v": 11832076993, "key": 0 }, "geometry": { "type": "LineString", "coordinates": [ [ 105.850931, 21.029046 ], [ 105.850943, 21.029022 ] ] } },
{ "type": "Feature", "properties": { "u": 11832076983, "v": 11832076995, "key": 0 }, "geometry": { "type": "LineString", "coordinates": [ [ 105.850931, 21.029046 ], [ 105.850922, 21.029043 ], [ 105.850785, 21.028986 ], [ 105.85075, 21.028972 ] ] } },
{ "type": "Feature", "properties": { "u": 11832076984, "v": 103010881, "key": 0 }, "geometry": { "type": "LineString", "coordinates": [ [ 105.850272, 21.029099 ], [ 105.849644, 21.028912 ], [ 105.849575, 21.028863 ] ] } },
{ "type": "Feature", "properties": { "u": 11832076984, "v": 103011363, "key": 0 }, "geometry": { "type": "LineString", "coordinates": [ [ 105.850272, 21.029099 ], [ 105.850511, 21.02917 ], [ 105.850593, 21.029196 ] ] } },
{ "type": "Feature", "properties": { "u": 11832076984, "v": 11832076996, "key": 0 }, "geometry": { "type": "LineString", "coordinates": [ [ 105.850272, 21.029099 ], [ 105.850292, 21.02904 ], [ 105.850343, 21.028887 ] ] } },
{ "type": "Feature", "properties": { "u": 11832076987, "v": 6591434569, "key": 0 }, "geometry": { "type": "LineString", "coordinates": [ [ 105.850728, 21.029019 ], [ 105.850682, 21.029001 ] ] } },
{ "type": "Feature", "properties": { "u": 11832076987, "v": 11832076995, "key": 0 }, "geometry": { "type": "LineString", "coordinates": [ [ 105.850728, 21.029019 ], [ 105.85075, 21.028972 ] ] } },
{ "type": "Feature", "properties": { "u": 11832076987, "v": 11832076992, "key": 0 }, "geometry": { "type": "LineString", "coordinates": [ [ 105.850728, 21.029019 ], [ 105.850762, 21.029033 ], [ 105.850792, 21.029044 ], [ 105.850908, 21.02909 ], [ 105.850919, 21.02907 ] ] } },
{ "type": "Feature", "properties": { "u": 11832076988, "v": 6591434561, "key": 0 }, "geometry": { "type": "LineString", "coordinates": [ [ 105.850986, 21.029067 ], [ 105.851078, 21.029091 ], [ 105.851102, 21.029097 ], [ 105.851146, 21.029108 ] ] } },
{ "type": "Feature", "properties": { "u": 11832076988, "v": 11832076992, "key": 0 }, "geometry": { "type": "LineString", "coordinates": [ [ 105.850986, 21.029067 ], [ 105.850973, 21.029093 ], [ 105.850919, 21.02907 ] ] } },
{ "type": "Feature", "properties": { "u": 11832076988, "v": 11832076993, "key": 0 }, "geometry": { "type": "LineString", "coordinates": [ [ 105.850986, 21.029067 ], [ 105.850997, 21.029045 ], [ 105.850943, 21.029022 ] ] } },
{ "type": "Feature", "properties": { "u": 11832076990, "v": 6644523698, "key": 0 }, "geometry": { "type": "LineString", "coordinates": [ [ 105.851383, 21.029157 ], [ 105.851387, 21.029138 ], [ 105.851397, 21.029055 ], [ 105.851401, 21.028962 ], [ 105.851401, 21.028878 ], [ 105.851395, 21.028785 ], [ 105.851344, 21.028529 ], [ 105.851304, 21.028363 ], [ 105.851266, 21.028248 ] ] } },
{ "type": "Feature", "properties": { "u": 11832076990, "v": 6591434558, "key": 0 }, "geometry": { "type": "LineString", "coordinates": [ [ 105.851383, 21.029157 ], [ 105.85134, 21.029149 ], [ 105.851229, 21.029126 ] ] } },
{ "type": "Feature", "properties": { "u": 11832076992, "v": 11832076983, "key": 0 }, "geometry": { "type": "LineString", "coordinates": [ [ 105.850919, 21.02907 ], [ 105.850931, 21.029046 ] ] } },
{ "type": "Feature", "properties": { "u": 11832076992, "v": 11832076988, "key": 0 }, "geometry": { "type": "LineString", "coordinates": [ [ 105.850919, 21.02907 ], [ 105.850973, 21.029093 ], [ 105.850986, 21.029067 ] ] } },
{ "type": "Feature", "properties": { "u": 11832076992, "v": 11832076987, "key": 0 }, "geometry": { "type": "LineString", "coordinates": [ [ 105.850919, 21.02907 ], [ 105.850908, 21.02909 ], [ 105.850792, 21.029044 ], [ 105.850762, 21.029033 ], [ 105.850728, 21.029019 ] ] } },
{ "type": "Feature", "properties": { "u": 11832076993, "v": 11832076983, "key": 0 }, "geometry": { "type": "LineString", "coordinates": [ [ 105.850943, 21.029022 ], [ 105.850931, 21.029046 ] ] } },
{ "type": "Feature", "properties": { "u": 11832076993, "v": 11832076988, "key": 0 }, "geometry": { "type": "LineString", "coordinates": [ [ 105.850943, 21.029022 ], [ 105.850997, 21.029045 ], [ 105.850986, 21.029067 ] ] } },
{ "type": "Feature", "properties": { "u": 11832076993, "v": 11832076994, "key": 0 }, "geometry": { "type": "LineString", "coordinates": [ [ 105.850943, 21.029022 ], [ 105.850954, 21.029001 ], [ 105.850839, 21.028955 ], [ 105.850807, 21.028942 ], [ 105.850771, 21.028927 ] ] } },
{ "type": "Feature", "properties": { "u": 11832076994, "v": 6591434586, "key": 0 }, "geometry": { "type": "LineString", "coordinates": [ [ 105.850771, 21.028927 ], [ 105.850725, 21.028909 ] ] } },
{ "type": "Feature", "properties": { "u": 11832076994, "v": 11832076995, "key": 0 }, "geometry": { "type": "LineString", "coordinates": [ [ 105.850771, 21.028927 ], [ 105.85075, 21.028972 ] ] } },
{ "type": "Feature", "properties": { "u": 11832076994, "v": 11832076993, "key": 0 }, "geometry": { "type": "LineString", "coordinates": [ [ 105.850771, 21.028927 ], [ 105.850807, 21.028942 ], [ 105.850839, 21.028955 ], [ 105.850954, 21.029001 ], [ 105.850943, 21.029022 ] ] } },
{ "type": "Feature", "properties": { "u": 11832076995, "v": 11832076987, "key": 0 }, "geometry": { "type": "LineString", "coordinates": [ [ 105.85075, 21.028972 ], [ 105.850728, 21.029019 ] ] } },
{ "type": "Feature", "properties": { "u": 11832076995, "v": 11832076994, "key": 0 }, "geometry": { "type": "LineString", "coordinates": [ [ 105.85075, 21.028972 ], [ 105.850771, 21.028927 ] ] } },
{ "type": "Feature", "properties": { "u": 11832076995, "v": 11832076983, "key": 0 }, "geometry": { "type": "LineString", "coordinates": [ [ 105.85075, 21.028972 ], [ 105.850785, 21.028986 ], [ 105.850922, 21.029043 ], [ 105.850931, 21.029046 ] ] } },
{ "type": "Feature", "properties": { "u": 11832076996, "v": 11832076984, "key": 0 }, "geometry": { "type": "LineString", "coordinates": [ [ 105.850343, 21.028887 ], [ 105.850292, 21.02904 ], [ 105.850272, 21.029099 ] ] } },
{ "type": "Feature", "properties": { "u": 11974544807, "v": 8184606210, "key": 0 }, "geometry": { "type": "LineString", "coordinates": [ [ 105.854776, 21.027096 ], [ 105.85478, 21.027115 ] ] } },
{ "type": "Feature", "properties": { "u": 12404456167, "v": 7202327205, "key": 0 }, "geometry": { "type": "LineString", "coordinates": [ [ 105.84912, 21.028948 ], [ 105.84916, 21.02897 ] ] } },
{ "type": "Feature", "properties": { "u": 12404456167, "v": 12404456180, "key": 0 }, "geometry": { "type": "LineString", "coordinates": [ [ 105.84912, 21.028948 ], [ 105.849061, 21.028916 ], [ 105.848934, 21.028848 ] ] } },
{ "type": "Feature", "properties": { "u": 12404456167, "v": 4023283638, "key": 0 }, "geometry": { "type": "LineString", "coordinates": [ [ 105.84912, 21.028948 ], [ 105.849104, 21.028976 ], [ 105.849071, 21.029 ] ] } },
{ "type": "Feature", "properties": { "u": 12404456169, "v": 7202327205, "key": 0 }, "geometry": { "type": "LineString", "coordinates": [ [ 105.84919, 21.028986 ], [ 105.84916, 21.02897 ] ] } },
{ "type": "Feature", "properties": { "u": 12404456169, "v": 11201427648, "key": 0 }, "geometry": { "type": "LineString", "coordinates": [ [ 105.84919, 21.028986 ], [ 105.849403, 21.0291 ], [ 105.849464, 21.02913 ] ] } },
{ "type": "Feature", "properties": { "u": 12404456169, "v": 7171121007, "key": 0 }, "geometry": { "type": "LineString", "coordinates": [ [ 105.84919, 21.028986 ], [ 105.849264, 21.028988 ], [ 105.849367, 21.028977 ], [ 105.849417, 21.028946 ] ] } },
{ "type": "Feature", "properties": { "u": 12404456174, "v": 12404456176, "key": 0 }, "geometry": { "type": "LineString", "coordinates": [ [ 105.849371, 21.028737 ], [ 105.849316, 21.02871 ] ] } },
{ "type": "Feature", "properties": { "u": 12404456174, "v": 103010881, "key": 0 }, "geometry": { "type": "LineString", "coordinates": [ [ 105.849371, 21.028737 ], [ 105.849519, 21.028811 ], [ 105.849575, 21.028863 ] ] } },
{ "type": "Feature", "properties": { "u": 12404456174, "v": 7171121007, "key": 0 }, "geometry": { "type": "LineString", "coordinates": [ [ 105.849371, 21.028737 ], [ 105.8494, 21.02879 ], [ 105.849411, 21.028808 ], [ 105.849434, 21.028909 ], [ 105.849417, 21.028946 ] ] } },
{ "type": "Feature", "properties": { "u": 12404456176, "v": 4023288101, "key": 0 }, "geometry": { "type": "LineString", "coordinates": [ [ 105.849316, 21.02871 ], [ 105.848733, 21.02842 ] ] } },
{ "type": "Feature", "properties": { "u": 12404456176, "v": 12404456174, "key": 0 }, "geometry": { "type": "LineString", "coordinates": [ [ 105.849316, 21.02871 ], [ 105.849371, 21.028737 ] ] } },
{ "type": "Feature", "properties": { "u": 12404456176, "v": 7202327205, "key": 0 }, "geometry": { "type": "LineString", "coordinates": [ [ 105.849316, 21.02871 ], [ 105.8493, 21.028737 ], [ 105.84916, 21.02897 ] ] } },
{ "type": "Feature", "properties": { "u": 12404456180, "v": 12404456184, "key": 0 }, "geometry": { "type": "LineString", "coordinates": [ [ 105.848934, 21.028848 ], [ 105.848849, 21.028804 ] ] } },
{ "type": "Feature", "properties": { "u": 12404456180, "v": 12404456167, "key": 0 }, "geometry": { "type": "LineString", "coordinates": [ [ 105.848934, 21.028848 ], [ 105.849061, 21.028916 ], [ 105.84912, 21.028948 ] ] } },
{ "type": "Feature", "properties": { "u": 12404456180, "v": 12404456182, "key": 0 }, "geometry": { "type": "LineString", "coordinates": [ [ 105.848934, 21.028848 ], [ 105.84895, 21.028822 ], [ 105.848923, 21.028807 ], [ 105.848916, 21.028802 ] ] } },
{ "type": "Feature", "properties": { "u": 12404456182, "v": 7202327210, "key": 0 }, "geometry": { "type": "LineString", "coordinates": [ [ 105.848916, 21.028802 ], [ 105.848921, 21.028794 ] ] } },
{ "type": "Feature", "properties": { "u": 12404456182, "v": 12404456184, "key": 0 }, "geometry": { "type": "LineString", "coordinates": [ [ 105.848916, 21.028802 ], [ 105.848903, 21.028795 ], [ 105.848868, 21.028776 ], [ 105.848849, 21.028804 ] ] } },
{ "type": "Feature", "properties": { "u": 12404456182, "v": 12404456180, "key": 0 }, "geometry": { "type": "LineString", "coordinates": [ [ 105.848916, 21.028802 ], [ 105.848923, 21.028807 ], [ 105.84895, 21.028822 ], [ 105.848934, 21.028848 ] ] } },
{ "type": "Feature", "properties": { "u": 12404456184, "v": 12404456180, "key": 0 }, "geometry": { "type": "LineString", "coordinates": [ [ 105.848849, 21.028804 ], [ 105.848934, 21.028848 ] ] } },
{ "type": "Feature", "properties": { "u": 12404456184, "v": 4023288101, "key": 0 }, "geometry": { "type": "LineString", "coordinates": [ [ 105.848849, 21.028804 ], [ 105.848634, 21.02869 ], [ 105.848588, 21.028658 ], [ 105.848553, 21.028624 ], [ 105.848531, 21.028592 ], [ 105.84852, 21.028551 ], [ 105.84852, 21.028517 ], [ 105.848532, 21.028475 ], [ 105.848557, 21.028443 ], [ 105.848588, 21.028423 ], [ 105.848617, 21.028412 ], [ 105.848661, 21.028409 ], [ 105.848702, 21.028415 ], [ 105.848733, 21.02842 ] ] } },
{ "type": "Feature", "properties": { "u": 12404456184, "v": 12404456182, "key": 0 }, "geometry": { "type": "LineString", "coordinates": [ [ 105.848849, 21.028804 ], [ 105.848868, 21.028776 ], [ 105.848903, 21.028795 ], [ 105.848916, 21.028802 ] ] } },
{ "type": "Feature", "properties": { "u": 12408809720, "v": 977640003, "key": 0 }, "geometry": { "type": "LineString", "coordinates": [ [ 105.85231, 21.025751 ], [ 105.851871, 21.025886 ] ] } },
{ "type": "Feature", "properties": { "u": 12408809720, "v": 8176640955, "key": 0 }, "geometry": { "type": "LineString", "coordinates": [ [ 105.85231, 21.025751 ], [ 105.853037, 21.025535 ] ] } },
{ "type": "Feature", "properties": { "u": 12408809720, "v": 12713005342, "key": 0 }, "geometry": { "type": "LineString", "coordinates": [ [ 105.85231, 21.025751 ], [ 105.85229, 21.0257 ] ] } },
{ "type": "Feature", "properties": { "u": 12408809724, "v": 6591434086, "key": 0 }, "geometry": { "type": "LineString", "coordinates": [ [ 105.852302, 21.025228 ], [ 105.852283, 21.025247 ], [ 105.852261, 21.02526 ], [ 105.852237, 21.02527 ], [ 105.852216, 21.025272 ], [ 105.852197, 21.025269 ], [ 105.852181, 21.025261 ], [ 105.852148, 21.025231 ] ] } },
{ "type": "Feature", "properties": { "u": 12450416485, "v": 12450416486, "key": 0 }, "geometry": { "type": "LineString", "coordinates": [ [ 105.855512, 21.032523 ], [ 105.855924, 21.032648 ] ] } },
{ "type": "Feature", "properties": { "u": 12450416485, "v": 5701112195, "key": 0 }, "geometry": { "type": "LineString", "coordinates": [ [ 105.855512, 21.032523 ], [ 105.855443, 21.032652 ], [ 105.855147, 21.033167 ] ] } },
{ "type": "Feature", "properties": { "u": 12450416486, "v": 5408108320, "key": 0 }, "geometry": { "type": "LineString", "coordinates": [ [ 105.855924, 21.032648 ], [ 105.856417, 21.031563 ], [ 105.856439, 21.031514 ] ] } },
{ "type": "Feature", "properties": { "u": 12450478646, "v": 12450416485, "key": 0 }, "geometry": { "type": "LineString", "coordinates": [ [ 105.854533, 21.032163 ], [ 105.855512, 21.032523 ] ] } },
{ "type": "Feature", "properties": { "u": 12450478646, "v": 104768131, "key": 0 }, "geometry": { "type": "LineString", "coordinates": [ [ 105.854533, 21.032163 ], [ 105.854562, 21.031564 ], [ 105.854568, 21.031433 ] ] } },
{ "type": "Feature", "properties": { "u": 12450568022, "v": 12450478646, "key": 0 }, "geometry": { "type": "LineString", "coordinates": [ [ 105.853828, 21.032193 ], [ 105.854533, 21.032163 ] ] } },
{ "type": "Feature", "properties": { "u": 12450568022, "v": 309674434, "key": 0 }, "geometry": { "type": "LineString", "coordinates": [ [ 105.853828, 21.032193 ], [ 105.853821, 21.032249 ], [ 105.853804, 21.03303 ] ] } },
{ "type": "Feature", "properties": { "u": 12450568023, "v": 317806969, "key": 0 }, "geometry": { "type": "LineString", "coordinates": [ [ 105.852936, 21.032227 ], [ 105.853019, 21.033042 ] ] } },
{ "type": "Feature", "properties": { "u": 12450568023, "v": 309674297, "key": 0 }, "geometry": { "type": "LineString", "coordinates": [ [ 105.852936, 21.032227 ], [ 105.853163, 21.032215 ] ] } },
{ "type": "Feature", "properties": { "u": 12450568024, "v": 12450568023, "key": 0 }, "geometry": { "type": "LineString", "coordinates": [ [ 105.851913, 21.03227 ], [ 105.852936, 21.032227 ] ] } },
{ "type": "Feature", "properties": { "u": 12617804990, "v": 12617804998, "key": 0 }, "geometry": { "type": "LineString", "coordinates": [ [ 105.856611, 21.025419 ], [ 105.856542, 21.025638 ] ] } },
{ "type": "Feature", "properties": { "u": 12617804990, "v": 12617804992, "key": 0 }, "geometry": { "type": "LineString", "coordinates": [ [ 105.856611, 21.025419 ], [ 105.856554, 21.025428 ], [ 105.85653, 21.025449 ] ] } },
{ "type": "Feature", "properties": { "u": 12617804992, "v": 12617804999, "key": 0 }, "geometry": { "type": "LineString", "coordinates": [ [ 105.85653, 21.025449 ], [ 105.856495, 21.025558 ] ] } },
{ "type": "Feature", "properties": { "u": 12617804992, "v": 12617804999, "key": 1 }, "geometry": { "type": "LineString", "coordinates": [ [ 105.85653, 21.025449 ], [ 105.856506, 21.025495 ], [ 105.856495, 21.025527 ], [ 105.856495, 21.025558 ] ] } },
{ "type": "Feature", "properties": { "u": 12617804992, "v": 10142649473, "key": 0 }, "geometry": { "type": "LineString", "coordinates": [ [ 105.85653, 21.025449 ], [ 105.856779, 21.02468 ] ] } },
{ "type": "Feature", "properties": { "u": 12617804992, "v": 12617804990, "key": 0 }, "geometry": { "type": "LineString", "coordinates": [ [ 105.85653, 21.025449 ], [ 105.856554, 21.025428 ], [ 105.856611, 21.025419 ] ] } },
{ "type": "Feature", "properties": { "u": 12617804998, "v": 10586767717, "key": 0 }, "geometry": { "type": "LineString", "coordinates": [ [ 105.856542, 21.025638 ], [ 105.856486, 21.025813 ] ] } },
{ "type": "Feature", "properties": { "u": 12617804998, "v": 12617804999, "key": 0 }, "geometry": { "type": "LineString", "coordinates": [ [ 105.856542, 21.025638 ], [ 105.856522, 21.025618 ], [ 105.856508, 21.025597 ], [ 105.856494, 21.025569 ], [ 105.856495, 21.025558 ] ] } },
{ "type": "Feature", "properties": { "u": 12617804999, "v": 10586767716, "key": 0 }, "geometry": { "type": "LineString", "coordinates": [ [ 105.856495, 21.025558 ], [ 105.856417, 21.025797 ] ] } },
{ "type": "Feature", "properties": { "u": 12617804999, "v": 12617804992, "key": 0 }, "geometry": { "type": "LineString", "coordinates": [ [ 105.856495, 21.025558 ], [ 105.85653, 21.025449 ] ] } },
{ "type": "Feature", "properties": { "u": 12617804999, "v": 12617804992, "key": 1 }, "geometry": { "type": "LineString", "coordinates": [ [ 105.856495, 21.025558 ], [ 105.856495, 21.025527 ], [ 105.856506, 21.025495 ], [ 105.85653, 21.025449 ] ] } },
{ "type": "Feature", "properties": { "u": 12617804999, "v": 12617804998, "key": 0 }, "geometry": { "type": "LineString", "coordinates": [ [ 105.856495, 21.025558 ], [ 105.856494, 21.025569 ], [ 105.856508, 21.025597 ], [ 105.856522, 21.025618 ], [ 105.856542, 21.025638 ] ] } },
{ "type": "Feature", "properties": { "u": 12617861536, "v": 1813639929, "key": 0 }, "geometry": { "type": "LineString", "coordinates": [ [ 105.856528, 21.029645 ], [ 105.856712, 21.029579 ] ] } },
{ "type": "Feature", "properties": { "u": 12617861536, "v": 12617861540, "key": 0 }, "geometry": { "type": "LineString", "coordinates": [ [ 105.856528, 21.029645 ], [ 105.856238, 21.029636 ], [ 105.856236, 21.029675 ] ] } },
{ "type": "Feature", "properties": { "u": 12617861540, "v": 12617861536, "key": 0 }, "geometry": { "type": "LineString", "coordinates": [ [ 105.856236, 21.029675 ], [ 105.856238, 21.029636 ], [ 105.856528, 21.029645 ] ] } },
{ "type": "Feature", "properties": { "u": 12713005342, "v": 12408809720, "key": 0 }, "geometry": { "type": "LineString", "coordinates": [ [ 105.85229, 21.0257 ], [ 105.85231, 21.025751 ] ] } },
{ "type": "Feature", "properties": { "u": 12713005342, "v": 6646950000, "key": 0 }, "geometry": { "type": "LineString", "coordinates": [ [ 105.85229, 21.0257 ], [ 105.851854, 21.025833 ] ] } },
{ "type": "Feature", "properties": { "u": 12713005342, "v": 13976546159, "key": 0 }, "geometry": { "type": "LineString", "coordinates": [ [ 105.85229, 21.0257 ], [ 105.852784, 21.025555 ] ] } },
{ "type": "Feature", "properties": { "u": 12713005342, "v": 6591434086, "key": 0 }, "geometry": { "type": "LineString", "coordinates": [ [ 105.85229, 21.0257 ], [ 105.85218, 21.025438 ], [ 105.852164, 21.025354 ], [ 105.852154, 21.025291 ], [ 105.852148, 21.025231 ] ] } },
{ "type": "Feature", "properties": { "u": 12925173233, "v": 12925173237, "key": 0 }, "geometry": { "type": "LineString", "coordinates": [ [ 105.85036, 21.024309 ], [ 105.850452, 21.024583 ], [ 105.850502, 21.024735 ], [ 105.850542, 21.024859 ] ] } },
{ "type": "Feature", "properties": { "u": 12925173235, "v": 6651678059, "key": 0 }, "geometry": { "type": "LineString", "coordinates": [ [ 105.850569, 21.024941 ], [ 105.849842, 21.025146 ] ] } },
{ "type": "Feature", "properties": { "u": 12925173235, "v": 5704353655, "key": 0 }, "geometry": { "type": "LineString", "coordinates": [ [ 105.850569, 21.024941 ], [ 105.85069, 21.024905 ] ] } },
{ "type": "Feature", "properties": { "u": 12925173235, "v": 12925173237, "key": 0 }, "geometry": { "type": "LineString", "coordinates": [ [ 105.850569, 21.024941 ], [ 105.850542, 21.024859 ] ] } },
{ "type": "Feature", "properties": { "u": 12925173237, "v": 8173724239, "key": 0 }, "geometry": { "type": "LineString", "coordinates": [ [ 105.850542, 21.024859 ], [ 105.849816, 21.025066 ] ] } },
{ "type": "Feature", "properties": { "u": 12925173237, "v": 8176640925, "key": 0 }, "geometry": { "type": "LineString", "coordinates": [ [ 105.850542, 21.024859 ], [ 105.851163, 21.024682 ] ] } },
{ "type": "Feature", "properties": { "u": 12925173237, "v": 12925173235, "key": 0 }, "geometry": { "type": "LineString", "coordinates": [ [ 105.850542, 21.024859 ], [ 105.850569, 21.024941 ] ] } },
{ "type": "Feature", "properties": { "u": 12925173237, "v": 12925173233, "key": 0 }, "geometry": { "type": "LineString", "coordinates": [ [ 105.850542, 21.024859 ], [ 105.850502, 21.024735 ], [ 105.850452, 21.024583 ], [ 105.85036, 21.024309 ] ] } },
{ "type": "Feature", "properties": { "u": 12965861938, "v": 5704353660, "key": 0 }, "geometry": { "type": "LineString", "coordinates": [ [ 105.849419, 21.024354 ], [ 105.849559, 21.024773 ] ] } },
{ "type": "Feature", "properties": { "u": 12965861938, "v": 12965861941, "key": 0 }, "geometry": { "type": "LineString", "coordinates": [ [ 105.849419, 21.024354 ], [ 105.849295, 21.02399 ] ] } },
{ "type": "Feature", "properties": { "u": 12965861938, "v": 13000988319, "key": 0 }, "geometry": { "type": "LineString", "coordinates": [ [ 105.849419, 21.024354 ], [ 105.849371, 21.024348 ], [ 105.849337, 21.024329 ] ] } },
{ "type": "Feature", "properties": { "u": 12965861941, "v": 12965861938, "key": 0 }, "geometry": { "type": "LineString", "coordinates": [ [ 105.849295, 21.02399 ], [ 105.849419, 21.024354 ] ] } },
{ "type": "Feature", "properties": { "u": 12965861941, "v": 6651584900, "key": 0 }, "geometry": { "type": "LineString", "coordinates": [ [ 105.849295, 21.02399 ], [ 105.849242, 21.02383 ] ] } },
{ "type": "Feature", "properties": { "u": 12976494429, "v": 12976494437, "key": 0 }, "geometry": { "type": "LineString", "coordinates": [ [ 105.85687, 21.029254 ], [ 105.856759, 21.029614 ] ] } },
{ "type": "Feature", "properties": { "u": 12976494429, "v": 12976494437, "key": 1 }, "geometry": { "type": "LineString", "coordinates": [ [ 105.85687, 21.029254 ], [ 105.856907, 21.029315 ], [ 105.856913, 21.029351 ], [ 105.85691, 21.029396 ], [ 105.856885, 21.029484 ], [ 105.856856, 21.029556 ], [ 105.856829, 21.029589 ], [ 105.856803, 21.029608 ], [ 105.856759, 21.029614 ] ] } },
{ "type": "Feature", "properties": { "u": 12976494437, "v": 102984602, "key": 0 }, "geometry": { "type": "LineString", "coordinates": [ [ 105.856759, 21.029614 ], [ 105.856711, 21.029765 ] ] } },
{ "type": "Feature", "properties": { "u": 12976494437, "v": 12976494429, "key": 0 }, "geometry": { "type": "LineString", "coordinates": [ [ 105.856759, 21.029614 ], [ 105.856803, 21.029608 ], [ 105.856829, 21.029589 ], [ 105.856856, 21.029556 ], [ 105.856885, 21.029484 ], [ 105.85691, 21.029396 ], [ 105.856913, 21.029351 ], [ 105.856907, 21.029315 ], [ 105.85687, 21.029254 ] ] } },
{ "type": "Feature", "properties": { "u": 13000988318, "v": 8176640985, "key": 0 }, "geometry": { "type": "LineString", "coordinates": [ [ 105.849247, 21.024054 ], [ 105.84918, 21.023847 ] ] } },
{ "type": "Feature", "properties": { "u": 13000988318, "v": 13000988319, "key": 0 }, "geometry": { "type": "LineString", "coordinates": [ [ 105.849247, 21.024054 ], [ 105.849337, 21.024329 ] ] } },
{ "type": "Feature", "properties": { "u": 13000988318, "v": 12965861941, "key": 0 }, "geometry": { "type": "LineString", "coordinates": [ [ 105.849247, 21.024054 ], [ 105.849249, 21.024043 ], [ 105.849295, 21.02399 ] ] } },
{ "type": "Feature", "properties": { "u": 13000988319, "v": 13000988318, "key": 0 }, "geometry": { "type": "LineString", "coordinates": [ [ 105.849337, 21.024329 ], [ 105.849247, 21.024054 ] ] } },
{ "type": "Feature", "properties": { "u": 13000988319, "v": 13000988318, "key": 1 }, "geometry": { "type": "LineString", "coordinates": [ [ 105.849337, 21.024329 ], [ 105.849313, 21.024316 ], [ 105.849266, 21.024174 ], [ 105.849241, 21.02409 ], [ 105.849247, 21.024054 ] ] } },
{ "type": "Feature", "properties": { "u": 13000988319, "v": 8176640966, "key": 0 }, "geometry": { "type": "LineString", "coordinates": [ [ 105.849337, 21.024329 ], [ 105.849565, 21.025031 ] ] } },
{ "type": "Feature", "properties": { "u": 13001238010, "v": 6581795464, "key": 0 }, "geometry": { "type": "LineString", "coordinates": [ [ 105.847763, 21.031605 ], [ 105.84757, 21.0319 ] ] } },
{ "type": "Feature", "properties": { "u": 13001238010, "v": 6581795466, "key": 0 }, "geometry": { "type": "LineString", "coordinates": [ [ 105.847763, 21.031605 ], [ 105.847888, 21.03142 ], [ 105.847821, 21.031363 ] ] } },
{ "type": "Feature", "properties": { "u": 13001238010, "v": 6581795466, "key": 1 }, "geometry": { "type": "LineString", "coordinates": [ [ 105.847763, 21.031605 ], [ 105.847642, 21.03154 ], [ 105.84763, 21.031547 ], [ 105.847556, 21.031505 ], [ 105.847562, 21.031495 ], [ 105.84753, 21.031475 ], [ 105.847543, 21.031442 ], [ 105.847495, 21.031421 ], [ 105.847606, 21.03124 ], [ 105.847821, 21.031363 ] ] } },
{ "type": "Feature", "properties": { "u": 13026719354, "v": 13026719357, "key": 0 }, "geometry": { "type": "LineString", "coordinates": [ [ 105.856075, 21.027467 ], [ 105.856086, 21.027487 ], [ 105.856089, 21.027508 ], [ 105.856088, 21.027511 ], [ 105.856084, 21.02753 ], [ 105.856073, 21.027549 ] ] } },
{ "type": "Feature", "properties": { "u": 13026719355, "v": 6644906349, "key": 0 }, "geometry": { "type": "LineString", "coordinates": [ [ 105.856044, 21.027567 ], [ 105.856132, 21.027842 ] ] } },
{ "type": "Feature", "properties": { "u": 13026719355, "v": 13026719368, "key": 0 }, "geometry": { "type": "LineString", "coordinates": [ [ 105.856044, 21.027567 ], [ 105.856034, 21.027571 ], [ 105.85601, 21.027572 ], [ 105.855988, 21.027566 ], [ 105.855969, 21.027554 ], [ 105.855955, 21.027537 ] ] } },
{ "type": "Feature", "properties": { "u": 13026719357, "v": 6644906348, "key": 0 }, "geometry": { "type": "LineString", "coordinates": [ [ 105.856073, 21.027549 ], [ 105.856171, 21.027616 ], [ 105.856286, 21.027633 ] ] } },
{ "type": "Feature", "properties": { "u": 13026719357, "v": 13026719355, "key": 0 }, "geometry": { "type": "LineString", "coordinates": [ [ 105.856073, 21.027549 ], [ 105.856055, 21.027563 ], [ 105.856044, 21.027567 ] ] } },
{ "type": "Feature", "properties": { "u": 13026719363, "v": 11455065730, "key": 0 }, "geometry": { "type": "LineString", "coordinates": [ [ 105.855956, 21.027474 ], [ 105.855943, 21.027404 ], [ 105.85593, 21.027351 ], [ 105.855913, 21.027289 ] ] } },
{ "type": "Feature", "properties": { "u": 13026719363, "v": 13026719354, "key": 0 }, "geometry": { "type": "LineString", "coordinates": [ [ 105.855956, 21.027474 ], [ 105.855971, 21.027457 ], [ 105.855991, 21.027445 ], [ 105.856014, 21.027441 ], [ 105.856037, 21.027443 ], [ 105.856058, 21.027452 ], [ 105.856075, 21.027467 ] ] } },
{ "type": "Feature", "properties": { "u": 13026719368, "v": 13026719363, "key": 0 }, "geometry": { "type": "LineString", "coordinates": [ [ 105.855955, 21.027537 ], [ 105.855948, 21.027516 ], [ 105.855948, 21.027495 ], [ 105.855956, 21.027474 ] ] } },
{ "type": "Feature", "properties": { "u": 13108988548, "v": 13108988549, "key": 0 }, "geometry": { "type": "LineString", "coordinates": [ [ 105.84671, 21.024501 ], [ 105.846869, 21.024411 ] ] } },
{ "type": "Feature", "properties": { "u": 13108988548, "v": 11112265412, "key": 0 }, "geometry": { "type": "LineString", "coordinates": [ [ 105.84671, 21.024501 ], [ 105.846745, 21.02449 ], [ 105.846882, 21.024449 ] ] } },
{ "type": "Feature", "properties": { "u": 13108988549, "v": 11112265411, "key": 0 }, "geometry": { "type": "LineString", "coordinates": [ [ 105.846869, 21.024411 ], [ 105.846866, 21.024403 ] ] } },
{ "type": "Feature", "properties": { "u": 13108988549, "v": 11112265412, "key": 0 }, "geometry": { "type": "LineString", "coordinates": [ [ 105.846869, 21.024411 ], [ 105.846882, 21.024449 ] ] } },
{ "type": "Feature", "properties": { "u": 13108988549, "v": 98012401, "key": 0 }, "geometry": { "type": "LineString", "coordinates": [ [ 105.846869, 21.024411 ], [ 105.846901, 21.024392 ] ] } },
{ "type": "Feature", "properties": { "u": 13108988549, "v": 13108988548, "key": 0 }, "geometry": { "type": "LineString", "coordinates": [ [ 105.846869, 21.024411 ], [ 105.84671, 21.024501 ] ] } },
{ "type": "Feature", "properties": { "u": 13116127514, "v": 13116127515, "key": 0 }, "geometry": { "type": "LineString", "coordinates": [ [ 105.857574, 21.030462 ], [ 105.857448, 21.030711 ] ] } },
{ "type": "Feature", "properties": { "u": 13116127515, "v": 13116127514, "key": 0 }, "geometry": { "type": "LineString", "coordinates": [ [ 105.857448, 21.030711 ], [ 105.857574, 21.030462 ] ] } },
{ "type": "Feature", "properties": { "u": 13116127515, "v": 13116127516, "key": 0 }, "geometry": { "type": "LineString", "coordinates": [ [ 105.857448, 21.030711 ], [ 105.857231, 21.030616 ] ] } },
{ "type": "Feature", "properties": { "u": 13116127515, "v": 8775053595, "key": 0 }, "geometry": { "type": "LineString", "coordinates": [ [ 105.857448, 21.030711 ], [ 105.85764, 21.030795 ] ] } },
{ "type": "Feature", "properties": { "u": 13116127515, "v": 8775053594, "key": 0 }, "geometry": { "type": "LineString", "coordinates": [ [ 105.857448, 21.030711 ], [ 105.85742, 21.030765 ], [ 105.857244, 21.031112 ] ] } },
{ "type": "Feature", "properties": { "u": 13116127516, "v": 320410396, "key": 0 }, "geometry": { "type": "LineString", "coordinates": [ [ 105.857231, 21.030616 ], [ 105.8579, 21.029211 ] ] } },
{ "type": "Feature", "properties": { "u": 13116127516, "v": 13116127515, "key": 0 }, "geometry": { "type": "LineString", "coordinates": [ [ 105.857231, 21.030616 ], [ 105.857448, 21.030711 ] ] } },
{ "type": "Feature", "properties": { "u": 13116127516, "v": 1497603079, "key": 0 }, "geometry": { "type": "LineString", "coordinates": [ [ 105.857231, 21.030616 ], [ 105.856948, 21.03121 ], [ 105.856855, 21.031421 ] ] } },
{ "type": "Feature", "properties": { "u": 13131093732, "v": 13131094014, "key": 0 }, "geometry": { "type": "LineString", "coordinates": [ [ 105.851382, 21.032187 ], [ 105.851335, 21.032189 ] ] } },
{ "type": "Feature", "properties": { "u": 13131093744, "v": 13131093754, "key": 0 }, "geometry": { "type": "LineString", "coordinates": [ [ 105.852491, 21.03183 ], [ 105.852489, 21.031813 ] ] } },
{ "type": "Feature", "properties": { "u": 13131093753, "v": 11465167155, "key": 0 }, "geometry": { "type": "LineString", "coordinates": [ [ 105.851956, 21.031882 ], [ 105.851959, 21.031902 ] ] } },
{ "type": "Feature", "properties": { "u": 13131093753, "v": 11336026501, "key": 0 }, "geometry": { "type": "LineString", "coordinates": [ [ 105.851956, 21.031882 ], [ 105.851951, 21.031849 ] ] } },
{ "type": "Feature", "properties": { "u": 13131093753, "v": 1497570444, "key": 0 }, "geometry": { "type": "LineString", "coordinates": [ [ 105.851956, 21.031882 ], [ 105.851913, 21.031888 ], [ 105.851828, 21.031895 ], [ 105.851724, 21.031882 ] ] } },
{ "type": "Feature", "properties": { "u": 13131093754, "v": 13131093744, "key": 0 }, "geometry": { "type": "LineString", "coordinates": [ [ 105.852489, 21.031813 ], [ 105.852491, 21.03183 ] ] } },
{ "type": "Feature", "properties": { "u": 13131093754, "v": 10584029097, "key": 0 }, "geometry": { "type": "LineString", "coordinates": [ [ 105.852489, 21.031813 ], [ 105.852486, 21.031792 ], [ 105.852483, 21.031764 ], [ 105.852478, 21.031718 ] ] } },
{ "type": "Feature", "properties": { "u": 13131093754, "v": 13131093753, "key": 0 }, "geometry": { "type": "LineString", "coordinates": [ [ 105.852489, 21.031813 ], [ 105.852011, 21.031874 ], [ 105.851956, 21.031882 ] ] } },
{ "type": "Feature", "properties": { "u": 13131094014, "v": 75618721, "key": 0 }, "geometry": { "type": "LineString", "coordinates": [ [ 105.851335, 21.032189 ], [ 105.851337, 21.0323 ] ] } },
{ "type": "Feature", "properties": { "u": 13131094014, "v": 13131093732, "key": 0 }, "geometry": { "type": "LineString", "coordinates": [ [ 105.851335, 21.032189 ], [ 105.851382, 21.032187 ] ] } },
{ "type": "Feature", "properties": { "u": 13148712441, "v": 7543872541, "key": 0 }, "geometry": { "type": "LineString", "coordinates": [ [ 105.856814, 21.032845 ], [ 105.856978, 21.032911 ] ] } },
{ "type": "Feature", "properties": { "u": 13148712441, "v": 7543674090, "key": 0 }, "geometry": { "type": "LineString", "coordinates": [ [ 105.856814, 21.032845 ], [ 105.85668, 21.032792 ] ] } },
{ "type": "Feature", "properties": { "u": 13148712441, "v": 13148712444, "key": 0 }, "geometry": { "type": "LineString", "coordinates": [ [ 105.856814, 21.032845 ], [ 105.856739, 21.033026 ], [ 105.85674, 21.033031 ], [ 105.856712, 21.033103 ] ] } },
{ "type": "Feature", "properties": { "u": 13148712444, "v": 1497603093, "key": 0 }, "geometry": { "type": "LineString", "coordinates": [ [ 105.856712, 21.033103 ], [ 105.856539, 21.033051 ] ] } },
{ "type": "Feature", "properties": { "u": 13148712444, "v": 7543872541, "key": 0 }, "geometry": { "type": "LineString", "coordinates": [ [ 105.856712, 21.033103 ], [ 105.856926, 21.033168 ], [ 105.856974, 21.033016 ], [ 105.856941, 21.032995 ], [ 105.856978, 21.032911 ] ] } },
{ "type": "Feature", "properties": { "u": 13148712444, "v": 13148712441, "key": 0 }, "geometry": { "type": "LineString", "coordinates": [ [ 105.856712, 21.033103 ], [ 105.85674, 21.033031 ], [ 105.856739, 21.033026 ], [ 105.856814, 21.032845 ] ] } },
{ "type": "Feature", "properties": { "u": 13347139075, "v": 6644549175, "key": 0 }, "geometry": { "type": "LineString", "coordinates": [ [ 105.851564, 21.024648 ], [ 105.851486, 21.024671 ] ] } },
{ "type": "Feature", "properties": { "u": 13347139075, "v": 13347139084, "key": 0 }, "geometry": { "type": "LineString", "coordinates": [ [ 105.851564, 21.024648 ], [ 105.852062, 21.024503 ] ] } },
{ "type": "Feature", "properties": { "u": 13347139075, "v": 13347139084, "key": 1 }, "geometry": { "type": "LineString", "coordinates": [ [ 105.851564, 21.024648 ], [ 105.851568, 21.024597 ], [ 105.851582, 21.024566 ], [ 105.851615, 21.024527 ], [ 105.851642, 21.024508 ], [ 105.851909, 21.02443 ], [ 105.851956, 21.024428 ], [ 105.851998, 21.024444 ], [ 105.852031, 21.024469 ], [ 105.852062, 21.024503 ] ] } },
{ "type": "Feature", "properties": { "u": 13347139084, "v": 13347139075, "key": 0 }, "geometry": { "type": "LineString", "coordinates": [ [ 105.852062, 21.024503 ], [ 105.851564, 21.024648 ] ] } },
{ "type": "Feature", "properties": { "u": 13347139084, "v": 6689685036, "key": 0 }, "geometry": { "type": "LineString", "coordinates": [ [ 105.852062, 21.024503 ], [ 105.852806, 21.024288 ] ] } },
{ "type": "Feature", "properties": { "u": 13525869904, "v": 13525869907, "key": 0 }, "geometry": { "type": "LineString", "coordinates": [ [ 105.850948, 21.031002 ], [ 105.850951, 21.030977 ], [ 105.85097, 21.030886 ], [ 105.850976, 21.030862 ] ] } },
{ "type": "Feature", "properties": { "u": 13525869904, "v": 13525869907, "key": 1 }, "geometry": { "type": "LineString", "coordinates": [ [ 105.850948, 21.031002 ], [ 105.850916, 21.030984 ], [ 105.850904, 21.030973 ], [ 105.850896, 21.030962 ], [ 105.85089, 21.030941 ], [ 105.850892, 21.030918 ], [ 105.850903, 21.030893 ], [ 105.850923, 21.030877 ], [ 105.850945, 21.03087 ], [ 105.850976, 21.030862 ] ] } },
{ "type": "Feature", "properties": { "u": 13525869907, "v": 6644523701, "key": 0 }, "geometry": { "type": "LineString", "coordinates": [ [ 105.850976, 21.030862 ], [ 105.851037, 21.030597 ] ] } },
{ "type": "Feature", "properties": { "u": 13724436488, "v": 6644368696, "key": 0 }, "geometry": { "type": "LineString", "coordinates": [ [ 105.853464, 21.031247 ], [ 105.853429, 21.031322 ] ] } },
{ "type": "Feature", "properties": { "u": 13724436488, "v": 13724436489, "key": 0 }, "geometry": { "type": "LineString", "coordinates": [ [ 105.853464, 21.031247 ], [ 105.853462, 21.03122 ] ] } },
{ "type": "Feature", "properties": { "u": 13724436488, "v": 13724436490, "key": 0 }, "geometry": { "type": "LineString", "coordinates": [ [ 105.853464, 21.031247 ], [ 105.853475, 21.031262 ], [ 105.853496, 21.031276 ], [ 105.853837, 21.031328 ] ] } },
{ "type": "Feature", "properties": { "u": 13724436489, "v": 11465167153, "key": 0 }, "geometry": { "type": "LineString", "coordinates": [ [ 105.853462, 21.03122 ], [ 105.853379, 21.031184 ] ] } },
{ "type": "Feature", "properties": { "u": 13724436489, "v": 13724436488, "key": 0 }, "geometry": { "type": "LineString", "coordinates": [ [ 105.853462, 21.03122 ], [ 105.853464, 21.031247 ] ] } },
{ "type": "Feature", "properties": { "u": 13724436489, "v": 13724436493, "key": 0 }, "geometry": { "type": "LineString", "coordinates": [ [ 105.853462, 21.03122 ], [ 105.853541, 21.031054 ], [ 105.853585, 21.030981 ], [ 105.853595, 21.030965 ] ] } },
{ "type": "Feature", "properties": { "u": 13724436490, "v": 6403391495, "key": 0 }, "geometry": { "type": "LineString", "coordinates": [ [ 105.853837, 21.031328 ], [ 105.853825, 21.031385 ] ] } },
{ "type": "Feature", "properties": { "u": 13724436490, "v": 13724436488, "key": 0 }, "geometry": { "type": "LineString", "coordinates": [ [ 105.853837, 21.031328 ], [ 105.853496, 21.031276 ], [ 105.853475, 21.031262 ], [ 105.853464, 21.031247 ] ] } },
{ "type": "Feature", "properties": { "u": 13724436490, "v": 13724436491, "key": 0 }, "geometry": { "type": "LineString", "coordinates": [ [ 105.853837, 21.031328 ], [ 105.853853, 21.031332 ], [ 105.853878, 21.031325 ], [ 105.853887, 21.031302 ], [ 105.853889, 21.031275 ] ] } },
{ "type": "Feature", "properties": { "u": 13724436491, "v": 10583987400, "key": 0 }, "geometry": { "type": "LineString", "coordinates": [ [ 105.853889, 21.031275 ], [ 105.853934, 21.031276 ] ] } },
{ "type": "Feature", "properties": { "u": 13724436491, "v": 13724436490, "key": 0 }, "geometry": { "type": "LineString", "coordinates": [ [ 105.853889, 21.031275 ], [ 105.853887, 21.031302 ], [ 105.853878, 21.031325 ], [ 105.853853, 21.031332 ], [ 105.853837, 21.031328 ] ] } },
{ "type": "Feature", "properties": { "u": 13724436491, "v": 13724464201, "key": 0 }, "geometry": { "type": "LineString", "coordinates": [ [ 105.853889, 21.031275 ], [ 105.853888, 21.03107 ], [ 105.853888, 21.031047 ] ] } },
{ "type": "Feature", "properties": { "u": 13724436493, "v": 10584029028, "key": 0 }, "geometry": { "type": "LineString", "coordinates": [ [ 105.853595, 21.030965 ], [ 105.853757, 21.031008 ] ] } },
{ "type": "Feature", "properties": { "u": 13724436493, "v": 10584029006, "key": 0 }, "geometry": { "type": "LineString", "coordinates": [ [ 105.853595, 21.030965 ], [ 105.853707, 21.030815 ] ] } },
{ "type": "Feature", "properties": { "u": 13724436493, "v": 13724436489, "key": 0 }, "geometry": { "type": "LineString", "coordinates": [ [ 105.853595, 21.030965 ], [ 105.853585, 21.030981 ], [ 105.853541, 21.031054 ], [ 105.853462, 21.03122 ] ] } },
{ "type": "Feature", "properties": { "u": 13724464201, "v": 10584029028, "key": 0 }, "geometry": { "type": "LineString", "coordinates": [ [ 105.853888, 21.031047 ], [ 105.853757, 21.031008 ] ] } },
{ "type": "Feature", "properties": { "u": 13724464201, "v": 13724436491, "key": 0 }, "geometry": { "type": "LineString", "coordinates": [ [ 105.853888, 21.031047 ], [ 105.853888, 21.03107 ], [ 105.853889, 21.031275 ] ] } },
{ "type": "Feature", "properties": { "u": 13724464201, "v": 10584029011, "key": 0 }, "geometry": { "type": "LineString", "coordinates": [ [ 105.853888, 21.031047 ], [ 105.853885, 21.030846 ], [ 105.853883, 21.03082 ], [ 105.853875, 21.030814 ] ] } },
{ "type": "Feature", "properties": { "u": 13724464208, "v": 10584029028, "key": 0 }, "geometry": { "type": "LineString", "coordinates": [ [ 105.853809, 21.030796 ], [ 105.853757, 21.031008 ] ] } },
{ "type": "Feature", "properties": { "u": 13724464208, "v": 10584029011, "key": 0 }, "geometry": { "type": "LineString", "coordinates": [ [ 105.853809, 21.030796 ], [ 105.853867, 21.030809 ], [ 105.853875, 21.030814 ] ] } },
{ "type": "Feature", "properties": { "u": 13724464208, "v": 10584029006, "key": 0 }, "geometry": { "type": "LineString", "coordinates": [ [ 105.853809, 21.030796 ], [ 105.853765, 21.030786 ], [ 105.853739, 21.03078 ], [ 105.853722, 21.030789 ], [ 105.853707, 21.030815 ] ] } },
{ "type": "Feature", "properties": { "u": 13788383350, "v": 13809961796, "key": 0 }, "geometry": { "type": "LineString", "coordinates": [ [ 105.848231, 21.033825 ], [ 105.848062, 21.033808 ] ] } },
{ "type": "Feature", "properties": { "u": 13788383350, "v": 13809978134, "key": 0 }, "geometry": { "type": "LineString", "coordinates": [ [ 105.848231, 21.033825 ], [ 105.848225, 21.03387 ] ] } },
{ "type": "Feature", "properties": { "u": 13809547617, "v": 4023216765, "key": 0 }, "geometry": { "type": "LineString", "coordinates": [ [ 105.849698, 21.032616 ], [ 105.849767, 21.032495 ], [ 105.849795, 21.032447 ], [ 105.849766, 21.032424 ], [ 105.849802, 21.032371 ], [ 105.849644, 21.032251 ], [ 105.849598, 21.032218 ], [ 105.849533, 21.032163 ], [ 105.849342, 21.032034 ], [ 105.848877, 21.031753 ] ] } },
{ "type": "Feature", "properties": { "u": 13809700094, "v": 6658825791, "key": 0 }, "geometry": { "type": "LineString", "coordinates": [ [ 105.846831, 21.031662 ], [ 105.846782, 21.03166 ] ] } },
{ "type": "Feature", "properties": { "u": 13809700094, "v": 6581795464, "key": 0 }, "geometry": { "type": "LineString", "coordinates": [ [ 105.846831, 21.031662 ], [ 105.846884, 21.031721 ], [ 105.84757, 21.0319 ] ] } },
{ "type": "Feature", "properties": { "u": 13809961794, "v": 13809978140, "key": 0 }, "geometry": { "type": "LineString", "coordinates": [ [ 105.848067, 21.033755 ], [ 105.848038, 21.033752 ] ] } },
{ "type": "Feature", "properties": { "u": 13809961794, "v": 13809961796, "key": 0 }, "geometry": { "type": "LineString", "coordinates": [ [ 105.848067, 21.033755 ], [ 105.848062, 21.033808 ] ] } },
{ "type": "Feature", "properties": { "u": 13809961796, "v": 84782082, "key": 0 }, "geometry": { "type": "LineString", "coordinates": [ [ 105.848062, 21.033808 ], [ 105.847946, 21.033796 ] ] } },
{ "type": "Feature", "properties": { "u": 13809961796, "v": 13809978133, "key": 0 }, "geometry": { "type": "LineString", "coordinates": [ [ 105.848062, 21.033808 ], [ 105.848058, 21.033855 ] ] } },
{ "type": "Feature", "properties": { "u": 13809961796, "v": 13809961794, "key": 0 }, "geometry": { "type": "LineString", "coordinates": [ [ 105.848062, 21.033808 ], [ 105.848067, 21.033755 ] ] } },
{ "type": "Feature", "properties": { "u": 13809978133, "v": 13809978134, "key": 0 }, "geometry": { "type": "LineString", "coordinates": [ [ 105.848058, 21.033855 ], [ 105.848225, 21.03387 ] ] } },
{ "type": "Feature", "properties": { "u": 13809978133, "v": 13809961796, "key": 0 }, "geometry": { "type": "LineString", "coordinates": [ [ 105.848058, 21.033855 ], [ 105.848062, 21.033808 ] ] } },
{ "type": "Feature", "properties": { "u": 13809978134, "v": 13788383350, "key": 0 }, "geometry": { "type": "LineString", "coordinates": [ [ 105.848225, 21.03387 ], [ 105.848231, 21.033825 ] ] } },
{ "type": "Feature", "properties": { "u": 13809978134, "v": 13809978133, "key": 0 }, "geometry": { "type": "LineString", "coordinates": [ [ 105.848225, 21.03387 ], [ 105.848058, 21.033855 ] ] } },
{ "type": "Feature", "properties": { "u": 13809978140, "v": 13809961794, "key": 0 }, "geometry": { "type": "LineString", "coordinates": [ [ 105.848038, 21.033752 ], [ 105.848067, 21.033755 ] ] } },
{ "type": "Feature", "properties": { "u": 13842374730, "v": 13842374731, "key": 0 }, "geometry": { "type": "LineString", "coordinates": [ [ 105.857899, 21.032164 ], [ 105.858035, 21.031929 ] ] } },
{ "type": "Feature", "properties": { "u": 13842374731, "v": 6412971620, "key": 0 }, "geometry": { "type": "LineString", "coordinates": [ [ 105.858035, 21.031929 ], [ 105.857932, 21.031892 ] ] } },
{ "type": "Feature", "properties": { "u": 13842374731, "v": 13842374730, "key": 0 }, "geometry": { "type": "LineString", "coordinates": [ [ 105.858035, 21.031929 ], [ 105.857899, 21.032164 ] ] } },
{ "type": "Feature", "properties": { "u": 13859549179, "v": 8173724276, "key": 0 }, "geometry": { "type": "LineString", "coordinates": [ [ 105.851973, 21.023808 ], [ 105.852721, 21.023659 ] ] } },
{ "type": "Feature", "properties": { "u": 13886629281, "v": 13886629282, "key": 0 }, "geometry": { "type": "LineString", "coordinates": [ [ 105.849959, 21.028612 ], [ 105.850106, 21.028249 ] ] } },
{ "type": "Feature", "properties": { "u": 13886629282, "v": 13886629281, "key": 0 }, "geometry": { "type": "LineString", "coordinates": [ [ 105.850106, 21.028249 ], [ 105.849959, 21.028612 ] ] } },
{ "type": "Feature", "properties": { "u": 13886629282, "v": 13886629283, "key": 0 }, "geometry": { "type": "LineString", "coordinates": [ [ 105.850106, 21.028249 ], [ 105.849848, 21.028166 ] ] } },
{ "type": "Feature", "properties": { "u": 13886629282, "v": 13886629284, "key": 0 }, "geometry": { "type": "LineString", "coordinates": [ [ 105.850106, 21.028249 ], [ 105.850154, 21.028134 ] ] } },
{ "type": "Feature", "properties": { "u": 13886629282, "v": 13886629285, "key": 0 }, "geometry": { "type": "LineString", "coordinates": [ [ 105.850106, 21.028249 ], [ 105.850349, 21.028325 ] ] } },
{ "type": "Feature", "properties": { "u": 13886629283, "v": 103010881, "key": 0 }, "geometry": { "type": "LineString", "coordinates": [ [ 105.849848, 21.028166 ], [ 105.849575, 21.028863 ] ] } },
{ "type": "Feature", "properties": { "u": 13886629283, "v": 13886629282, "key": 0 }, "geometry": { "type": "LineString", "coordinates": [ [ 105.849848, 21.028166 ], [ 105.850106, 21.028249 ] ] } },
{ "type": "Feature", "properties": { "u": 13886629284, "v": 13886629282, "key": 0 }, "geometry": { "type": "LineString", "coordinates": [ [ 105.850154, 21.028134 ], [ 105.850106, 21.028249 ] ] } },
{ "type": "Feature", "properties": { "u": 13886629285, "v": 13886629282, "key": 0 }, "geometry": { "type": "LineString", "coordinates": [ [ 105.850349, 21.028325 ], [ 105.850106, 21.028249 ] ] } },
{ "type": "Feature", "properties": { "u": 13886629298, "v": 103010952, "key": 0 }, "geometry": { "type": "LineString", "coordinates": [ [ 105.847769, 21.029863 ], [ 105.84775, 21.029916 ], [ 105.847721, 21.029978 ] ] } },
{ "type": "Feature", "properties": { "u": 13886629298, "v": 8830844250, "key": 0 }, "geometry": { "type": "LineString", "coordinates": [ [ 105.847769, 21.029863 ], [ 105.847669, 21.029818 ], [ 105.847294, 21.029649 ], [ 105.847272, 21.02939 ] ] } },
{ "type": "Feature", "properties": { "u": 13976546146, "v": 13976546159, "key": 0 }, "geometry": { "type": "LineString", "coordinates": [ [ 105.852836, 21.025538 ], [ 105.852784, 21.025555 ] ] } },
{ "type": "Feature", "properties": { "u": 13976546146, "v": 8176640945, "key": 0 }, "geometry": { "type": "LineString", "coordinates": [ [ 105.852836, 21.025538 ], [ 105.853025, 21.025483 ] ] } },
{ "type": "Feature", "properties": { "u": 13976546146, "v": 13976546147, "key": 0 }, "geometry": { "type": "LineString", "coordinates": [ [ 105.852836, 21.025538 ], [ 105.852775, 21.025336 ], [ 105.852745, 21.025239 ] ] } },
{ "type": "Feature", "properties": { "u": 13976546147, "v": 13976546146, "key": 0 }, "geometry": { "type": "LineString", "coordinates": [ [ 105.852745, 21.025239 ], [ 105.852775, 21.025336 ], [ 105.852836, 21.025538 ] ] } },
{ "type": "Feature", "properties": { "u": 13976546159, "v": 12713005342, "key": 0 }, "geometry": { "type": "LineString", "coordinates": [ [ 105.852784, 21.025555 ], [ 105.85229, 21.0257 ] ] } },
{ "type": "Feature", "properties": { "u": 13976546159, "v": 13976546146, "key": 0 }, "geometry": { "type": "LineString", "coordinates": [ [ 105.852784, 21.025555 ], [ 105.852836, 21.025538 ] ] } },
{ "type": "Feature", "properties": { "u": 13976546159, "v": 13976546160, "key": 0 }, "geometry": { "type": "LineString", "coordinates": [ [ 105.852784, 21.025555 ], [ 105.852716, 21.025334 ], [ 105.852579, 21.025214 ], [ 105.852508, 21.025143 ], [ 105.852347, 21.025035 ] ] } },
{ "type": "Feature", "properties": { "u": 13976546160, "v": 13976546159, "key": 0 }, "geometry": { "type": "LineString", "coordinates": [ [ 105.852347, 21.025035 ], [ 105.852508, 21.025143 ], [ 105.852579, 21.025214 ], [ 105.852716, 21.025334 ], [ 105.852784, 21.025555 ] ] } },
{ "type": "Feature", "properties": { "u": 13976546165, "v": 8184606184, "key": 0 }, "geometry": { "type": "LineString", "coordinates": [ [ 105.854523, 21.02502 ], [ 105.854981, 21.024887 ] ] } },
{ "type": "Feature", "properties": { "u": 13976546165, "v": 8184606178, "key": 0 }, "geometry": { "type": "LineString", "coordinates": [ [ 105.854523, 21.02502 ], [ 105.854294, 21.025087 ] ] } },
{ "type": "Feature", "properties": { "u": 13976546165, "v": 13976546171, "key": 0 }, "geometry": { "type": "LineString", "coordinates": [ [ 105.854523, 21.02502 ], [ 105.854376, 21.024514 ], [ 105.854373, 21.024348 ] ] } },
{ "type": "Feature", "properties": { "u": 13976546166, "v": 13976546169, "key": 0 }, "geometry": { "type": "LineString", "coordinates": [ [ 105.853759, 21.024625 ], [ 105.853853, 21.024778 ], [ 105.853982, 21.024771 ], [ 105.854095, 21.025139 ] ] } },
{ "type": "Feature", "properties": { "u": 13976546169, "v": 8184606178, "key": 0 }, "geometry": { "type": "LineString", "coordinates": [ [ 105.854095, 21.025139 ], [ 105.854294, 21.025087 ] ] } },
{ "type": "Feature", "properties": { "u": 13976546169, "v": 8178544878, "key": 0 }, "geometry": { "type": "LineString", "coordinates": [ [ 105.854095, 21.025139 ], [ 105.853397, 21.025346 ] ] } },
{ "type": "Feature", "properties": { "u": 13976546169, "v": 13976546166, "key": 0 }, "geometry": { "type": "LineString", "coordinates": [ [ 105.854095, 21.025139 ], [ 105.853982, 21.024771 ], [ 105.853853, 21.024778 ], [ 105.853759, 21.024625 ] ] } },
{ "type": "Feature", "properties": { "u": 13976546171, "v": 13976546165, "key": 0 }, "geometry": { "type": "LineString", "coordinates": [ [ 105.854373, 21.024348 ], [ 105.854376, 21.024514 ], [ 105.854523, 21.02502 ] ] } },
{ "type": "Feature", "properties": { "u": 13979637059, "v": 13979637062, "key": 0 }, "geometry": { "type": "LineString", "coordinates": [ [ 105.850373, 21.025914 ], [ 105.850413, 21.026024 ], [ 105.850531, 21.026052 ], [ 105.850573, 21.026188 ] ] } },
{ "type": "Feature", "properties": { "u": 13979637062, "v": 13979637066, "key": 0 }, "geometry": { "type": "LineString", "coordinates": [ [ 105.850573, 21.026188 ], [ 105.850763, 21.026133 ] ] } },
{ "type": "Feature", "properties": { "u": 13979637062, "v": 8176640957, "key": 0 }, "geometry": { "type": "LineString", "coordinates": [ [ 105.850573, 21.026188 ], [ 105.850205, 21.026303 ], [ 105.850188, 21.026302 ] ] } },
{ "type": "Feature", "properties": { "u": 13979637062, "v": 13979637059, "key": 0 }, "geometry": { "type": "LineString", "coordinates": [ [ 105.850573, 21.026188 ], [ 105.850531, 21.026052 ], [ 105.850413, 21.026024 ], [ 105.850373, 21.025914 ] ] } },
{ "type": "Feature", "properties": { "u": 13979637063, "v": 13979637064, "key": 0 }, "geometry": { "type": "LineString", "coordinates": [ [ 105.85072, 21.025982 ], [ 105.850612, 21.026011 ] ] } },
{ "type": "Feature", "properties": { "u": 13979637063, "v": 13979637065, "key": 0 }, "geometry": { "type": "LineString", "coordinates": [ [ 105.85072, 21.025982 ], [ 105.850759, 21.025971 ] ] } },
{ "type": "Feature", "properties": { "u": 13979637063, "v": 13979637066, "key": 0 }, "geometry": { "type": "LineString", "coordinates": [ [ 105.85072, 21.025982 ], [ 105.850763, 21.026133 ] ] } },
{ "type": "Feature", "properties": { "u": 13979637064, "v": 13979637063, "key": 0 }, "geometry": { "type": "LineString", "coordinates": [ [ 105.850612, 21.026011 ], [ 105.85072, 21.025982 ] ] } },
{ "type": "Feature", "properties": { "u": 13979637065, "v": 13979637063, "key": 0 }, "geometry": { "type": "LineString", "coordinates": [ [ 105.850759, 21.025971 ], [ 105.85072, 21.025982 ] ] } },
{ "type": "Feature", "properties": { "u": 13979637066, "v": 13979637062, "key": 0 }, "geometry": { "type": "LineString", "coordinates": [ [ 105.850763, 21.026133 ], [ 105.850573, 21.026188 ] ] } },
{ "type": "Feature", "properties": { "u": 13979637066, "v": 8176640956, "key": 0 }, "geometry": { "type": "LineString", "coordinates": [ [ 105.850763, 21.026133 ], [ 105.851452, 21.025949 ] ] } },
{ "type": "Feature", "properties": { "u": 13979637066, "v": 13979637063, "key": 0 }, "geometry": { "type": "LineString", "coordinates": [ [ 105.850763, 21.026133 ], [ 105.85072, 21.025982 ] ] } }
]
}
